MstrRecNbrTxt,CollisionDate,CollisionDteTime,YearNmb,Month,DayOfWeek,Hour,Latitude,Longitude,InjuryClass,PersonType,NonMotoristLocation,RelationToJunction,LightCondition,MannerOfCollision,FirstHarmfulEvent,VictimsInCrash,InMemphis,StateRoute_NAME,StateRoute_F_System,StateRoute_SPDLIMIT,StateRoute_LANES,StateRoute_ALTNAME_1,StateRoute_Council_District,DistToStateRoute_m,Street_Name,DistToStreet_m,Street_SPDLIMIT,Street_LANES,Street_ONEWAY,Street_CITY_L,Street_COUNTY_L,Seg_OBJECTID,DistToSeg_m,Ownership,Rule_Fired,Classification_Basis,Matched_Street,is_limited_access,is_override,is_corner_case,Jurisdiction_prev,at_intersection,intersection_node_id,nearest_ped_signal_m,is_ambiguous_intersection,intersection_signalized
301005169,2025-03-07,2025-03-07 01:20:00,2025,3,Friday,1,35.052296,-89.979454,Possible Injury,Pedestrian,Intersection-On Roadway Crosswalk Not Available,Intersection-Related,Dark-Not Lighted,Not Collision with Motor Vehicle in Transport,Pedestrian,1,True,,,,,,,3469.749154656956,WINCHESTER RD TO CARGO RD,1.1986279010331786,30.0,1,FT,MEMPHIS,SHELBY,36341,1.1986279025276332,Interstate ramp (TDOT),interstate_ramp,interstate ramp: MTFCC S1630,WINCHESTER RD TO CARGO RD,True,False,False,Interstate ramp,True,,116.4,True,no_signal_coverage
301026707,2025-07-03,2025-07-03 21:25:00,2025,7,Thursday,21,35.0522,-89.94639,Suspected Serious Injury,Pedestrian,Not Intersection-On Roadway Not In Crosswalk,Non-Junction,Dark-Lighted,Not Collision with Motor Vehicle in Transport,Pedestrian,1,True,,,,,,,1128.124807480299,WINCHESTER RD,4.941273189267042,45.0,7,B,MEMPHIS,SHELBY,49325,4.941273192089705,City of Memphis,city_residual,city: no state-route overlap,WINCHESTER RD,False,False,False,City of Memphis,False,,255.3,False,
301001664,2025-02-15,2025-02-15 00:50:00,2025,2,Saturday,0,35.06073,-89.866005,Possible Injury,Pedestrian,Not Intersection-On Roadway Not In Crosswalk,Non-Junction,Dark-Lighted,Not Collision with Motor Vehicle in Transport,Pedestrian,1,True,,,,,,,1500.3847385618446,KNIGHT ARNOLD RD,0.2268629852017405,40.0,4,B,MEMPHIS,SHELBY,49451,0.2268629852342925,City of Memphis,city_residual,city: no state-route overlap,KNIGHT ARNOLD RD,False,False,False,City of Memphis,False,15775,48.9,True,
300999934,2025-02-04,2025-02-04 23:35:00,2025,2,Tuesday,23,35.205753,-89.91397,No Injury,Pedestrian,Not Intersection-Outside Traffic,Intersection-Related,Dark-Lighted,Angle,Other,1,True,STAGE RD,Principal Arterial,45.0,6.0,15,1.0,13.79133993705458,COLEMAN RD,7.898357321714847,45.0,7,B,MEMPHIS,SHELBY,74855,7.898357321240484,City of Memphis,city_residual,city: no state-route overlap,COLEMAN RD,False,False,False,City of Memphis,False,7525,9.5,True,
301025827,2025-06-29,2025-06-29 00:00:00,2025,6,Sunday,99,35.0345,-89.84046,No Injury,Pedestrian,Not Intersection-Unknown,Unknown,Unknown,Not Collision with Motor Vehicle in Transport,Other,1,True,,,,,,,1561.0825967540554,E RAINES RD,49.40870318982282,40.0,7,B,MEMPHIS,SHELBY,71460,49.40870319069698,City of Memphis,city_residual,city: no state-route overlap,E RAINES RD,False,False,False,City of Memphis,False,,813.1,False,
300999267,2025-01-30,2025-01-30 14:40:00,2025,1,Thursday,14,35.13462,-90.02075,Possible Injury,Pedestrian,Intersection-In Crosswalk,Intersection,Daylight,Not Collision with Motor Vehicle in Transport,Pedestrian,1,True,S BELLEVUE BLVD,Major Collector,35.0,4.0,3,6.0,0.0906114836235949,LINDEN AVE,0.3029195387586406,30.0,2,B,MEMPHIS,SHELBY,3725,0.3029195373425973,City of Memphis,city_residual,city: no state-route overlap,LINDEN AVE,False,False,True,City of Memphis,True,18441,302.7,False,no_signal_coverage
301016140,2025-05-05,2025-05-05 18:35:00,2025,5,Monday,18,35.03551,-90.02517,Possible Injury,Pedestrian,Not Intersection-On Roadway Crosswalk not Available,Unknown,Dawn,Not Collision with Motor Vehicle in Transport,Pedestrian,1,True,ELVIS PRESLEY BLVD,Principal Arterial,40.0,5.0,3,6.0,0.5932141048640416,E RAINES RD,0.1957589081008595,40.0,5,B,MEMPHIS,SHELBY,52714,0.1957589082351039,City of Memphis,city_residual,city: no state-route overlap,E RAINES RD,False,False,False,City of Memphis,False,11125,16.0,True,
301011740,2025-04-11,2025-04-11 19:10:00,2025,4,Friday,19,35.179314,-89.9764,Suspected Serious Injury,Pedestrian,Intersection-On Roadway not in Crosswalk,Non-Junction,Daylight,Not Collision with Motor Vehicle in Transport,Pedestrian,1,True,,,,,,,2363.8362643834266,OAKWOOD ST,4.774331576975451,30.0,2,B,MEMPHIS,SHELBY,81786,4.774331576994918,City of Memphis,city_residual,city: no state-route overlap,OAKWOOD ST,False,False,False,City of Memphis,True,,1177.7,True,no_signal_coverage
301011257,2025-04-09,2025-04-09 07:35:00,2025,4,Wednesday,7,35.1311,-90.022545,Suspected Minor Injury,Pedestrian,Intersection-In Crosswalk,Intersection,Daylight,Not Collision with Motor Vehicle in Transport,Pedestrian,1,True,,,,,,,137.61027241029717,S WALDRAN BLVD,60.5697204316632,30.0,2,B,MEMPHIS,SHELBY,7943,60.56972043167107,City of Memphis,city_residual,city: no state-route overlap,S WALDRAN BLVD,False,False,False,City of Memphis,True,,180.5,True,no_signal_coverage
301009405,2025-03-30,2025-03-30 21:10:00,2025,3,Sunday,21,35.139824,-90.00475,Suspected Serious Injury,Pedestrian,Intersection-On Roadway Crosswalk Not Available,Non-Junction,Dark-Lighted,Not Collision with Motor Vehicle in Transport,Other,1,True,,,,,,,451.2615274084136,N BELVEDERE BLVD,0.1263699892485159,35.0,2,B,MEMPHIS,SHELBY,8242,0.1263699890844987,City of Memphis,city_residual,city: no state-route overlap,N BELVEDERE BLVD,False,False,False,City of Memphis,True,2989,344.5,False,no
301022225,2025-06-08,2025-06-08 00:10:00,2025,6,Sunday,0,35.10456,-90.0107,Possible Injury,Pedestrian,Intersection-Not on Roadway,OtherLocation,Dark-Not Lighted,Not Collision with Motor Vehicle in Transport,Pedestrian,1,True,,,,,,,847.205791872614,ETHLYN AVE,0.2705901367621589,30.0,2,B,MEMPHIS,SHELBY,5209,0.2705901339723788,City of Memphis,city_residual,city: no state-route overlap,ETHLYN AVE,False,False,False,City of Memphis,True,12266,872.2,False,no_signal_coverage
301018637,2025-05-14,2025-05-14 20:00:00,2025,5,Wednesday,20,35.137676,-90.0116,Possible Injury,Pedestrian,Intersection-In Crosswalk,AccelDecelLane,Dusk,Not Collision with Motor Vehicle in Transport,Pedestrian,1,True,,,,,,,143.25878622589076,MONROE AVE,31.561117645980616,30.0,2,B,MEMPHIS,SHELBY,3892,31.56111764576427,City of Memphis,city_residual,city: no state-route overlap,MONROE AVE,False,False,False,City of Memphis,True,,154.9,True,no_signal_coverage
301027592,2025-07-09,2025-07-09 23:37:00,2025,7,Wednesday,23,35.064884,-89.93243,Suspected Serious Injury,Pedestrian,Not Intersection-On Roadway Not In Crosswalk,Intersection-Related,Dark-Lighted,Not Collision with Motor Vehicle in Transport,Pedestrian,2,True,NEW GETWELL RD,Principal Arterial,40.0,2.0,176,3.0,0.3183575722021206,GETWELL RD,0.0186755769238648,40.0,2,FT,MEMPHIS,SHELBY,47309,0.0186755769238648,TDOT state route,state_route_overlap,"state route: 100% overlap, name=GETWELL",GETWELL RD,False,False,False,TDOT state route,False,13941,36.6,True,
301009842,2025-04-01,2025-04-01 11:00:00,2025,4,Tuesday,11,35.05478,-89.91401,Possible Injury,Pedestrian,Not Intersection-On Roadway Crosswalk not Available,Non-Junction,Daylight,Not Collision with Motor Vehicle in Transport,Pedestrian,1,True,,,,,,,1005.2394849856254,BARBWOOD DR,18.347712738785187,30.0,2,B,MEMPHIS,SHELBY,26043,18.34771273881655,City of Memphis,city_residual,city: no state-route overlap,BARBWOOD DR,False,False,False,City of Memphis,False,,489.5,False,
301001578,2025-02-13,2025-02-13 06:50:00,2025,2,Thursday,6,35.039467,-90.06915,Possible Injury,Pedestrian,Not Intersection-On Roadway Not In Crosswalk,Intersection-Related,Daylight,Not Collision with Motor Vehicle in Transport,Pedestrian,1,True,S THIRD ST,Principal Arterial,45.0,7.0,14,6.0,2.800904364891279,S THIRD ST,0.3236580454831363,45.0,7,B,MEMPHIS,SHELBY,46471,0.3236580454831578,TDOT state route,state_route_overlap,"state route: 100% overlap, name=S THIRD",S THIRD ST,False,False,False,TDOT state route,False,16159,16.5,True,
301011558,2025-04-10,2025-04-10 15:12:00,2025,4,Thursday,15,35.157127,-90.04804,Possible Injury,Pedestrian,Intersection-In Crosswalk,AccelDecelLane,Daylight,Not Collision with Motor Vehicle in Transport,Pedestrian,1,True,,,,,,,120.4326820417574,N MAIN ST,0.3002383890846378,35.0,3,B,MEMPHIS,SHELBY,80561,0.3002383890846378,City of Memphis,city_residual,city: no state-route overlap,N MAIN ST,False,False,False,City of Memphis,True,24,113.1,False,no
300996974,2025-01-17,2025-01-17 18:53:00,2025,1,Friday,18,35.065533,-89.82501,Possible Injury,Pedestrian,Intersection-On Roadway not in Crosswalk,Intersection,Dark-Lighted,Not Collision with Motor Vehicle in Transport,Pedestrian,1,True,,,,,,,1135.260007437127,RIVERDALE RD,8.698904545510997,40.0,2,B,MEMPHIS,SHELBY,69795,8.698904545397001,City of Memphis,city_residual,city: no state-route overlap,RIVERDALE RD,False,False,False,City of Memphis,True,8468,1158.4,False,no
301011322,2025-04-09,2025-04-09 15:15:00,2025,4,Wednesday,15,35.144215,-90.02126,Possible Injury,Pedestrian,Intersection-Unknown,Intersection,Daylight,Not Collision with Motor Vehicle in Transport,Pedestrian,1,True,,,,,,,756.9176690601075,POPLAR AVE,28.11522487109284,40.0,7,B,MEMPHIS,SHELBY,50390,28.115224872262715,City of Memphis,city_residual,city: no state-route overlap,POPLAR AVE,False,False,False,City of Memphis,True,,36.5,True,no_signal_coverage
301001080,2025-02-11,2025-02-11 12:30:00,2025,2,Tuesday,12,35.139027,-89.97891,Suspected Serious Injury,Pedestrian,Intersection-On Roadway not in Crosswalk,Intersection,Daylight,Not Collision with Motor Vehicle in Transport,Pedestrian,1,True,POPLAR AVE,Principal Arterial,40.0,6.0,57,5.0,4.266583996376369,POPLAR AVE,0.1046926572408211,40.0,7,B,MEMPHIS,SHELBY,46881,0.1046926572408211,TDOT state route,state_route_overlap,"state route: 100% overlap, name=POPLAR",POPLAR AVE,False,False,False,TDOT state route,True,20378,17.8,False,yes
300998193,2025-01-25,2025-01-25 06:47:00,2025,1,Saturday,6,35.05477,-89.89505,No Injury,Pedestrian,Not Intersection-Outside Traffic,Non-Junction,Dawn,Not Collision with Motor Vehicle in Transport,Other,1,True,,,,,,,2479.9964938074586,CEDRICK AVE,22.80838229834989,30.0,2,B,MEMPHIS,SHELBY,2224,22.808382297507865,City of Memphis,city_residual,city: no state-route overlap,CEDRICK AVE,False,False,False,City of Memphis,False,,468.2,False,
301025676,2025-06-27,2025-06-27 23:45:00,2025,6,Friday,23,35.018764,-90.00756,Possible Injury,Pedestrian,Not Intersection-Bike Path,Unknown,Dark-Lighted,Not Collision with Motor Vehicle in Transport,Pedestrian,1,True,,,,,,,255.47418351003947,MILLBRANCH RD,0.3718031335336355,40.0,5,B,MEMPHIS,SHELBY,49767,0.3718031335336186,City of Memphis,city_residual,city: no state-route overlap,MILLBRANCH RD,False,False,False,City of Memphis,False,17691,234.7,True,
301020628,2025-05-29,2025-05-29 01:13:00,2025,5,Thursday,1,35.09949,-89.86322,Possible Injury,Pedestrian,Intersection-On Roadway Crosswalk availability Unknown,Intersection,Dark-Lighted,Not Collision with Motor Vehicle in Transport,Pedestrian,1,True,,,,,,,324.5006634383208,PARK AVE,51.609296649047664,40.0,4,B,MEMPHIS,SHELBY,53655,51.609296648218525,City of Memphis,city_residual,city: no state-route overlap,PARK AVE,False,False,False,City of Memphis,True,,322.9,True,no_signal_coverage
301009493,2025-03-31,2025-03-31 12:13:00,2025,3,Monday,12,35.205284,-89.92359,Suspected Serious Injury,Pedestrian,Not Intersection-Other Not On Roadway,Non-Junction,Daylight,Not Collision with Motor Vehicle in Transport,Pedestrian,2,True,AUSTIN PEAY HWY,Principal Arterial,50.0,3.0,14,7.0,16.244194499640074,AUSTIN PEAY HWY TO JAMES RD,0.0625633620203332,45.0,1,FT,MEMPHIS,SHELBY,36476,0.0625633620194714,Interstate ramp (TDOT),interstate_ramp,interstate ramp: MTFCC S1630,AUSTIN PEAY HWY TO JAMES RD,True,False,False,Interstate ramp,False,1711,32.6,True,
301006447,2025-03-14,2025-03-14 23:40:00,2025,3,Friday,23,35.089504,-90.0245,Possible Injury,Pedestrian,Not Intersection-On Roadway Not In Crosswalk,Non-Junction,Dark-Lighted,Not Collision with Motor Vehicle in Transport,Pedestrian,1,True,,,,,,,567.4474041994783,HERNANDO RD,37.48217695086994,35.0,2,B,MEMPHIS,SHELBY,76611,37.48217695083377,City of Memphis,city_residual,city: no state-route overlap,HERNANDO RD,False,False,False,City of Memphis,False,,687.6,False,
301009722,2025-04-01,2025-04-01 13:35:00,2025,4,Tuesday,13,35.10955,-90.02173,Suspected Serious Injury,Pedestrian,Intersection-In Crosswalk,Non-Junction,Daylight,Not Collision with Motor Vehicle in Transport,Pedestrian,1,True,ELVIS PRESLEY BLVD,Minor Arterial,35.0,5.0,3,4.0,0.6981912919484328,S PARKWAY E,0.1543433682245184,35.0,5,B,MEMPHIS,SHELBY,53274,0.1543433653976569,City of Memphis,city_residual,city: no state-route overlap,S PARKWAY E,False,False,False,City of Memphis,True,12037,296.9,False,no
301002860,2025-02-22,2025-02-22 18:40:00,2025,2,Saturday,18,35.049618,-89.86694,Possible Injury,Pedestrian,Intersection-On Roadway not in Crosswalk,AccelDecelLane,Dark-Lighted,Not Collision with Motor Vehicle in Transport,Pedestrian,1,True,,,,,,,2607.47604869776,WINCHESTER RD,49.52857661424613,45.0,7,B,MEMPHIS,SHELBY,49448,49.52857661424613,City of Memphis,city_residual,city: no state-route overlap,WINCHESTER RD,False,False,False,City of Memphis,True,,43.5,True,no_signal_coverage
301013768,2025-04-22,2025-04-22 15:15:00,2025,4,Tuesday,15,35.13617,-90.00993,Possible Injury,Pedestrian,Not Intersection-Unknown,"Driveway, Alley Access, etc",Daylight,Not Collision with Motor Vehicle in Transport,Pedestrian,1,True,UNION AVE,Principal Arterial,35.0,6.0,23,5.0,4.907974619774385,UNION AVE,0.3141115812151286,35.0,6,B,MEMPHIS,SHELBY,46786,0.3141115783892549,TDOT state route,state_route_overlap,"state route: 100% overlap, name=UNION",UNION AVE,False,False,False,TDOT state route,False,,219.1,False,
301007603,2025-03-21,2025-03-21 08:15:00,2025,3,Friday,8,35.1287,-89.94882,Possible Injury,Pedestrian,Intersection-On Roadway not in Crosswalk,OtherLocation,Daylight,Not Collision with Motor Vehicle in Transport,Pedestrian,1,True,POPLAR AVE,Principal Arterial,40.0,7.0,57,5.0,4.918306560119413,POPLAR AVE,0.5472754278858034,40.0,7,B,MEMPHIS,SHELBY,47046,0.5472754292365765,TDOT state route,state_route_overlap,"state route: 100% overlap, name=POPLAR",POPLAR AVE,False,False,False,TDOT state route,True,22401,13.6,False,yes
301005732,2025-03-10,2025-03-10 18:45:00,2025,3,Monday,18,35.054394,-90.0202,Possible Injury,Pedestrian,Not Intersection-On Roadway Crosswalk not Available,Intersection-Related,Daylight,Not Collision with Motor Vehicle in Transport,Pedestrian,1,True,,,,,,,436.2641357168398,W DOVE CREEK CIR,12.758642508386808,30.0,2,B,MEMPHIS,SHELBY,9786,12.758642508371391,City of Memphis,city_residual,city: no state-route overlap,W DOVE CREEK CIR,False,False,False,City of Memphis,False,22605,419.6,True,
301003303,2025-02-25,2025-02-25 00:00:00,2025,2,Tuesday,99,35.10729,-90.032906,Possible Injury,Pedestrian,Intersection-Not on Roadway,Intersection,Dark-Lighted,Not Collision with Motor Vehicle in Transport,Pedestrian,1,True,,,,,,,1046.9713643441094,KERR AVE,21.293511688652504,35.0,2,B,MEMPHIS,SHELBY,5031,21.293511688837032,City of Memphis,city_residual,city: no state-route overlap,KERR AVE,False,False,False,City of Memphis,True,7144,332.4,False,no
301008510,2025-03-26,2025-03-26 13:20:00,2025,3,Wednesday,13,35.119232,-89.971664,Possible Injury,Pedestrian,Not Intersection-On Roadway Crosswalk not Available,AccelDecelLane,Daylight,Not Collision with Motor Vehicle in Transport,Pedestrian,1,True,,,,,,,1159.4111902160614,BUNTYN ST,3.531566855849921,30.0,2,B,MEMPHIS,SHELBY,82679,3.531566855849921,City of Memphis,city_residual,city: no state-route overlap,BUNTYN ST,False,False,False,City of Memphis,False,,1143.7,False,
300977591,2024-09-29,2024-09-29 13:20:00,2024,9,Sunday,13,35.107944,-89.98516,Suspected Serious Injury,Pedestrian,Not Intersection-On Roadway Not In Crosswalk,Non-Junction,Daylight,Not Collision with Motor Vehicle in Transport,Pedestrian,1,True,AIRWAYS BLVD,Principal Arterial,35.0,5.0,277,4.0,20.152298546410584,AIRWAYS BLVD,20.612437220133057,35.0,5,B,MEMPHIS,SHELBY,46989,20.612437220133057,TDOT state route,state_route_overlap,"state route: 100% overlap, name=AIRWAYS",AIRWAYS BLVD,False,False,False,TDOT state route,False,302,71.0,True,
301024918,2025-06-23,2025-06-23 22:22:00,2025,6,Monday,22,35.08624,-90.041306,Possible Injury,Pedestrian,Not Intersection-On Roadway Crosswalk not Available,AccelDecelLane,Dark-Lighted,Not Collision with Motor Vehicle in Transport,Pedestrian,3,True,,,,,,,1408.7839641868532,E MALLORY AVE,1.0816921311775636,40.0,4,B,MEMPHIS,SHELBY,50872,1.0816921322872777,City of Memphis,city_residual,city: no state-route overlap,E MALLORY AVE,False,False,False,City of Memphis,False,,1395.0,False,
301005664,2025-03-10,2025-03-10 10:30:00,2025,3,Monday,10,35.108543,-89.9849,Suspected Serious Injury,Pedestrian,Intersection-In Crosswalk,Intersection,Daylight,Not Collision with Motor Vehicle in Transport,Pedestrian,1,True,AIRWAYS BLVD,Principal Arterial,35.0,5.0,277,4.0,0.1734692188347735,PARK AVE,0.0757729478740161,35.0,5,B,MEMPHIS,SHELBY,51016,0.075772947862953,City of Memphis,city_residual,city: no state-route overlap,PARK AVE,False,False,True,City of Memphis,True,301,0.9,False,yes
301022850,2025-06-11,2025-06-11 17:20:00,2025,6,Wednesday,17,35.05005,-89.86638,Possible Injury,Pedestrian,Not Intersection-On Roadway Not In Crosswalk,Non-Junction,Daylight,Not Collision with Motor Vehicle in Transport,Pedestrian,1,True,,,,,,,2541.8172424614736,WINCHESTER RD,0.0975908332706381,45.0,7,B,MEMPHIS,SHELBY,49448,0.0975908332706381,City of Memphis,city_residual,city: no state-route overlap,WINCHESTER RD,False,False,False,City of Memphis,False,15771,26.5,True,
301011364,2025-04-09,2025-04-09 16:21:00,2025,4,Wednesday,16,35.135357,-90.00172,Possible Injury,Pedestrian,Not Intersection-On Roadway Not In Crosswalk,AccelDecelLane,Daylight,Not Collision with Motor Vehicle in Transport,Pedestrian,1,True,UNION AVE,Principal Arterial,35.0,6.0,23,5.0,4.778267058861107,UNION AVE,0.1900824023822097,35.0,6,B,MEMPHIS,SHELBY,46814,0.1900824023988432,TDOT state route,state_route_overlap,"state route: 100% overlap, name=UNION",UNION AVE,False,False,False,TDOT state route,False,23578,150.5,True,
300976338,2024-09-21,2024-09-21 00:55:00,2024,9,Saturday,0,35.12391,-89.9715,Suspected Serious Injury,Pedestrian,Intersection-On Roadway Crosswalk Not Available,Non-Junction,Dark-Not Lighted,Not Collision with Motor Vehicle in Transport,Pedestrian,1,True,,,,,,,1032.1325565944476,CENTRAL AVE,0.4010141128352121,40.0,4,B,MEMPHIS,SHELBY,51054,0.4010141128736794,City of Memphis,city_residual,city: no state-route overlap,CENTRAL AVE,False,False,False,City of Memphis,True,5143,1150.2,False,no
301022687,2025-06-10,2025-06-10 15:47:00,2025,6,Tuesday,15,35.143394,-90.047226,Possible Injury,Pedestrian,Intersection-Not on Roadway,Intersection,Daylight,Not Collision with Motor Vehicle in Transport,Other,1,True,,,,,,,194.7213822539971,FLOYD ALY,25.747871787539385,30.0,2,B,MEMPHIS,SHELBY,63,25.7478717863337,City of Memphis,city_residual,city: no state-route overlap,FLOYD ALY,False,False,False,City of Memphis,True,,229.0,True,no_signal_coverage
301024810,2025-06-23,2025-06-23 12:45:00,2025,6,Monday,12,35.07397,-89.90588,Possible Injury,Pedestrian,Intersection-In Crosswalk,Intersection,Daylight,Not Collision with Motor Vehicle in Transport,Pedestrian,1,True,,,,,,,2353.13192062428,AMERICAN WAY,0.1306906502451434,45.0,6,B,MEMPHIS,SHELBY,49363,0.1306906502451434,City of Memphis,city_residual,city: no state-route overlap,AMERICAN WAY,False,False,False,City of Memphis,True,792,420.7,False,no
301029574,2025-07-21,2025-07-21 17:00:00,2025,7,Monday,17,35.15186,-89.900986,Possible Injury,Pedestrian,Not Intersection-On Roadway Not In Crosswalk,Non-Junction,Daylight,Not Collision with Motor Vehicle in Transport,Pedestrian,1,True,,,,,,,361.11849440214,BOWEN AVE,24.31425379546304,30.0,2,B,MEMPHIS,SHELBY,6841,24.31425379546304,City of Memphis,city_residual,city: no state-route overlap,BOWEN AVE,False,False,False,City of Memphis,False,,445.7,False,
300996295,2025-01-13,2025-01-13 16:45:00,2025,1,Monday,16,35.069546,-89.856255,Possible Injury,Pedestrian,Not Intersection-On Roadway Not In Crosswalk,AccelDecelLane,Daylight,Not Collision with Motor Vehicle in Transport,Pedestrian,1,True,,,,,,,197.1610064939981,MOUNT MORIAH ROAD EXT,0.5150462874368161,45.0,5,B,MEMPHIS,SHELBY,52249,0.5150462874368161,City of Memphis,city_residual,city: no state-route overlap,MOUNT MORIAH ROAD EXT,False,False,False,City of Memphis,False,20276,705.9,True,
300971896,2024-08-23,2024-08-23 21:00:00,2024,8,Friday,21,35.061012,-90.075745,Possible Injury,Pedestrian,Not Intersection-Outside Traffic,AccelDecelLane,Dawn,Not Collision with Motor Vehicle in Transport,Pedestrian,1,True,,,,,,,1484.147323916442,ROCHESTER RD,24.00503086430093,30.0,2,B,MEMPHIS,SHELBY,71973,24.005030864702647,City of Memphis,city_residual,city: no state-route overlap,ROCHESTER RD,False,False,False,City of Memphis,False,,1507.9,False,
301009898,2025-03-30,2025-03-30 20:18:00,2025,3,Sunday,20,35.0765,-89.939,Suspected Serious Injury,Pedestrian,Not Intersection-On Roadway Not In Crosswalk,Non-Junction,Dark-Lighted,Not Collision with Motor Vehicle in Transport,Pedestrian,3,True,,,,,,,680.4311569072587,AMERICAN WAY,26.04424120713516,45.0,7,B,MEMPHIS,SHELBY,52402,26.044241204522567,City of Memphis,city_residual,city: no state-route overlap,AMERICAN WAY,False,False,False,City of Memphis,False,,664.4,False,
301000130,2025-02-05,2025-02-05 20:29:00,2025,2,Wednesday,20,35.049057,-89.82714,Suspected Serious Injury,Pedestrian,Not Intersection-On Roadway Not In Crosswalk,Intersection-Related,Dark-Lighted,Not Collision with Motor Vehicle in Transport,Pedestrian,1,True,,,,,,,435.9155524385191,WINCHESTER RD,0.0434110418888271,45.0,7,B,MEMPHIS,SHELBY,51970,0.0434110432949584,City of Memphis,city_residual,city: no state-route overlap,WINCHESTER RD,False,False,False,City of Memphis,False,19035,19.8,True,
301008678,2025-03-11,2025-03-11 06:50:00,2025,3,Tuesday,6,35.128635,-90.02108,No Injury,Pedestrian,Not Intersection-On Roadway Crosswalk Availability Unknown,Intersection-Related,Dusk,Not Collision with Motor Vehicle in Transport,Pedestrian,1,True,S BELLEVUE BLVD,Minor Arterial,35.0,4.0,3,6.0,0.181509057969613,S BELLEVUE BLVD,0.2590154796746893,35.0,4,B,MEMPHIS,SHELBY,46750,0.259015479628603,TDOT state route,state_route_overlap,"state route: 100% overlap, name=S BELLEVUE",S BELLEVUE BLVD,False,False,False,TDOT state route,False,17995,155.7,True,
301022059,2025-05-31,2025-05-31 23:49:00,2025,5,Saturday,23,35.061422,-90.059311,Suspected Minor Injury,Pedestrian,Not Intersection-On Roadway Crosswalk not Available,Non-Junction,Dark-Lighted,Not Collision with Motor Vehicle in Transport,Pedestrian,1,True,S THIRD ST,Principal Arterial,45.0,7.0,14,6.0,6.488479262413477,S THIRD ST,5.873055442844919,45.0,7,B,MEMPHIS,SHELBY,46474,5.873055442844919,TDOT state route,state_route_overlap,"state route: 100% overlap, name=S THIRD",S THIRD ST,False,False,False,TDOT state route,False,10297,187.1,True,
301026773,2025-07-04,2025-07-04 15:34:00,2025,7,Friday,15,35.182423,-89.8719,Possible Injury,Pedestrian,Intersection-In Crosswalk,Intersection,Daylight,Not Collision with Motor Vehicle in Transport,Pedestrian,1,True,,,,,,,980.4024771222332,SYCAMORE VIEW RD,48.77659403567011,45.0,4,B,MEMPHIS,SHELBY,53224,48.77659403567011,City of Memphis,city_residual,city: no state-route overlap,SYCAMORE VIEW RD,False,False,False,City of Memphis,True,,38.3,True,no_signal_coverage
301029725,2025-07-22,2025-07-22 18:21:00,2025,7,Tuesday,18,35.181297,-89.93418,Possible Injury,Pedestrian,Intersection-On Roadway not in Crosswalk,Non-Junction,Daylight,Not Collision with Motor Vehicle in Transport,Pedestrian,1,True,JACKSON AVE,Principal Arterial,40.0,7.0,14,7.0,11.512866831387612,JACKSON AVE,8.71634407007473,40.0,7,B,MEMPHIS,SHELBY,48212,8.716344071144203,TDOT state route,state_route_overlap,"state route: 100% overlap, name=JACKSON",JACKSON AVE,False,False,False,TDOT state route,True,,465.8,True,no_signal_coverage
301025107,2025-06-25,2025-06-25 00:00:00,2025,6,Wednesday,99,35.1367,-90.019356,Possible Injury,Pedestrian,Not Intersection-On Roadway Not In Crosswalk,AccelDecelLane,Unknown,Not Collision with Motor Vehicle in Transport,Pedestrian,1,True,,,,,,,49.93936790364001,UNION AVE,45.35767035810835,35.0,6,B,MEMPHIS,SHELBY,46770,45.35767035860971,TDOT state route,state_route_overlap,"state route: 100% overlap, name=UNION",UNION AVE,False,False,False,TDOT state route,False,,133.3,False,
301028020,2025-07-12,2025-07-12 02:45:00,2025,7,Saturday,2,35.13695,-90.019646,Suspected Serious Injury,Pedestrian,Intersection-On Roadway Crosswalk Not Available,AccelDecelLane,Dark-Not Lighted,Not Collision with Motor Vehicle in Transport,Pedestrian,1,True,UNION AVE,Principal Arterial,35.0,6.0,23,6.0,25.5709574755335,UNION AVE,20.989569892782665,35.0,6,B,MEMPHIS,SHELBY,46770,20.98956989349303,TDOT state route,state_route_overlap,"state route: 100% overlap, name=UNION",UNION AVE,False,False,False,TDOT state route,True,,96.6,True,no_signal_coverage
301011641,2025-04-10,2025-04-10 11:56:00,2025,4,Thursday,11,35.106213,-89.859,Possible Injury,Pedestrian,Intersection-In Crosswalk,Intersection,Daylight,Not Collision with Motor Vehicle in Transport,Pedestrian,1,True,,,,,,,472.9356367877073,S SHADY GROVE RD,0.3006769801986334,35.0,5,B,MEMPHIS,SHELBY,53674,0.3006769802176389,City of Memphis,city_residual,city: no state-route overlap,S SHADY GROVE RD,False,False,False,City of Memphis,True,4487,463.9,False,no_signal_coverage
301023160,2025-06-13,2025-06-13 16:35:00,2025,6,Friday,16,35.090023,-89.923676,Unknown,Pedestrian,Unknown,Intersection-Related,Daylight,Angle,Other,1,True,,,,,,,1266.6575148412164,DUNN AVE,0.1813435936792703,30.0,2,B,MEMPHIS,SHELBY,6204,0.1813435922598289,City of Memphis,city_residual,city: no state-route overlap,DUNN AVE,False,False,False,City of Memphis,False,10089,1164.5,True,