MstrRecNbrTxt,CollisionDate,CollisionDteTime,YearNmb,Month,DayOfWeek,Hour,Latitude,Longitude,InjuryClass,PersonType,NonMotoristLocation,RelationToJunction,LightCondition,MannerOfCollision,FirstHarmfulEvent,VictimsInCrash,InMemphis,StateRoute_NAME,StateRoute_F_System,StateRoute_SPDLIMIT,StateRoute_LANES,StateRoute_ALTNAME_1,StateRoute_Council_District,DistToStateRoute_m,Street_Name,DistToStreet_m,Street_SPDLIMIT,Street_LANES,Street_ONEWAY,Street_CITY_L,Street_COUNTY_L,Seg_OBJECTID,DistToSeg_m,Ownership,Rule_Fired,Classification_Basis,Matched_Street,is_limited_access,is_override,is_corner_case,Jurisdiction_prev,at_intersection,intersection_node_id,nearest_ped_signal_m,is_ambiguous_intersection,intersection_signalized
301013973,2025-04-24,2025-04-24 00:59:00,2025,4,Thursday,0,35.061337,-90.03378,Possible Injury,Pedestrian,Intersection-On Roadway Crosswalk Not Available,Intersection-Related,Dark-Lighted,Not Collision with Motor Vehicle in Transport,Pedestrian,2,True,,,,,,,907.7244165321376,E BROOKS RD,48.77814907963262,45.0,5,B,MEMPHIS,SHELBY,49709,48.77814907874398,City of Memphis,city_residual,city: no state-route overlap,E BROOKS RD,False,False,False,City of Memphis,True,,746.6,True,no_signal_coverage
301008084,2025-03-24,2025-03-24 10:15:00,2025,3,Monday,10,35.135654,-89.96237,Possible Injury,Pedestrian,Intersection-In Crosswalk,Intersection,Daylight,Not Collision with Motor Vehicle in Transport,Pedestrian,1,True,WALNUT GROVE RD,Minor Arterial,35.0,5.0,23,5.0,4.942329606597582,TILLMAN ST,0.3566738060974942,35.0,4,B,MEMPHIS,SHELBY,51109,0.3566738060974942,City of Memphis,city_residual,city: no state-route overlap,TILLMAN ST,False,False,True,City of Memphis,True,24789,260.8,False,no
300999925,2025-02-04,2025-02-04 18:08:00,2025,2,Tuesday,18,35.050526,-89.90229,Suspected Serious Injury,Pedestrian,Not Intersection-On Roadway Not In Crosswalk,Non-Junction,Dusk,Not Collision with Motor Vehicle in Transport,Pedestrian,1,True,,,,,,,1700.35584472703,OUTLAND RD,49.35859923060207,40.0,5,B,MEMPHIS,SHELBY,51864,49.35859923060207,City of Memphis,city_residual,city: no state-route overlap,OUTLAND RD,False,False,False,City of Memphis,False,,44.0,False,
301019868,2025-05-24,2025-05-24 20:50:00,2025,5,Saturday,20,35.10915,-89.98218,Suspected Serious Injury,Pedestrian,Not Intersection-On Roadway Not In Crosswalk,Unknown,Unknown,Not Collision with Motor Vehicle in Transport,Pedestrian,1,True,,,,,,,244.9624647276389,SARATOGA AVE,0.1932193842700882,30.0,2,B,MEMPHIS,SHELBY,5262,0.1932193813583232,City of Memphis,city_residual,city: no state-route overlap,SARATOGA AVE,False,False,False,City of Memphis,False,14444,256.1,True,
301023369,2025-06-14,2025-06-14 20:15:00,2025,6,Saturday,20,35.156425,-89.937675,Suspected Minor Injury,Pedestrian,Not Intersection-Outside Traffic,Intersection,Dark-Lighted,Not Collision with Motor Vehicle in Transport,Pedestrian,1,True,,,,,,,783.3997837232295,FREEMAN ST,5.26518594745063,30.0,2,B,MEMPHIS,SHELBY,83282,5.26518594766322,City of Memphis,city_residual,city: no state-route overlap,FREEMAN ST,False,False,False,City of Memphis,False,13553,970.7,True,
301002711,2025-02-21,2025-02-21 19:05:00,2025,2,Friday,19,35.035442,-90.02482,Possible Injury,Pedestrian,Intersection-On Roadway not in Crosswalk,AccelDecelLane,Dark-Lighted,Not Collision with Motor Vehicle in Transport,Pedestrian,1,True,,,,,,,31.3795908694302,E RAINES RD,7.996160555676992,40.0,5,B,MEMPHIS,SHELBY,49722,7.996160555676992,City of Memphis,city_residual,city: no state-route overlap,E RAINES RD,False,False,False,City of Memphis,True,,17.6,True,no_signal_coverage
301023153,2025-06-13,2025-06-13 00:00:00,2025,6,Friday,99,35.047493,-89.86682,Unknown,Other Non-Motorist,Unknown,Non-Junction,Unknown,Not Collision with Motor Vehicle in Transport,Other,1,True,,,,,,,2814.996008342897,HICKORY HILL RD,40.30128870543592,45.0,7,B,MEMPHIS,SHELBY,53042,40.30128870426868,City of Memphis,city_residual,city: no state-route overlap,HICKORY HILL RD,False,False,False,City of Memphis,False,,266.4,False,
301006264,2025-03-13,2025-03-13 17:26:00,2025,3,Thursday,17,35.053234,-89.88645,Suspected Serious Injury,Pedestrian,Not Intersection-On Roadway Not In Crosswalk,Non-Junction,Daylight,Not Collision with Motor Vehicle in Transport,Pedestrian,1,True,,,,,,,3069.3353993502187,WAYFARER CIR,19.60529605850797,30.0,2,B,MEMPHIS,SHELBY,9693,19.605296056626667,City of Memphis,city_residual,city: no state-route overlap,WAYFARER CIR,False,False,False,City of Memphis,False,,298.9,False,
300996375,2025-01-14,2025-01-14 07:48:00,2025,1,Tuesday,7,35.157948,-89.97601,Suspected Minor Injury,Pedestrian,Not Intersection-On Roadway Crosswalk not Available,Non-Junction,Daylight,Not Collision with Motor Vehicle in Transport,Pedestrian,1,True,JACKSON AVE,Principal Arterial,40.0,5.0,14,7.0,4.687374335873462,JACKSON AVE,0.0281101457726732,40.0,5,B,MEMPHIS,SHELBY,46906,0.0281101457591768,TDOT state route,state_route_overlap,"state route: 100% overlap, name=JACKSON",JACKSON AVE,False,False,False,TDOT state route,False,16705,15.7,True,
300999401,2025-02-01,2025-02-01 14:30:00,2025,2,Saturday,14,35.099426,-89.93102,No Injury,Pedestrian,Intersection-In Crosswalk,Intersection,Daylight,Not Collision with Motor Vehicle in Transport,Pedestrian,1,True,,,,,,,2101.938345231712,RHODES AVE,1.603648035809678,35.0,4,B,MEMPHIS,SHELBY,51318,1.6036480357504186,City of Memphis,city_residual,city: no state-route overlap,RHODES AVE,False,False,False,City of Memphis,True,13946,1984.9,False,no
300995628,2025-01-08,2025-01-08 16:00:00,2025,1,Wednesday,16,35.101006,-89.97865,Possible Injury,Pedestrian,Not Intersection-Outside Traffic,Unknown,Daylight,Angle,Other,2,True,LAMAR AVE,Principal Arterial,40.0,5.0,4,4.0,8.266503628227678,LAMAR AVE,4.434138159571844,40.0,5,B,MEMPHIS,SHELBY,46992,4.434138159188553,TDOT state route,state_route_overlap,"state route: 100% overlap, name=LAMAR",LAMAR AVE,False,False,False,TDOT state route,False,,670.3,False,
301005400,2025-03-08,2025-03-08 06:00:00,2025,3,Saturday,6,35.1603,-90.035835,No Injury,Pedestrian,Unknown,Non-Junction,Unknown,Not Collision with Motor Vehicle in Transport,Other,1,True,,,,,,,32.16010309814352,LOONEY AVE,24.895865638275087,30.0,2,B,MEMPHIS,SHELBY,3567,24.89586563748268,City of Memphis,city_residual,city: no state-route overlap,LOONEY AVE,False,False,False,City of Memphis,False,,409.9,False,
301020562,2025-05-29,2025-05-29 17:15:00,2025,5,Thursday,17,35.16884,-90.022896,Possible Injury,Pedestrian,Intersection-On Roadway not in Crosswalk,Intersection-Related,Daylight,Not Collision with Motor Vehicle in Transport,Pedestrian,1,True,,,,,,,1207.1817760909205,CHELSEA AVE,0.2523646926460178,40.0,5,B,MEMPHIS,SHELBY,50394,0.2523646926445076,City of Memphis,city_residual,city: no state-route overlap,CHELSEA AVE,False,False,False,City of Memphis,True,6691,372.6,False,no
301022525,2025-06-09,2025-06-09 21:50:00,2025,6,Monday,21,35.14318,-90.0071,Suspected Minor Injury,Pedestrian,Not Intersection-On Roadway Not In Crosswalk,Non-Junction,Dark-Lighted,Not Collision with Motor Vehicle in Transport,Pedestrian,1,True,,,,,,,796.8431547070909,N AVALON ST,0.2038070825810626,35.0,2,B,MEMPHIS,SHELBY,84121,0.2038070825810626,City of Memphis,city_residual,city: no state-route overlap,N AVALON ST,False,False,False,City of Memphis,False,20391,0.6,True,
301000756,2025-02-01,2025-02-01 23:00:00,2025,2,Saturday,23,35.155174,-89.798775,No Injury,Other Non-Motorist,Not Intersection-Other Not On Roadway,Non-Junction,Dark-Not Lighted,Angle,Other,1,True,,,,,,,309.52280348070485,ANNES CIR,15.16305767535076,30.0,2,B,MEMPHIS,SHELBY,9003,15.16305767535076,City of Memphis,city_residual,city: no state-route overlap,ANNES CIR,False,False,False,City of Memphis,False,,330.8,False,
301031799,2025-08-03,2025-08-03 20:23:00,2025,8,Sunday,20,35.10679,-90.0648,Possible Injury,Pedestrian,Intersection-On Roadway not in Crosswalk,Non-Junction,Dark-Lighted,Not Collision with Motor Vehicle in Transport,Pedestrian,1,True,,,,,,,860.1898217621622,KANSAS ST,0.2029744780554102,35.0,2,B,MEMPHIS,SHELBY,82021,0.2029744779633957,City of Memphis,city_residual,city: no state-route overlap,KANSAS ST,False,False,False,City of Memphis,True,11722,850.4,False,no
300997604,2025-01-21,2025-01-21 18:00:00,2025,1,Tuesday,18,35.020733,-89.952866,Possible Injury,Pedestrian,Intersection-On Roadway not in Crosswalk,AccelDecelLane,Dusk,Not Collision with Motor Vehicle in Transport,Pedestrian,1,True,E SHELBY DR,Principal Arterial,45.0,7.0,175,3.0,5.667996068300697,E SHELBY DR,0.9822423398395876,45.0,7,B,MEMPHIS,SHELBY,46398,0.9822423396847952,TDOT state route,state_route_overlap,"state route: 100% overlap, name=E SHELBY",E SHELBY DR,False,False,False,TDOT state route,True,,139.2,True,no_signal_coverage
301005112,2025-03-06,2025-03-06 07:12:00,2025,3,Thursday,7,35.057228,-89.88584,Possible Injury,Pedestrian,Intersection-On Roadway not in Crosswalk,Intersection,Daylight,Not Collision with Motor Vehicle in Transport,Pedestrian,1,True,,,,,,,2702.131056905177,S MENDENHALL RD,14.933668251056911,40.0,7,B,MEMPHIS,SHELBY,49409,14.933668251132788,City of Memphis,city_residual,city: no state-route overlap,S MENDENHALL RD,False,False,False,City of Memphis,True,23628,742.1,False,no
301026863,2025-07-01,2025-07-01 20:00:00,2025,7,Tuesday,20,35.107574,-89.92609,Possible Injury,Pedestrian,Intersection-In Crosswalk,Intersection-Related,Dark-Unknown Lighting,Not Collision with Motor Vehicle in Transport,Pedestrian,1,True,,,,,,,1658.3917583334544,S GOODLETT ST,12.681411027366089,40.0,4,B,MEMPHIS,SHELBY,51353,12.68141102744504,City of Memphis,city_residual,city: no state-route overlap,S GOODLETT ST,False,False,False,City of Memphis,True,21864,1689.9,False,no
301020543,2025-05-29,2025-05-29 10:24:00,2025,5,Thursday,10,35.1361,-90.02693,Possible Injury,Pedestrian,Intersection-In Crosswalk,Non-Junction,Daylight,Not Collision with Motor Vehicle in Transport,Pedestrian,1,True,,,,,,,146.49946000842365,EASTMORELAND AVE,0.2313622156684966,30.0,2,B,MEMPHIS,SHELBY,7140,0.2313622156684966,City of Memphis,city_residual,city: no state-route overlap,EASTMORELAND AVE,False,False,False,City of Memphis,True,11601,240.2,False,no_signal_coverage
300994636,2025-01-01,2025-01-01 19:29:00,2025,1,Wednesday,19,35.20584,-89.913925,No Injury,Pedestrian,Not Intersection-Unknown,AccelDecelLane,Dark-Lighted,Angle,Other,1,True,STAGE RD,Principal Arterial,45.0,6.0,15,1.0,5.017184342605892,STAGE RD,0.3881955683301575,45.0,6,B,MEMPHIS,SHELBY,46562,0.3881955698066095,TDOT state route,state_route_overlap,"state route: 100% overlap, name=STAGE",STAGE RD,False,False,False,TDOT state route,False,7525,17.8,True,
301004501,2025-03-02,2025-03-02 13:45:00,2025,3,Sunday,13,35.096012,-89.925415,Possible Injury,Pedestrian,Not Intersection-Unknown,Non-Junction,Daylight,Not Collision with Motor Vehicle in Transport,Other,1,True,,,,,,,1804.754418828175,MEADOW DR,26.54561331870117,30.0,2,B,MEMPHIS,SHELBY,29603,26.54561331860491,City of Memphis,city_residual,city: no state-route overlap,MEADOW DR,False,False,False,City of Memphis,False,,1692.7,False,
301002564,2025-02-20,2025-02-20 20:24:00,2025,2,Thursday,20,35.169334,-89.86542,Possible Injury,Pedestrian,Not Intersection-On Roadway Not In Crosswalk,Non-Junction,Dark-Lighted,Not Collision with Motor Vehicle in Transport,Pedestrian,1,True,,,,,,,403.8179158704271,SYCAMORE VIEW RD,14.043244839931443,45.0,7,B,MEMPHIS,SHELBY,50094,14.043244840143297,City of Memphis,city_residual,city: no state-route overlap,SYCAMORE VIEW RD,False,False,False,City of Memphis,False,,127.2,False,
301013587,2025-04-21,2025-04-21 18:35:00,2025,4,Monday,18,35.02621,-89.86514,Possible Injury,Pedestrian,Not Intersection-On Roadway Not In Crosswalk,Non-Junction,Daylight,Not Collision with Motor Vehicle in Transport,Pedestrian,1,True,,,,,,,645.2750395987237,HICKORY LEAF DR,21.8324673579486,30.0,2,B,MEMPHIS,SHELBY,26184,21.8324673579486,City of Memphis,city_residual,city: no state-route overlap,HICKORY LEAF DR,False,False,False,City of Memphis,False,,631.7,False,
301004951,2025-03-05,2025-03-05 11:02:00,2025,3,Wednesday,11,35.14255,-90.0511,No Injury,Pedestrian,Intersection-In Crosswalk,Intersection,Daylight,Not Collision with Motor Vehicle in Transport,Pedestrian,1,True,S THIRD ST,Minor Arterial,35.0,3.0,14,6.0,1.1768683914630271,UNION AVE,0.4298151266356405,35.0,5,B,MEMPHIS,SHELBY,50279,0.429815126246079,TDOT state route,state_route_overlap,"state route: 100% overlap, name=UNION",UNION AVE,False,False,False,TDOT state route,True,23429,164.4,False,no
301026657,2025-07-03,2025-07-03 21:00:00,2025,7,Thursday,21,35.109943,-90.05235,Possible Injury,Pedestrian,Not Intersection-On Roadway Not In Crosswalk,SharedUsePathOrTrail,Dark-Not Lighted,Not Collision with Motor Vehicle in Transport,Pedestrian,1,True,,,,,,,267.59930591643297,LATHAM ST,25.086946853865555,30.0,2,B,MEMPHIS,SHELBY,82129,25.08694685357224,City of Memphis,city_residual,city: no state-route overlap,LATHAM ST,False,False,False,City of Memphis,False,,349.3,False,
301016950,2025-05-08,2025-05-08 20:32:00,2025,5,Thursday,20,35.085995,-89.96237,Possible Injury,Pedestrian,Intersection-In Crosswalk,AccelDecelLane,Dark-Lighted,Not Collision with Motor Vehicle in Transport,Pedestrian,1,True,LAMAR AVE,Principal Arterial,40.0,5.0,4,4.0,3.2955919255992128,SEMMES ST,0.2076480411248226,30.0,5,B,MEMPHIS,SHELBY,82735,0.2076480411321189,City of Memphis,city_residual,city: no state-route overlap,SEMMES ST,False,False,True,City of Memphis,True,17982,15.5,False,yes
301004076,2025-02-28,2025-02-28 14:30:00,2025,2,Friday,14,35.04577,-89.84503,Suspected Minor Injury,Pedestrian,Intersection-Not on Roadway,Intersection,Daylight,Not Collision with Motor Vehicle in Transport,Pedestrian,1,True,,,,,,,1666.7954908536562,HART CV,30.048066747819966,25.0,2,B,MEMPHIS,SHELBY,14678,30.048066747819966,City of Memphis,city_residual,city: no state-route overlap,HART CV,False,False,False,City of Memphis,True,,406.9,True,no_signal_coverage
301008169,2025-03-24,2025-03-24 14:00:00,2025,3,Monday,14,35.140484,-89.98288,Possible Injury,Pedestrian,Not Intersection-Unknown,Intersection-Related,Daylight,Not Collision with Motor Vehicle in Transport,Pedestrian,1,True,E PARKWAY,Principal Arterial,40.0,3.0,277,5.0,3.423257970760932,E PARKWAY N,0.1030574163535228,40.0,3,TF,MEMPHIS,SHELBY,48117,0.1030574163535228,TDOT state route,state_route_overlap,"state route: 100% overlap, name=E PARKWAY",E PARKWAY N,False,False,False,TDOT state route,False,10963,10.7,True,
301001945,2025-02-16,2025-02-16 22:00:00,2025,2,Sunday,22,35.02026,-89.93568,Possible Injury,Pedestrian,Intersection-Not on Roadway,Intersection,Dark-Lighted,Other,Other,1,True,,,,,,,46.222439329698624,E SHELBY DR,41.53978436085401,45.0,7,B,MEMPHIS,SHELBY,46410,41.53978436345757,TDOT state route,state_route_overlap,"state route: 100% overlap, name=E SHELBY",E SHELBY DR,False,False,False,TDOT state route,True,,96.6,True,no_signal_coverage
301018398,2025-05-17,2025-05-17 04:29:00,2025,5,Saturday,4,35.035267,-89.86451,No Injury,Pedestrian,Unknown,Through Roadway,Dark-Lighted,Not Collision with Motor Vehicle in Transport,Other,1,True,,,,,,,1650.2717699093455,RAINTREE DR,24.58461994858408,30.0,2,B,MEMPHIS,SHELBY,26224,24.584619948076163,City of Memphis,city_residual,city: no state-route overlap,RAINTREE DR,False,False,False,City of Memphis,False,,1630.0,False,
300994761,2024-12-29,2024-12-29 05:35:00,2024,12,Sunday,5,35.153957,-90.03372,Unknown,Pedestrian,Intersection-Unknown,Intersection,Dark-Lighted,Not Collision with Motor Vehicle in Transport,Pedestrian,1,True,,,,,,,175.67294201106694,N MANASSAS ST,0.1795244205619105,35.0,3,B,MEMPHIS,SHELBY,84902,0.1795244193585722,City of Memphis,city_residual,city: no state-route overlap,N MANASSAS ST,False,False,False,City of Memphis,True,13693,188.7,False,no
300999666,2025-02-03,2025-02-03 14:16:00,2025,2,Monday,14,35.154545,-89.9733,Suspected Serious Injury,Pedestrian,Not Intersection-On Roadway Not In Crosswalk,Non-Junction,Daylight,Not Collision with Motor Vehicle in Transport,Pedestrian,1,True,,,,,,,383.61532436405446,PERSHING AVE,19.68930425584975,30.0,2,B,MEMPHIS,SHELBY,4500,19.6893042543466,City of Memphis,city_residual,city: no state-route overlap,PERSHING AVE,False,False,False,City of Memphis,False,,390.3,False,
301016061,2025-05-05,2025-05-05 05:34:00,2025,5,Monday,5,35.148259,-90.043566,Fatal,Pedestrian,Intersection-In Crosswalk,Intersection-Related,Dark-Lighted,Not Collision with Motor Vehicle in Transport,Pedestrian,1,True,N DANNY THOMAS BLVD,Principal Arterial,35.0,7.0,1,7.0,1.2539036562597607,POPLAR AVE,0.3372736288116839,35.0,5,B,MEMPHIS,SHELBY,50319,0.337273631514807,City of Memphis,city_residual,city: no state-route overlap,POPLAR AVE,False,False,False,City of Memphis,True,20500,25.1,False,yes
300922007,2023-11-05,2023-11-05 18:17:00,2023,11,Sunday,18,35.068485,-90.02571,Fatal,Pedestrian,Not Intersection-Other Not On Roadway,Entrance/Exit Ramp Related,Dark-Lighted,Front to Rear,Other,3,True,,,,,,,342.9517364504116,INTERSTATE 55 N,0.3059325558104949,65.0,5,FT,MEMPHIS,SHELBY,39888,0.3059325555149168,Interstate (TDOT),interstate_mainline,interstate: MTFCC S1100,INTERSTATE 55 N,True,False,False,Interstate (TDOT),False,,753.4,False,
300937038,2024-01-23,2024-01-23 21:42:00,2024,1,Tuesday,21,35.039467,-90.06915,Fatal,Pedestrian,Not Intersection-On Roadway Crosswalk not Available,Non-Junction,Dark-Lighted,Not Collision with Motor Vehicle in Transport,Pedestrian,1,True,S THIRD ST,Principal Arterial,45.0,7.0,14,6.0,2.800904364891279,S THIRD ST,0.3236580454831363,45.0,7,B,MEMPHIS,SHELBY,46471,0.3236580454831578,TDOT state route,state_route_overlap,"state route: 100% overlap, name=S THIRD",S THIRD ST,False,False,False,TDOT state route,False,16159,16.5,True,
300994606,2025-01-01,2025-01-01 21:06:00,2025,1,Wednesday,21,35.128716,-90.02108,Fatal,Pedestrian,Not Intersection-On Roadway Not In Crosswalk,OtherLocation,Dark-Lighted,Not Collision with Motor Vehicle in Transport,Pedestrian,1,True,S BELLEVUE BLVD,Minor Arterial,35.0,4.0,3,6.0,0.1613578382113724,LAMAR AVE,0.364993029068438,40.0,7,B,MEMPHIS,SHELBY,47391,0.3649930302199551,TDOT state route,state_route_overlap,"state route: 100% overlap, name=LAMAR",LAMAR AVE,False,False,False,TDOT state route,False,17995,150.5,True,
300928875,2023-12-09,2023-12-09 21:16:00,2023,12,Saturday,21,35.099583,-89.95098,Fatal,Pedestrian,Intersection-Unknown,Intersection,Dark-Lighted,Not Collision with Motor Vehicle in Transport,Pedestrian,1,True,,,,,,,1705.7954470314885,BARRON AVE,16.206752320224368,40.0,4,B,MEMPHIS,SHELBY,51169,16.206752320224368,City of Memphis,city_residual,city: no state-route overlap,BARRON AVE,False,False,False,City of Memphis,True,,1717.0,True,no_signal_coverage
300974213,2024-09-08,2024-09-08 02:18:00,2024,9,Sunday,2,35.163914,-89.86537,Suspected Serious Injury,Pedestrian,Not Intersection-On Roadway Crosswalk not Available,Non-Junction,Dark-Lighted,Other,Other,1,True,,,,,,,791.887373915036,INTERSTATE 40 W,0.2550242488702952,65.0,5,TF,MEMPHIS,SHELBY,39454,0.2550242476115019,Interstate (TDOT),interstate_mainline,interstate: MTFCC S1100,INTERSTATE 40 W,True,False,False,Interstate (TDOT),False,,401.1,False,
301007302,2025-03-19,2025-03-19 19:48:00,2025,3,Wednesday,19,35.148705,-89.9071,Fatal,Pedestrian,Not Intersection-On Roadway Not In Crosswalk,Non-Junction,Dark-Lighted,Not Collision with Motor Vehicle in Transport,Pedestrian,1,True,SUMMER AVE,Principal Arterial,40.0,7.0,1,5.0,3.614957974694347,SUMMER AVE,1.040314419989351,40.0,7,B,MEMPHIS,SHELBY,48639,1.0403144199925345,TDOT state route,state_route_overlap,"state route: 100% overlap, name=SUMMER",SUMMER AVE,False,False,False,TDOT state route,False,,68.2,False,
300965374,2024-07-07,2024-07-07 04:59:00,2024,7,Sunday,4,35.053356,-89.98646,Fatal,Pedestrian,Not Intersection-On Roadway Not In Crosswalk,OtherLocation,Dark-Lighted,Not Collision with Motor Vehicle in Transport,Pedestrian,1,True,,,,,,,3498.9526883163,WINCHESTER RD,0.1673131963122187,40.0,2,TF,MEMPHIS,SHELBY,52411,0.1673131948472404,City of Memphis,city_residual,city: no state-route overlap,WINCHESTER RD,False,False,False,City of Memphis,False,22336,307.6,True,
300937420,2024-01-24,2024-01-24 20:06:00,2024,1,Wednesday,20,35.21127,-89.923004,Fatal,Pedestrian,Not Intersection-On Roadway Not In Crosswalk,Non-Junction,Dark-Not Lighted,Not Collision with Motor Vehicle in Transport,Pedestrian,1,True,,,,,,,282.9062749729678,RALEIGH MILLINGTON RD,1.3039717416002787,40.0,4,B,MEMPHIS,SHELBY,47206,1.30397174182341,City of Memphis,city_residual,city: no state-route overlap,RALEIGH MILLINGTON RD,False,False,False,City of Memphis,False,16986,353.7,True,
301018662,2025-05-17,2025-05-17 20:00:00,2025,5,Saturday,20,35.106117,-89.98578,Fatal,Pedestrian,Intersection-On Roadway not in Crosswalk,Non-Junction,Dusk,Not Collision with Motor Vehicle in Transport,Pedestrian,1,True,,,,,,,51.67962385647821,AIRWAYS BLVD,54.12359660470135,35.0,5,B,MEMPHIS,SHELBY,46983,54.12359660498834,TDOT state route,state_route_overlap,"state route: 100% overlap, name=AIRWAYS",AIRWAYS BLVD,False,False,False,TDOT state route,True,,86.7,True,no_signal_coverage
300962531,2024-06-18,2024-06-18 20:43:00,2024,6,Tuesday,20,35.035297,-90.03157,Fatal,Pedestrian,Intersection-On Roadway not in Crosswalk,Non-Junction,Dark-Lighted,Not Collision with Motor Vehicle in Transport,Pedestrian,1,True,,,,,,,584.4981240138404,E RAINES RD,0.4555564764580087,40.0,5,B,MEMPHIS,SHELBY,52325,0.4555564764580087,City of Memphis,city_residual,city: no state-route overlap,E RAINES RD,False,False,False,City of Memphis,True,11094,600.5,False,no
301003002,2025-02-20,2025-02-20 21:36:00,2025,2,Thursday,21,35.020798,-89.95201,Fatal,Pedestrian,Intersection-On Roadway not in Crosswalk,Non-Junction,Dark-Lighted,Not Collision with Motor Vehicle in Transport,Pedestrian,1,True,E SHELBY DR,Principal Arterial,45.0,7.0,175,3.0,2.105047996510579,E SHELBY DR,6.790705341952289,45.0,7,B,MEMPHIS,SHELBY,46398,6.790705340745969,TDOT state route,state_route_overlap,"state route: 100% overlap, name=E SHELBY",E SHELBY DR,False,False,False,TDOT state route,True,,217.6,True,no_signal_coverage
300977561,2024-09-29,2024-09-29 00:48:00,2024,9,Sunday,0,35.135178,-90.000084,Fatal,Pedestrian,Intersection-On Roadway not in Crosswalk,Crossover-Related,Dark-Lighted,Not Collision with Motor Vehicle in Transport,Pedestrian,1,True,UNION AVE,Principal Arterial,35.0,6.0,23,5.0,4.998838579112223,S MCLEAN BLVD,0.4053085897067741,35.0,4,B,MEMPHIS,SHELBY,53276,0.4053085897074852,City of Memphis,city_residual,city: no state-route overlap,S MCLEAN BLVD,False,False,True,City of Memphis,True,23621,0.6,False,yes
300953626,2024-04-24,2024-04-24 23:05:00,2024,4,Wednesday,23,35.177692,-89.93764,Fatal,Pedestrian,Not Intersection-On Roadway Not In Crosswalk,Intersection,Dark-Lighted,Not Collision with Motor Vehicle in Transport,Pedestrian,1,True,JACKSON AVE,Principal Arterial,40.0,6.0,14,7.0,2.8419500532047715,JACKSON AVE,0.014088718291081,35.0,2,B,MEMPHIS,SHELBY,7422,0.0140887155446714,TDOT state route,force_state_route_completeness,force-state-route: 39% collinear w/ same-named SR (JACKSON),JACKSON AVE,False,True,False,City of Memphis,False,16658,43.5,True,
300991307,2024-12-15,2024-12-15 12:09:00,2024,12,Sunday,12,35.199184,-89.97582,Fatal,Pedestrian,Not Intersection-Adjacent to Roadway,OtherLocation,Daylight,Not Collision with Motor Vehicle in Transport,Pedestrian,1,True,,,,,,,4199.932091959759,N HOLLYWOOD ST,0.0161401726862878,40.0,6,B,MEMPHIS,SHELBY,52416,0.0161401726862561,City of Memphis,city_residual,city: no state-route overlap,N HOLLYWOOD ST,False,False,False,City of Memphis,False,16749,648.6,True,
300987969,2024-11-26,2024-11-26 23:19:00,2024,11,Tuesday,23,35.223107,-89.940349,Fatal,Pedestrian,Not Intersection-On Roadway Crosswalk not Available,Non-Junction,Dark-Lighted,"Sideswipe, Same Direction",Other,1,True,,,,,,,2336.389438678822,FRAYSER RALEIGH RD,2.5382448054689424,45.0,5,B,MEMPHIS,SHELBY,49971,2.538244806155894,City of Memphis,city_residual,city: no state-route overlap,FRAYSER RALEIGH RD,False,False,False,City of Memphis,False,11689,2327.8,True,
300999297,2025-01-31,2025-01-31 19:34:00,2025,1,Friday,19,35.06502,-90.02272,Fatal,Pedestrian,Not Intersection-On Roadway Not In Crosswalk,Intersection,Dark-Lighted,Not Collision with Motor Vehicle in Transport,Pedestrian,1,True,ELVIS PRESLEY BLVD,,40.0,4.0,3,6.0,1.205975767631999,ELVIS PRESLEY BLVD,0.1194978088568433,40.0,4,B,MEMPHIS,SHELBY,48179,0.1194978095194235,TDOT state route,state_route_overlap,"state route: 100% overlap, name=ELVIS PRESLEY",ELVIS PRESLEY BLVD,False,False,False,TDOT state route,False,12019,356.0,True,
301001337,2025-02-12,2025-02-12 19:21:00,2025,2,Wednesday,19,35.021038,-89.98985,Fatal,Pedestrian,Not Intersection-On Roadway Not In Crosswalk,AccelDecelLane,Dark-Lighted,Not Collision with Motor Vehicle in Transport,Pedestrian,1,True,E SHELBY DR,Principal Arterial,40.0,7.0,175,3.0,5.414436759214895,E SHELBY DR,0.7213376781942263,40.0,7,B,MEMPHIS,SHELBY,47849,0.7213376779935631,TDOT state route,state_route_overlap,"state route: 100% overlap, name=E SHELBY",E SHELBY DR,False,False,False,TDOT state route,False,297,24.6,True,
300872985,2023-03-12,2023-03-12 22:50:00,2023,3,Sunday,22,35.173855,-89.97571,Fatal,Pedestrian,Not Intersection-On Roadway Crosswalk not Available,Non-Junction,Dark-Lighted,Not Collision with Motor Vehicle in Transport,Pedestrian,1,True,,,,,,,1759.779508824996,HUBBARD AVE,18.506632935399644,30.0,2,B,MEMPHIS,SHELBY,4478,18.506632935399644,City of Memphis,city_residual,city: no state-route overlap,HUBBARD AVE,False,False,False,City of Memphis,False,,1751.2,False,
300928926,2023-12-10,2023-12-10 05:09:00,2023,12,Sunday,5,35.143723,-89.87304,Fatal,Pedestrian,Not Intersection-On Roadway Crosswalk not Available,Non-Junction,Dark-Lighted,Not Collision with Motor Vehicle in Transport,Pedestrian,1,True,,,,,,,1399.4359878117414,INTERSTATE 240 E,21.27618803061258,65.0,3,FT,MEMPHIS,SHELBY,39435,21.27618803346689,Interstate (TDOT),interstate_mainline,interstate: MTFCC S1100,INTERSTATE 240 E,True,False,False,Interstate (TDOT),False,,1411.4,False,