MstrRecNbrTxt,CollisionDate,CollisionDteTime,YearNmb,Month,DayOfWeek,Hour,Latitude,Longitude,InjuryClass,PersonType,NonMotoristLocation,RelationToJunction,LightCondition,MannerOfCollision,FirstHarmfulEvent,VictimsInCrash,InMemphis,StateRoute_NAME,StateRoute_F_System,StateRoute_SPDLIMIT,StateRoute_LANES,StateRoute_ALTNAME_1,StateRoute_Council_District,DistToStateRoute_m,Street_Name,DistToStreet_m,Street_SPDLIMIT,Street_LANES,Street_ONEWAY,Street_CITY_L,Street_COUNTY_L,Seg_OBJECTID,DistToSeg_m,Ownership,Rule_Fired,Classification_Basis,Matched_Street,is_limited_access,is_override,is_corner_case,Jurisdiction_prev,at_intersection,intersection_node_id,nearest_ped_signal_m,is_ambiguous_intersection,intersection_signalized
300895366,2023-06-26,2023-06-26 22:01:00,2023,6,Monday,22,35.08891,-90.02559,Fatal,Pedestrian,Not Intersection-On Roadway Crosswalk not Available,Non-Junction,Dark-Lighted,Not Collision with Motor Vehicle in Transport,Pedestrian,1,True,,,,,,,664.4931546114075,INTERSTATE 240 S,0.1699688503253475,65.0,3,FT,MEMPHIS,SHELBY,39419,0.169968850400219,Interstate (TDOT),interstate_mainline,interstate: MTFCC S1100,INTERSTATE 240 S,True,False,False,Interstate (TDOT),False,,606.2,False,
300970306,2024-08-12,2024-08-12 23:05:00,2024,8,Monday,23,35.13782,-90.02203,Fatal,Pedestrian,Intersection-On Roadway Crosswalk Not Available,Intersection,Dark-Not Lighted,Not Collision with Motor Vehicle in Transport,Pedestrian,1,True,,,,,,,44.13132129988332,UNION AVE,48.71009287787376,35.0,6,B,MEMPHIS,SHELBY,46759,48.71009287670492,TDOT state route,state_route_overlap,"state route: 100% overlap, name=UNION",UNION AVE,False,False,False,TDOT state route,True,,141.4,True,no_signal_coverage
301000444,2025-02-08,2025-02-08 18:30:00,2025,2,Saturday,18,35.146454,-89.96133,Fatal,Pedestrian,Not Intersection-On Roadway Not In Crosswalk,Non-Junction,Dark-Lighted,Not Collision with Motor Vehicle in Transport,Pedestrian,1,True,,,,,,,343.1509525461206,SAM COOPER BLVD,0.1342620987919687,40.0,6,B,MEMPHIS,SHELBY,52332,0.1342620987919687,Limited-access (TDOT),limited_access_override,limited-access override: Sam Cooper Blvd,SAM COOPER BLVD,True,True,False,City of Memphis,False,23855,333.0,True,
300961034,2024-06-08,2024-06-08 03:16:00,2024,6,Saturday,3,35.101815,-89.87006,Fatal,Pedestrian,Not Intersection-On Roadway Crosswalk not Available,Entrance/Exit Ramp Related,Dark-Lighted,Not Collision with Motor Vehicle in Transport,Pedestrian,1,True,POPLAR AVE,Principal Arterial,40.0,3.0,57,2.0,4.562143451354431,POPLAR AVE,0.4039885095995953,40.0,3,FT,MEMPHIS,SHELBY,6879,0.4039885043130332,TDOT state route,state_route_overlap,"state route: 100% overlap, name=POPLAR",POPLAR AVE,False,False,False,TDOT state route,False,,556.3,False,
301013612,2025-04-21,2025-04-21 21:06:00,2025,4,Monday,21,35.199146,-89.839071,Fatal,Pedestrian,Not Intersection-On Roadway Not In Crosswalk,Non-Junction,Dark-Lighted,Not Collision with Motor Vehicle in Transport,Pedestrian,1,True,,,,,,,855.9234436570605,KIRBY WHITTEN RD,55.44515284084375,45.0,7,B,MEMPHIS,SHELBY,50197,55.44515284084375,City of Memphis,city_residual,city: no state-route overlap,KIRBY WHITTEN RD,False,False,False,City of Memphis,False,,119.2,False,
301034170,2025-08-16,2025-08-16 16:34:00,2025,8,Saturday,16,35.10771,-89.97426,Possible Injury,Pedestrian,Not Intersection-On Roadway Crosswalk Availability Unknown,Non-Junction,Daylight,Not Collision with Motor Vehicle in Transport,Pedestrian,1,True,,,,,,,834.2861085894409,DAVID ST,19.093223922437307,35.0,2,B,MEMPHIS,SHELBY,82612,19.093223922437307,City of Memphis,city_residual,city: no state-route overlap,DAVID ST,False,False,False,City of Memphis,False,,973.6,False,
301033024,2025-08-09,2025-08-09 21:00:00,2025,8,Saturday,21,35.15796,-89.97498,Suspected Serious Injury,Pedestrian,Not Intersection-On Roadway Not In Crosswalk,Non-Junction,Dark-Lighted,Not Collision with Motor Vehicle in Transport,Pedestrian,1,True,JACKSON AVE,Principal Arterial,40.0,5.0,14,7.0,4.556386682384061,JACKSON AVE,0.1034235124730102,40.0,5,B,MEMPHIS,SHELBY,46908,0.1034235110547228,TDOT state route,state_route_overlap,"state route: 100% overlap, name=JACKSON",JACKSON AVE,False,False,False,TDOT state route,False,12280,101.9,True,
301038704,2025-09-10,2025-09-10 23:51:00,2025,9,Wednesday,23,35.020397,-89.84869,Suspected Serious Injury,Pedestrian,Intersection-On Roadway not in Crosswalk,Non-Junction,Dark-Not Lighted,Not Collision with Motor Vehicle in Transport,Pedestrian,1,True,E SHELBY DR,Principal Arterial,45.0,7.0,175,3.0,4.912424048362988,E SHELBY DR,0.2381315620583727,45.0,7,B,MEMPHIS,SHELBY,46444,0.2381315606311496,TDOT state route,state_route_overlap,"state route: 100% overlap, name=E SHELBY",E SHELBY DR,False,False,False,TDOT state route,True,8665,27.1,False,yes
301037335,2025-09-03,2025-09-03 14:15:00,2025,9,Wednesday,14,35.098927,-89.97895,Possible Injury,Pedestrian,Intersection-Unknown,Non-Junction,Daylight,Not Collision with Motor Vehicle in Transport,Pedestrian,1,True,,,,,,,218.13090193059617,ARLINGTON AVE,21.7827418471728,30.0,2,B,MEMPHIS,SHELBY,5293,21.782741847746035,City of Memphis,city_residual,city: no state-route overlap,ARLINGTON AVE,False,False,False,City of Memphis,True,,764.6,True,no_signal_coverage
301037336,2025-09-02,2025-09-02 13:00:00,2025,9,Tuesday,13,35.086872,-89.96323,Possible Injury,Pedestrian,Not Intersection-On Roadway Not In Crosswalk,Non-Junction,Daylight,Not Collision with Motor Vehicle in Transport,Pedestrian,1,True,LAMAR AVE,Principal Arterial,40.0,5.0,4,4.0,2.724683999822977,LAMAR AVE,0.0453945104097351,40.0,5,B,MEMPHIS,SHELBY,47381,0.0453945128600294,TDOT state route,state_route_overlap,"state route: 100% overlap, name=LAMAR",LAMAR AVE,False,False,False,TDOT state route,False,,124.5,False,
301037654,2025-09-04,2025-09-04 15:30:00,2025,9,Thursday,15,35.21724,-89.99357,Possible Injury,Pedestrian,Intersection-On Roadway not in Crosswalk,Intersection,Daylight,Not Collision with Motor Vehicle in Transport,Pedestrian,2,True,,,,,,,2736.384943577855,FRAYSER BLVD,0.0192695083068895,40.0,4,B,MEMPHIS,SHELBY,49906,0.0192695098072301,City of Memphis,city_residual,city: no state-route overlap,FRAYSER BLVD,False,False,False,City of Memphis,True,13499,2794.1,False,no
301036535,2025-08-28,2025-08-28 19:50:00,2025,8,Thursday,19,35.162021,-89.917347,Suspected Minor Injury,Pedestrian,Intersection-On Roadway not in Crosswalk,Intersection-Related,Dark-Lighted,Not Collision with Motor Vehicle in Transport,Pedestrian,1,True,,,,,,,1449.3916515835845,WARING RD,0.0127911261974729,35.0,2,B,MEMPHIS,SHELBY,73878,0.012791126197443,City of Memphis,city_residual,city: no state-route overlap,WARING RD,False,False,False,City of Memphis,True,18857,1462.0,False,no
301036539,2025-08-29,2025-08-29 14:28:00,2025,8,Friday,14,35.035427,-90.00755,Suspected Serious Injury,Pedestrian,Intersection-In Crosswalk,Intersection,Daylight,Not Collision with Motor Vehicle in Transport,Pedestrian,1,True,,,,,,,1593.1405646887663,MILLBRANCH RD,3.3378219285128923,40.0,4,B,MEMPHIS,SHELBY,49779,3.337821928498522,City of Memphis,city_residual,city: no state-route overlap,MILLBRANCH RD,False,False,False,City of Memphis,True,11079,1580.8,False,no
301036020,2025-08-26,2025-08-26 23:41:00,2025,8,Tuesday,23,35.086807,-89.93405,Suspected Serious Injury,Pedestrian,Not Intersection-On Roadway Not In Crosswalk,Intersection-Related,Dark-Lighted,Not Collision with Motor Vehicle in Transport,Pedestrian,1,True,,,,,,,745.1111497387392,ELLISTON RD,0.1593091098701085,35.0,2,B,MEMPHIS,SHELBY,73693,0.1593091098700821,City of Memphis,city_residual,city: no state-route overlap,ELLISTON RD,False,False,False,City of Memphis,False,11905,629.4,True,
301038526,2025-09-09,2025-09-09 23:18:00,2025,9,Tuesday,23,35.217155,-89.98451,Possible Injury,Pedestrian,Not Intersection-On Roadway Not In Crosswalk,AccelDecelLane,Dark-Lighted,Not Collision with Motor Vehicle in Transport,Pedestrian,1,True,,,,,,,3417.350513889954,FRAYSER BLVD,0.0557982155459074,40.0,4,B,MEMPHIS,SHELBY,49912,0.055798215568208,City of Memphis,city_residual,city: no state-route overlap,FRAYSER BLVD,False,False,False,City of Memphis,False,13503,2760.7,True,
301039213,2025-09-13,2025-09-13 23:26:00,2025,9,Saturday,23,35.064995,-89.90531,Possible Injury,Pedestrian,Not Intersection-On Roadway Crosswalk not Available,Non-Junction,Dark-Lighted,Not Collision with Motor Vehicle in Transport,Pedestrian,1,True,,,,,,,2375.8331966632754,S PERKINS RD,33.904395635408854,40.0,7,B,MEMPHIS,SHELBY,49377,33.904395635408854,City of Memphis,city_residual,city: no state-route overlap,S PERKINS RD,False,False,False,City of Memphis,False,,290.8,False,
301036285,2025-08-27,2025-08-27 22:00:00,2025,8,Wednesday,22,35.16249,-90.01069,Possible Injury,Pedestrian,Intersection-On Roadway Crosswalk Not Available,Intersection,Dark-Lighted,Not Collision with Motor Vehicle in Transport,Pedestrian,1,True,,,,,,,443.9044897546296,HENRY AVE,0.0684503879205188,30.0,2,B,MEMPHIS,SHELBY,3986,0.0684503906888451,City of Memphis,city_residual,city: no state-route overlap,HENRY AVE,False,False,False,City of Memphis,True,15632,467.7,False,no
301035802,2025-08-25,2025-08-25 21:01:00,2025,8,Monday,21,35.14348,-90.01052,Suspected Serious Injury,Pedestrian,Intersection-In Crosswalk,Intersection,Dark-Lighted,Not Collision with Motor Vehicle in Transport,Pedestrian,1,True,,,,,,,794.2746198930608,STONEWALL ST,0.0960012412893031,30.0,2,B,MEMPHIS,SHELBY,81164,0.0960012426102754,City of Memphis,city_residual,city: no state-route overlap,STONEWALL ST,False,False,False,City of Memphis,True,22423,0.3,False,yes
301036720,2025-08-31,2025-08-31 00:00:00,2025,8,Sunday,99,35.139866,-90.04583,Suspected Serious Injury,Pedestrian,Intersection-Unknown,Intersection,Dark-Not Lighted,Not Collision with Motor Vehicle in Transport,Pedestrian,1,True,S DANNY THOMAS BLVD,Principal Arterial,35.0,2.0,1,6.0,0.7470468604132207,GAYOSO AVE,0.0704895761961974,30.0,2,B,MEMPHIS,SHELBY,7066,0.0704895761961974,TDOT state route,state_route_overlap,"state route: 100% overlap, name=GAYOSO",GAYOSO AVE,False,False,False,TDOT state route,True,13840,100.0,False,no
300971008,2024-08-17,2024-08-17 22:03:00,2024,8,Saturday,22,35.091835,-89.908585,Suspected Serious Injury,Pedestrian,Intersection-On Roadway not in Crosswalk,Non-Junction,Dark-Lighted,Not Collision with Motor Vehicle in Transport,Pedestrian,1,True,,,,,,,2424.68003526541,QUINCE RD,0.6981245698011641,40.0,5,B,MEMPHIS,SHELBY,51487,0.698124569764625,City of Memphis,city_residual,city: no state-route overlap,QUINCE RD,False,False,False,City of Memphis,True,,1410.2,True,no_signal_coverage
301035593,2025-08-24,2025-08-24 14:50:00,2025,8,Sunday,14,35.069164,-89.93214,Suspected Minor Injury,Pedestrian,Intersection-Not on Roadway,AccelDecelLane,Daylight,Not Collision with Motor Vehicle in Transport,Pedestrian,1,True,GETWELL RD,Principal Arterial,40.0,7.0,176,4.0,0.4551115591263445,COMANCHE RD,0.0017265753342134,35.0,2,B,MEMPHIS,SHELBY,71151,0.0017265739080094,City of Memphis,city_residual,city: no state-route overlap,COMANCHE RD,False,False,True,City of Memphis,True,7675,17.5,False,yes
301039474,2025-09-14,2025-09-14 19:34:00,2025,9,Sunday,19,35.066723,-89.843605,Suspected Serious Injury,Pedestrian,Not Intersection-Unknown,Non-Junction,Dark-Lighted,Unknown,Other,1,True,STATE ROUTE 385,Freeway and Expressway,65.0,3.0,NONCONNAH PKWY,2.0,3.991584068948181,STATE ROUTE 385 E,0.024449502916851,65.0,3,FT,MEMPHIS,SHELBY,47693,0.024449502916851,TDOT state route,state_route_overlap,"state route: 100% overlap, name=STATE ROUTE 385",STATE ROUTE 385 E,False,False,False,TDOT state route,False,17628,24.9,True,
301039253,2025-09-14,2025-09-14 08:28:00,2025,9,Sunday,8,35.128185,-90.02065,Possible Injury,Pedestrian,Not Intersection-Outside Traffic,Non-Junction,Daylight,Not Collision with Motor Vehicle in Transport,Pedestrian,1,True,,,,,,,30.72740597491522,LAMAR AVE,27.03219033198857,40.0,6,B,MEMPHIS,SHELBY,46751,27.032190333680933,TDOT state route,state_route_overlap,"state route: 100% overlap, name=LAMAR",LAMAR AVE,False,False,False,TDOT state route,False,,207.1,False,
301035241,2025-08-22,2025-08-22 10:38:00,2025,8,Friday,10,35.107265,-90.03995,Suspected Serious Injury,Pedestrian,Not Intersection-On Roadway Not In Crosswalk,Intersection-Related,Daylight,Not Collision with Motor Vehicle in Transport,Pedestrian,1,True,,,,,,,1402.9217691469594,S PARKWAY E,0.019759615587522,35.0,5,B,MEMPHIS,SHELBY,53327,0.0197596156051546,City of Memphis,city_residual,city: no state-route overlap,S PARKWAY E,False,False,False,City of Memphis,False,18278,894.6,True,
301035434,2025-08-23,2025-08-23 18:20:00,2025,8,Saturday,18,35.11944,-89.90809,Possible Injury,Pedestrian,Intersection-In Crosswalk,Intersection,Daylight,Not Collision with Motor Vehicle in Transport,Pedestrian,1,True,,,,,,,265.6400222210493,PERKINS ROAD EXT,39.17481293500977,35.0,5,B,MEMPHIS,SHELBY,53637,39.174812934984935,City of Memphis,city_residual,city: no state-route overlap,PERKINS ROAD EXT,False,False,False,City of Memphis,True,,254.0,True,no_signal_coverage
301037973,2025-09-06,2025-09-06 19:54:00,2025,9,Saturday,19,35.03558,-90.007515,Suspected Serious Injury,Pedestrian,Intersection-In Crosswalk,Intersection,Dark-Lighted,Not Collision with Motor Vehicle in Transport,Pedestrian,1,True,,,,,,,1610.1150033923598,MILLBRANCH RD,0.0690957689695692,40.0,4,B,MEMPHIS,SHELBY,49779,0.0690957689502935,City of Memphis,city_residual,city: no state-route overlap,MILLBRANCH RD,False,False,False,City of Memphis,True,11079,1592.3,False,no
300980509,2024-10-17,2024-10-17 09:43:00,2024,10,Thursday,9,35.114505,-89.902893,Fatal,Pedestrian,Intersection-In Crosswalk,Intersection,Daylight,Not Collision with Motor Vehicle in Transport,Pedestrian,1,True,,,,,,,33.41056102570867,POPLAR AVE,29.028949480918747,40.0,7,B,MEMPHIS,SHELBY,47118,29.028949480754488,TDOT state route,state_route_overlap,"state route: 100% overlap, name=POPLAR",POPLAR AVE,False,False,False,TDOT state route,True,,35.8,True,no_signal_coverage
301038869,2025-09-12,2025-09-12 00:22:00,2025,9,Friday,0,35.20825,-90.00381,Possible Injury,Pedestrian,Not Intersection-On Roadway Not In Crosswalk,Non-Junction,Dark-Lighted,Not Collision with Motor Vehicle in Transport,Pedestrian,1,True,,,,,,,2539.4347316623484,WHITNEY AVE,0.1445836923110096,40.0,2,B,MEMPHIS,SHELBY,2757,0.1445836923153812,City of Memphis,city_residual,city: no state-route overlap,WHITNEY AVE,False,False,False,City of Memphis,False,21005,1706.4,True,
301038388,2025-09-08,2025-09-08 11:45:00,2025,9,Monday,11,35.106586,-89.89542,Possible Injury,Pedestrian,Intersection-In Crosswalk,Intersection-Related,Daylight,Not Collision with Motor Vehicle in Transport,Pedestrian,1,True,,,,,,,589.6945051060169,PARK AVE,0.2394355724660056,40.0,4,B,MEMPHIS,SHELBY,51567,0.2394355724660056,City of Memphis,city_residual,city: no state-route overlap,PARK AVE,False,False,False,City of Memphis,True,20267,588.3,False,no
301039120,2025-09-12,2025-09-12 23:15:00,2025,9,Friday,23,35.071957,-90.058495,Possible Injury,Pedestrian,Not Intersection-Unknown,AccelDecelLane,Dark-Not Lighted,Not Collision with Motor Vehicle in Transport,Pedestrian,1,True,S THIRD ST,Principal Arterial,45.0,7.0,14,6.0,18.038743398136862,S THIRD ST,18.69566105417112,45.0,7,B,MEMPHIS,SHELBY,47482,18.695661053490863,TDOT state route,state_route_overlap,"state route: 100% overlap, name=S THIRD",S THIRD ST,False,False,False,TDOT state route,False,,614.2,False,
301037797,2025-09-05,2025-09-05 15:25:00,2025,9,Friday,15,35.199127,-89.9446,Possible Injury,Pedestrian,Intersection-In Crosswalk,Intersection,Daylight,Not Collision with Motor Vehicle in Transport,Pedestrian,1,True,,,,,,,1779.5691499464658,STAGE JAMES RD,0.0572415567240273,45.0,7,B,MEMPHIS,SHELBY,49962,0.0572415567276005,City of Memphis,city_residual,city: no state-route overlap,STAGE JAMES RD,False,False,False,City of Memphis,True,15888,1965.0,False,no
301037388,2025-09-03,2025-09-03 15:35:00,2025,9,Wednesday,15,35.2081,-89.97567,Possible Injury,Pedestrian,Intersection-In Crosswalk,Intersection,Daylight,Not Collision with Motor Vehicle in Transport,Pedestrian,1,True,,,,,,,4653.263031544003,WHITNEY AVE,0.003440059025238,40.0,4,B,MEMPHIS,SHELBY,2946,0.003440059025238,City of Memphis,city_residual,city: no state-route overlap,WHITNEY AVE,False,False,False,City of Memphis,True,22799,1637.7,False,no
300996345,2025-01-14,2025-01-14 01:05:00,2025,1,Tuesday,1,35.123558,-89.86841,Suspected Serious Injury,Pedestrian,Not Intersection-On Roadway Crosswalk not Available,Non-Junction,Dark-Lighted,Front to Rear,Other,2,True,,,,,,,826.4338425234458,INTERSTATE 240 E,3.1013871209593407,65.0,3,FT,MEMPHIS,SHELBY,39732,3.1013871210227637,Interstate (TDOT),interstate_mainline,interstate: MTFCC S1100,INTERSTATE 240 E,True,False,False,Interstate (TDOT),False,,817.2,False,
301035290,2025-08-18,2025-08-18 14:32:00,2025,8,Monday,14,35.148895,-90.04847,Unknown,Other Non-Motorist,Intersection-Unknown,OtherLocation,Daylight,Not Collision with Motor Vehicle in Transport,Other,1,True,N THIRD ST,Minor Arterial,35.0,3.0,3,6.0,9.448117389995785,N B B KING BLVD,7.644904195725398,35.0,3,FT,MEMPHIS,SHELBY,53242,7.644904195932775,TDOT state route,state_route_overlap,"state route: 100% overlap, name=N B B KING",N B B KING BLVD,False,False,False,TDOT state route,True,,144.9,True,no_signal_coverage
301035667,2025-08-25,2025-08-25 07:35:00,2025,8,Monday,7,35.08577,-89.9109,Possible Injury,Pedestrian,Intersection-On Roadway Crosswalk Not Available,Intersection,Daylight,Not Collision with Motor Vehicle in Transport,Pedestrian,2,True,,,,,,,1951.0915136021013,SEA ISLE RD,0.0171013904512618,30.0,2,B,MEMPHIS,SHELBY,74109,0.0171013904812706,City of Memphis,city_residual,city: no state-route overlap,SEA ISLE RD,False,False,False,City of Memphis,True,23974,803.9,False,no_signal_coverage
301038185,2025-09-08,2025-09-08 05:30:00,2025,9,Monday,5,35.05026,-89.87318,No Injury,Pedestrian,Unknown,Through Roadway,Dark-Lighted,Other,Other,1,True,,,,,,,2829.0808640840023,WINCHESTER RD,0.1275709966362224,45.0,7,B,MEMPHIS,SHELBY,49427,0.1275710022925754,City of Memphis,city_residual,city: no state-route overlap,WINCHESTER RD,False,False,False,City of Memphis,False,13421,166.8,True,
301035093,2025-08-21,2025-08-21 12:00:00,2025,8,Thursday,12,35.1602,-90.03969,No Injury,Pedestrian,Not Intersection-Other Not On Roadway,Intersection,Daylight,Not Collision with Motor Vehicle in Transport,Other,1,True,,,,,,,264.86289815066084,N SIXTH ST,18.0976808828168,30.0,2,B,MEMPHIS,SHELBY,80655,18.09768088322618,City of Memphis,city_residual,city: no state-route overlap,N SIXTH ST,False,False,False,City of Memphis,False,18652,418.8,True,
301038688,2025-09-10,2025-09-10 13:30:00,2025,9,Wednesday,13,35.19589,-89.80971,Possible Injury,Pedestrian,Intersection-In Crosswalk,Intersection,Daylight,Not Collision with Motor Vehicle in Transport,Pedestrian,1,True,,,,,,,974.647620950297,LAURELCREST DR,21.87696428176276,30.0,2,B,MEMPHIS,SHELBY,29278,21.87696428181745,City of Memphis,city_residual,city: no state-route overlap,LAURELCREST DR,False,False,False,City of Memphis,True,,1050.3,True,no_signal_coverage
301037265,2025-09-03,2025-09-03 05:40:00,2025,9,Wednesday,5,35.12847,-89.87194,No Injury,Pedestrian,Not Intersection-Other Not On Roadway,"Driveway, Alley Access, etc",Dawn,Not Collision with Motor Vehicle in Transport,Other,1,True,,,,,,,290.26117287959715,N ANGELA RD,35.11450900113669,30.0,2,B,MEMPHIS,SHELBY,76144,35.11450900224309,City of Memphis,city_residual,city: no state-route overlap,N ANGELA RD,False,False,False,City of Memphis,False,,412.0,False,
301037269,2025-08-30,2025-08-30 00:00:00,2025,8,Saturday,99,35.020878,-90.02629,Suspected Serious Injury,Pedestrian,Not Intersection-In Crosswalk,AccelDecelLane,Unknown,Not Collision with Motor Vehicle in Transport,Pedestrian,1,True,E SHELBY DR,Minor Arterial,45.0,5.0,175,6.0,13.08049553139796,E SHELBY DR,8.417620069590336,45.0,5,B,MEMPHIS,SHELBY,49711,8.417620068001625,TDOT state route,state_route_overlap,"state route: 100% overlap, name=E SHELBY",E SHELBY DR,False,False,False,TDOT state route,False,,420.0,False,
301035706,2025-08-25,2025-08-25 08:55:00,2025,8,Monday,8,35.125347,-90.05519,Suspected Minor Injury,Pedestrian,Not Intersection-Outside Traffic,Intersection-Related,Daylight,Not Collision with Motor Vehicle in Transport,Other,1,True,S THIRD ST,Minor Arterial,35.0,5.0,14,6.0,26.74802876781674,S B B KING BLVD,27.15220155264964,35.0,5,B,MEMPHIS,SHELBY,53402,27.152201552649636,TDOT state route,state_route_overlap,"state route: 100% overlap, name=S B B KING",S B B KING BLVD,False,False,False,TDOT state route,False,,89.3,False,
301038931,2025-09-11,2025-09-11 06:37:00,2025,9,Thursday,6,35.06899,-89.96371,Possible Injury,Pedestrian,Intersection-In Crosswalk,Intersection,Dawn,Not Collision with Motor Vehicle in Transport,Pedestrian,1,True,,,,,,,1409.2061557771303,DEMOCRAT RD,0.0016861312995763,45.0,5,B,MEMPHIS,SHELBY,53710,0.0016861313393115,City of Memphis,city_residual,city: no state-route overlap,DEMOCRAT RD,False,False,False,City of Memphis,True,5242,2.7,False,yes
301036456,2025-08-29,2025-08-29 07:40:00,2025,8,Friday,7,35.016445,-89.989845,Possible Injury,Pedestrian,Intersection-Not on Roadway,Intersection,Daylight,Not Collision with Motor Vehicle in Transport,Pedestrian,1,True,,,,,,,514.9544779339383,AIRWAYS BLVD,0.1392059626788363,45.0,7,B,MEMPHIS,SHELBY,53447,0.1392059626803928,City of Memphis,city_residual,city: no state-route overlap,AIRWAYS BLVD,False,False,False,City of Memphis,True,,491.3,True,no_signal_coverage
301029586,2025-07-17,2025-07-17 00:16:00,2025,7,Thursday,0,35.152752,-89.951546,Suspected Serious Injury,Pedestrian,Not Intersection-On Roadway Not In Crosswalk,Non-Junction,Dark-Lighted,Not Collision with Motor Vehicle in Transport,Pedestrian,1,True,,,,,,,371.7110853552956,N HOLMES ST,23.85624798519942,35.0,2,B,MEMPHIS,SHELBY,83091,23.85624798519942,City of Memphis,city_residual,city: no state-route overlap,N HOLMES ST,False,False,False,City of Memphis,False,,483.8,False,
301038500,2025-09-08,2025-09-08 16:00:00,2025,9,Monday,16,35.165207,-89.861404,Possible Injury,Pedestrian,Intersection-On Roadway Crosswalk Not Available,AccelDecelLane,Daylight,Not Collision with Motor Vehicle in Transport,Pedestrian,1,True,,,,,,,978.034449998758,INTERSTATE 40 E,0.0487716277268189,65.0,4,FT,MEMPHIS,SHELBY,39681,0.0487716290147104,Interstate (TDOT),interstate_mainline,interstate: MTFCC S1100,INTERSTATE 40 E,True,False,False,Interstate (TDOT),True,,70.6,True,no_signal_coverage
301042568,2025-10-02,2025-10-02 11:30:00,2025,10,Thursday,11,35.13921,-90.019516,Possible Injury,Pedestrian,Intersection-On Roadway Crosswalk availability Unknown,Intersection-Related,Daylight,Not Collision with Motor Vehicle in Transport,Pedestrian,1,True,,,,,,,224.778291877628,N MONTGOMERY ST,0.0324722270946526,30.0,2,B,MEMPHIS,SHELBY,80931,0.0324722272591445,City of Memphis,city_residual,city: no state-route overlap,N MONTGOMERY ST,False,False,False,City of Memphis,True,18960,228.8,False,no
301044910,2025-10-16,2025-10-16 18:51:00,2025,10,Thursday,18,35.11567,-89.971756,Possible Injury,Pedestrian,Intersection-Not on Roadway,Intersection,Dawn,Angle,Other,1,True,,,,,,,1160.4270258152897,SOUTHERN AVE,0.148059678445836,35.0,3,B,MEMPHIS,SHELBY,51051,0.148059678455617,City of Memphis,city_residual,city: no state-route overlap,SOUTHERN AVE,False,False,False,City of Memphis,True,5133,1173.8,False,no_signal_coverage
301043683,2025-09-08,2025-09-08 10:22:00,2025,9,Monday,10,35.00638,-90.025276,Suspected Minor Injury,Pedestrian,Intersection-In Crosswalk,Intersection,Daylight,Not Collision with Motor Vehicle in Transport,Pedestrian,1,True,ELVIS PRESLEY BLVD,Principal Arterial,40.0,5.0,3,3.0,0.3272990056877377,ELVIS PRESLEY BLVD,0.0222494369773176,40.0,5,B,MEMPHIS,SHELBY,46482,0.0222494369773083,TDOT state route,state_route_overlap,"state route: 100% overlap, name=ELVIS PRESLEY",ELVIS PRESLEY BLVD,False,False,False,TDOT state route,True,10690,23.0,False,yes
301041612,2025-09-25,2025-09-25 18:00:00,2025,9,Thursday,18,35.11603,-89.9412,Suspected Minor Injury,Pedestrian,Intersection-Unknown,Intersection,Daylight,Not Collision with Motor Vehicle in Transport,Pedestrian,1,True,,,,,,,1176.8374166005167,PATTERSON ST,1.163125526570893,30.0,2,B,MEMPHIS,SHELBY,83160,1.1631255265326532,City of Memphis,city_residual,city: no state-route overlap,PATTERSON ST,False,False,False,City of Memphis,True,21958,1332.4,False,no_signal_coverage
300979829,2024-10-14,2024-10-14 00:32:00,2024,10,Monday,0,35.17534,-89.83642,Fatal,Pedestrian,Intersection-On Roadway not in Crosswalk,Non-Junction,Dark-Not Lighted,Front to Rear,Other,1,True,,,,,,,2005.1337079199047,INTERSTATE 40 W,0.3972598566677165,65.0,4,TF,MEMPHIS,SHELBY,39695,0.3972598553935597,Interstate (TDOT),interstate_mainline,interstate: MTFCC S1100,INTERSTATE 40 W,True,False,False,Interstate (TDOT),True,,127.2,True,no_signal_coverage
301041423,2025-09-26,2025-09-26 14:00:00,2025,9,Friday,14,35.027298,-90.02953,Possible Injury,Pedestrian,Not Intersection-On Roadway Crosswalk not Available,Unknown,Daylight,Not Collision with Motor Vehicle in Transport,Pedestrian,1,True,,,,,,,396.057492659055,HALE RD,31.163187957989145,35.0,2,B,MEMPHIS,SHELBY,72301,31.16318795798718,City of Memphis,city_residual,city: no state-route overlap,HALE RD,False,False,False,City of Memphis,False,,489.8,False,
301041424,2025-09-26,2025-09-26 08:34:00,2025,9,Friday,8,35.11543,-90.02773,Fatal,Pedestrian,Not Intersection-On Roadway Not In Crosswalk,Non-Junction,Daylight,Not Collision with Motor Vehicle in Transport,Pedestrian,1,True,,,,,,,553.894085478226,E MCLEMORE AVE,0.0185862455630299,35.0,4,B,MEMPHIS,SHELBY,50962,0.0185862455472617,City of Memphis,city_residual,city: no state-route overlap,E MCLEMORE AVE,False,False,False,City of Memphis,False,8724,632.0,True,
301045294,2025-10-18,2025-10-18 20:19:00,2025,10,Saturday,20,35.106754,-90.02136,Possible Injury,Pedestrian,Intersection-Unknown,Intersection-Related,Dark-Not Lighted,Not Collision with Motor Vehicle in Transport,Pedestrian,1,True,ELVIS PRESLEY BLVD,Minor Arterial,40.0,4.0,3,4.0,19.35026807373949,KERR AVE,14.998917741695848,35.0,3,B,MEMPHIS,SHELBY,5121,14.998917741703275,City of Memphis,city_residual,city: no state-route overlap,KERR AVE,False,False,False,City of Memphis,True,12033,23.1,False,yes