MstrRecNbrTxt,CollisionDate,CollisionDteTime,YearNmb,Month,DayOfWeek,Hour,Latitude,Longitude,InjuryClass,PersonType,NonMotoristLocation,RelationToJunction,LightCondition,MannerOfCollision,FirstHarmfulEvent,VictimsInCrash,InMemphis,StateRoute_NAME,StateRoute_F_System,StateRoute_SPDLIMIT,StateRoute_LANES,StateRoute_ALTNAME_1,StateRoute_Council_District,DistToStateRoute_m,Street_Name,DistToStreet_m,Street_SPDLIMIT,Street_LANES,Street_ONEWAY,Street_CITY_L,Street_COUNTY_L,Seg_OBJECTID,DistToSeg_m,Ownership,Rule_Fired,Classification_Basis,Matched_Street,is_limited_access,is_override,is_corner_case,Jurisdiction_prev,at_intersection,intersection_node_id,nearest_ped_signal_m,is_ambiguous_intersection,intersection_signalized
301043008,2025-10-04,2025-10-04 14:35:00,2025,10,Saturday,14,35.146854,-90.05074,Possible Injury,Pedestrian,Intersection-In Crosswalk,Intersection-Related,Daylight,Not Collision with Motor Vehicle in Transport,Pedestrian,1,True,N SECOND ST,Minor Arterial,35.0,2.0,3,6.0,2.193010750729392,JEFFERSON AVE,0.124207517587769,40.0,3,B,MEMPHIS,SHELBY,3358,0.124207517587769,City of Memphis,city_residual,city: no state-route overlap,JEFFERSON AVE,False,False,True,City of Memphis,True,16848,328.6,False,no
301040344,2025-09-20,2025-09-20 05:28:00,2025,9,Saturday,5,35.05225,-89.95168,Possible Injury,Pedestrian,Not Intersection-On Roadway Not In Crosswalk,Intersection-Related,Dark-Not Lighted,Not Collision with Motor Vehicle in Transport,Pedestrian,1,True,,,,,,,1608.6097467407722,NEW TCHULAHOMA RD,0.0288790862327099,45.0,4,B,MEMPHIS,SHELBY,76953,0.0288790862334694,City of Memphis,city_residual,city: no state-route overlap,NEW TCHULAHOMA RD,False,False,False,City of Memphis,False,21224,25.3,True,
301041181,2025-09-24,2025-09-24 12:17:00,2025,9,Wednesday,12,35.149208,-90.051216,Possible Injury,Pedestrian,Not Intersection-On Roadway Crosswalk not Available,Non-Junction,Daylight,Angle,Other,1,True,,,,,,,121.00815732873208,N MAIN ST,0.2032455850049689,0.0,1,N,MEMPHIS,SHELBY,84799,0.2032455850036201,City of Memphis,city_residual,city: no state-route overlap,N MAIN ST,False,False,False,City of Memphis,False,20714,146.2,True,
301044731,2025-10-15,2025-10-15 15:00:00,2025,10,Wednesday,15,35.177223,-89.772156,Possible Injury,Pedestrian,Intersection-In Crosswalk,Intersection,Daylight,Not Collision with Motor Vehicle in Transport,Pedestrian,1,True,,,,,,,1895.0852861941555,DEXTER RD,0.3821585360243487,40.0,4,B,MEMPHIS,SHELBY,70403,0.3821585360130833,City of Memphis,city_residual,city: no state-route overlap,DEXTER RD,False,False,False,City of Memphis,True,6937,1867.1,False,no
301009099,2025-03-28,2025-03-28 20:21:00,2025,3,Friday,20,35.051848,-89.950757,Fatal,Pedestrian,Not Intersection-On Roadway Not In Crosswalk,AccelDecelLane,Dark-Not Lighted,Not Collision with Motor Vehicle in Transport,Pedestrian,1,True,,,,,,,1527.137309524894,WINCHESTER RD,42.975164230656205,45.0,7,B,MEMPHIS,SHELBY,49322,42.975164230623406,City of Memphis,city_residual,city: no state-route overlap,WINCHESTER RD,False,False,False,City of Memphis,False,,71.1,False,
301040976,2025-09-23,2025-09-23 15:23:00,2025,9,Tuesday,15,35.144268,-90.0191,Possible Injury,Pedestrian,Not Intersection-On Roadway Not In Crosswalk,Non-Junction,Daylight,Not Collision with Motor Vehicle in Transport,Pedestrian,1,True,,,,,,,786.4388911869273,POPLAR AVE,0.0651875378609344,40.0,7,B,MEMPHIS,SHELBY,50404,0.0651875384020109,City of Memphis,city_residual,city: no state-route overlap,POPLAR AVE,False,False,False,City of Memphis,False,20791,174.2,True,
301042873,2025-10-03,2025-10-03 16:30:00,2025,10,Friday,16,35.15542,-90.03106,Possible Injury,Pedestrian,Intersection-On Roadway not in Crosswalk,Intersection,Daylight,Not Collision with Motor Vehicle in Transport,Other,1,True,N PARKWAY,Minor Arterial,40.0,2.0,1,7.0,4.204519428126568,N DUNLAP ST,5.8569937838314114,30.0,2,FT,MEMPHIS,SHELBY,84530,5.85699378370729,City of Memphis,city_residual,city: no state-route overlap,N DUNLAP ST,False,False,True,City of Memphis,True,20512,7.3,False,yes
301043778,2025-10-09,2025-10-09 09:05:00,2025,10,Thursday,9,35.20177,-89.73099,Suspected Minor Injury,Pedestrian,Not Intersection-Outside Traffic,Intersection,Daylight,Not Collision with Motor Vehicle in Transport,Pedestrian,1,True,,,,,,,453.3135650318636,N HOUSTON LEVEE RD,2.5277065841588064,40.0,3,B,MEMPHIS,SHELBY,75180,2.5277065821565703,City of Memphis,city_residual,city: no state-route overlap,N HOUSTON LEVEE RD,False,False,False,City of Memphis,False,5433,438.7,True,
301040384,2025-09-19,2025-09-19 14:51:00,2025,9,Friday,14,35.107742,-89.94052,Suspected Serious Injury,Pedestrian,Intersection-In Crosswalk,Intersection,Daylight,Not Collision with Motor Vehicle in Transport,Pedestrian,1,True,,,,,,,2052.6458342245955,PARK AVE,0.4162444380157968,40.0,5,B,MEMPHIS,SHELBY,51272,0.4162444365969909,City of Memphis,city_residual,city: no state-route overlap,PARK AVE,False,False,False,City of Memphis,True,21847,2223.1,False,no
301041867,2025-09-29,2025-09-29 08:05:00,2025,9,Monday,8,35.106373,-90.05563,Possible Injury,Pedestrian,Not Intersection-On Roadway Crosswalk not Available,Non-Junction,Daylight,Not Collision with Motor Vehicle in Transport,Pedestrian,1,True,S THIRD ST,Principal Arterial,40.0,4.0,14,6.0,23.14763077746833,S THIRD ST,23.55642930107356,40.0,4,B,MEMPHIS,SHELBY,46929,23.556429301487185,TDOT state route,state_route_overlap,"state route: 100% overlap, name=S THIRD",S THIRD ST,False,False,False,TDOT state route,False,,122.7,False,
301040183,2025-09-17,2025-09-17 16:30:00,2025,9,Wednesday,16,35.052525,-89.89914,Suspected Serious Injury,Pedestrian,Intersection-In Crosswalk,Intersection-Related,Daylight,Not Collision with Motor Vehicle in Transport,Pedestrian,1,True,,,,,,,2042.9670857954225,TALL OAKS CIR,25.75252100170217,30.0,2,B,MEMPHIS,SHELBY,9678,25.7525210015449,City of Memphis,city_residual,city: no state-route overlap,TALL OAKS CIR,False,False,False,City of Memphis,True,,229.4,True,no_signal_coverage
301041664,2025-09-28,2025-09-28 05:25:00,2025,9,Sunday,5,35.04951,-89.843796,Suspected Serious Injury,Pedestrian,Intersection-On Roadway not in Crosswalk,Unknown,Dark-Lighted,Not Collision with Motor Vehicle in Transport,Pedestrian,1,True,,,,,,,1280.4231028394186,KIRBY PKWY,0.0872735107580843,45.0,6,B,MEMPHIS,SHELBY,53544,0.0872735107580843,City of Memphis,city_residual,city: no state-route overlap,KIRBY PKWY,False,False,False,City of Memphis,True,17623,26.5,False,yes
301044563,2025-10-14,2025-10-14 14:55:00,2025,10,Tuesday,14,35.211857,-90.03222,Possible Injury,Pedestrian,Not Intersection-Other Not On Roadway,OtherLocation,Daylight,"Sideswipe, Opposite Direction",Other,1,True,THOMAS ST,,40.0,2.0,3,7.0,1.028504604645451,MARSH AVE,0.0179438465741742,30.0,2,B,MEMPHIS,SHELBY,2674,0.0179438494071946,City of Memphis,city_residual,city: no state-route overlap,MARSH AVE,False,False,False,City of Memphis,False,19232,16.2,True,
301041549,2025-09-27,2025-09-27 08:00:00,2025,9,Saturday,8,35.10576,-89.96588,Possible Injury,Pedestrian,Intersection-On Roadway Crosswalk availability Unknown,Non-Junction,Daylight,Not Collision with Motor Vehicle in Transport,Pedestrian,1,True,,,,,,,1072.2631446070257,HAYNES ST,0.0357901691995943,35.0,2,B,MEMPHIS,SHELBY,82740,0.035790169289135,City of Memphis,city_residual,city: no state-route overlap,HAYNES ST,False,False,False,City of Memphis,True,15442,1208.8,False,no_signal_coverage
301044028,2025-10-10,2025-10-10 17:40:00,2025,10,Friday,17,35.238167,-89.93071,Possible Injury,Pedestrian,Intersection-Unknown,AccelDecelLane,Daylight,Not Collision with Motor Vehicle in Transport,Pedestrian,1,True,,,,,,,2709.7926375979814,VOLTAIRE AVE,0.1380146852321412,30.0,2,FT,MEMPHIS,SHELBY,7401,0.1380146852339653,City of Memphis,city_residual,city: no state-route overlap,VOLTAIRE AVE,False,False,False,City of Memphis,True,24740,2696.1,False,no_signal_coverage
301043341,2025-10-07,2025-10-07 06:50:00,2025,10,Tuesday,6,35.03771,-90.034676,Possible Injury,Pedestrian,Not Intersection-On Roadway Crosswalk not Available,Non-Junction,Dark-Lighted,Not Collision with Motor Vehicle in Transport,Pedestrian,1,True,,,,,,,868.8472993994704,AUBURN RD,28.86525792882676,35.0,2,B,MEMPHIS,SHELBY,72308,28.86525792879436,City of Memphis,city_residual,city: no state-route overlap,AUBURN RD,False,False,False,City of Memphis,False,,916.6,False,
301040416,2025-09-20,2025-09-20 15:50:00,2025,9,Saturday,15,35.128716,-90.02107,Suspected Serious Injury,Pedestrian,Intersection-In Crosswalk,Intersection,Daylight,Not Collision with Motor Vehicle in Transport,Pedestrian,1,True,S BELLEVUE BLVD,Minor Arterial,35.0,4.0,3,6.0,0.7494499111183989,LAMAR AVE,0.1448637063314194,40.0,6,B,MEMPHIS,SHELBY,46751,0.1448637051610378,TDOT state route,state_route_overlap,"state route: 100% overlap, name=LAMAR",LAMAR AVE,False,False,False,TDOT state route,True,17995,151.2,False,no
301041927,2025-09-29,2025-09-29 17:57:00,2025,9,Monday,17,35.1495,-89.95806,Possible Injury,Pedestrian,Intersection-Not on Roadway,OtherLocation,Daylight,Not Collision with Motor Vehicle in Transport,Pedestrian,1,True,SUMMER AVE,Principal Arterial,35.0,5.0,1,5.0,1.8559572984471733,SUMMER AVE,6.5094853637963,35.0,5,B,MEMPHIS,SHELBY,48025,6.509485362912496,TDOT state route,state_route_overlap,"state route: 100% overlap, name=SUMMER",SUMMER AVE,False,False,False,TDOT state route,True,2094,186.2,False,no
301043079,2025-10-05,2025-10-05 04:20:00,2025,10,Sunday,4,35.034657,-89.82265,No Injury,Pedestrian,Unknown,Through Roadway,Dark-Lighted,Not Collision with Motor Vehicle in Transport,Other,4,True,,,,,,,1622.1717322948932,S GERMANTOWN RD,36.71324685513077,35.0,2,B,MEMPHIS,SHELBY,71519,36.71324685513077,City of Memphis,city_residual,city: no state-route overlap,S GERMANTOWN RD,False,False,False,City of Memphis,False,,777.5,False,
301036595,2025-08-29,2025-08-29 20:39:00,2025,8,Friday,20,35.06132,-90.029419,Fatal,Pedestrian,Intersection-On Roadway not in Crosswalk,Non-Junction,Dark-Not Lighted,Not Collision with Motor Vehicle in Transport,Pedestrian,1,True,,,,,,,516.7199710751071,E BROOKS RD,37.94341036100169,45.0,5,B,MEMPHIS,SHELBY,49716,37.94341036214112,City of Memphis,city_residual,city: no state-route overlap,E BROOKS RD,False,False,False,City of Memphis,True,,511.8,True,no_signal_coverage
301040020,2025-09-17,2025-09-17 21:28:00,2025,9,Wednesday,21,35.15216,-89.9513,Possible Injury,Pedestrian,Not Intersection-Bike Path,Non-Junction,Dark-Lighted,Not Collision with Motor Vehicle in Transport,Pedestrian,1,True,,,,,,,305.6768823863827,TUTWILER AVE,0.0391466890137633,35.0,2,B,MEMPHIS,SHELBY,5705,0.0391466847665679,City of Memphis,city_residual,city: no state-route overlap,TUTWILER AVE,False,False,False,City of Memphis,False,20663,419.8,True,
301043431,2025-10-07,2025-10-07 08:02:00,2025,10,Tuesday,8,35.07825,-89.9936,Possible Injury,Pedestrian,Not Intersection-Outside Traffic,Non-Junction,Daylight,Not Collision with Motor Vehicle in Transport,Pedestrian,1,True,,,,,,,2323.666678701968,E ALCY RD,9.162982969480998,40.0,3,B,MEMPHIS,SHELBY,74904,9.162982968478172,City of Memphis,city_residual,city: no state-route overlap,E ALCY RD,False,False,False,City of Memphis,False,,815.9,False,
301040476,2025-09-20,2025-09-20 08:05:00,2025,9,Saturday,8,35.16808,-89.93954,No Injury,Pedestrian,Not Intersection-Other Not On Roadway,Intersection,Daylight,Not Collision with Motor Vehicle in Transport,Other,1,True,,,,,,,550.1395581038408,FAIRMONT AVE,19.71856430163896,30.0,2,B,MEMPHIS,SHELBY,5878,19.71856430163896,City of Memphis,city_residual,city: no state-route overlap,FAIRMONT AVE,False,False,False,City of Memphis,False,12427,808.8,True,
301040919,2025-09-23,2025-09-23 17:05:00,2025,9,Tuesday,17,35.09142,-89.906944,No Injury,Pedestrian,Intersection-In Crosswalk,Intersection,Daylight,Not Collision with Motor Vehicle in Transport,Pedestrian,1,True,,,,,,,2531.34989513454,QUINCE RD,0.1497546854362202,40.0,4,B,MEMPHIS,SHELBY,51499,0.149754685436362,City of Memphis,city_residual,city: no state-route overlap,QUINCE RD,False,False,False,City of Memphis,True,22639,1356.8,False,no
301023291,2025-06-14,2025-06-14 05:15:00,2025,6,Saturday,5,35.10749,-89.930664,Fatal,Pedestrian,Not Intersection-On Roadway Not In Crosswalk,Non-Junction,Dark-Lighted,Not Collision with Motor Vehicle in Transport,Pedestrian,1,True,,,,,,,1857.8450042654704,PARK AVE,0.4329625577724709,40.0,5,B,MEMPHIS,SHELBY,51342,0.4329625577482393,City of Memphis,city_residual,city: no state-route overlap,PARK AVE,False,False,False,City of Memphis,False,13949,1853.5,True,
301046014,2025-10-23,2025-10-23 09:25:00,2025,10,Thursday,9,35.177326,-89.93802,Suspected Minor Injury,Pedestrian,Intersection-On Roadway not in Crosswalk,Intersection,Daylight,Not Collision with Motor Vehicle in Transport,Pedestrian,1,True,JACKSON AVE,Principal Arterial,40.0,6.0,14,7.0,3.1061729446216577,JACKSON AVE,0.1214183796351098,40.0,6,B,MEMPHIS,SHELBY,48246,0.1214183787242562,TDOT state route,state_route_overlap,"state route: 100% overlap, name=JACKSON",JACKSON AVE,False,False,False,TDOT state route,True,6698,96.9,False,no
301045971,2025-10-17,2025-10-17 18:30:00,2025,10,Friday,18,35.138756,-90.03589,Possible Injury,Pedestrian,Intersection-In Crosswalk,Intersection,Dark-Lighted,Not Collision with Motor Vehicle in Transport,Pedestrian,1,True,UNION AVE,Principal Arterial,35.0,5.0,3,6.0,4.756497215816589,UNION AVE,0.1755132707713826,35.0,5,B,MEMPHIS,SHELBY,46688,0.1755132721701155,TDOT state route,state_route_overlap,"state route: 100% overlap, name=UNION",UNION AVE,False,False,False,TDOT state route,True,23611,1.3,False,yes
301045897,2025-10-22,2025-10-22 19:28:00,2025,10,Wednesday,19,35.006374,-90.00265,No Injury,Pedestrian,Not Intersection-Other Not On Roadway,AccelDecelLane,Dark-Lighted,Other,Other,2,True,,,,,,,1630.1982347992075,E HOLMES RD,6.848437545511397,40.0,5,B,MEMPHIS,SHELBY,76261,6.848437543397302,City of Memphis,city_residual,city: no state-route overlap,E HOLMES RD,False,False,False,City of Memphis,False,,1620.8,False,
301045998,2025-10-21,2025-10-21 15:20:00,2025,10,Tuesday,15,35.199173,-89.94291,Possible Injury,Pedestrian,Not Intersection-On Roadway Crosswalk not Available,Intersection-Related,Daylight,Not Collision with Motor Vehicle in Transport,Pedestrian,1,True,,,,,,,1630.0299942078664,STAGE JAMES RD,2.5006435433226715,45.0,7,B,MEMPHIS,SHELBY,49962,2.5006435428852947,City of Memphis,city_residual,city: no state-route overlap,STAGE JAMES RD,False,False,False,City of Memphis,False,,1875.1,False,
301046096,2025-10-21,2025-10-21 13:05:00,2025,10,Tuesday,13,35.169518,-89.97556,Possible Injury,Pedestrian,Intersection-On Roadway not in Crosswalk,Intersection,Daylight,Not Collision with Motor Vehicle in Transport,Pedestrian,1,True,,,,,,,1278.4483554440867,N HOLLYWOOD ST,0.2332975921073947,40.0,5,B,MEMPHIS,SHELBY,50743,0.2332975921073046,City of Memphis,city_residual,city: no state-route overlap,N HOLLYWOOD ST,False,False,False,City of Memphis,True,16313,1270.6,False,no
301049595,2025-11-07,2025-11-07 18:45:00,2025,11,Friday,18,35.182797,-89.871076,Possible Injury,Pedestrian,Intersection-In Crosswalk,Intersection,Dark-Lighted,Not Collision with Motor Vehicle in Transport,Pedestrian,1,True,,,,,,,949.2899377645092,RALEIGH LAGRANGE RD,2.0133679875413506,45.0,2,B,MEMPHIS,SHELBY,51812,2.013367987948802,City of Memphis,city_residual,city: no state-route overlap,RALEIGH LAGRANGE RD,False,False,False,City of Memphis,True,22733,16.3,False,yes
301049242,2025-11-08,2025-11-08 18:45:00,2025,11,Saturday,18,35.16192,-89.91128,Suspected Serious Injury,Pedestrian,Not Intersection-On Roadway Crosswalk Availability Unknown,Non-Junction,Dark-Lighted,Not Collision with Motor Vehicle in Transport,Pedestrian,1,True,,,,,,,1146.1570188591038,MACON RD,0.0105053108084426,40.0,4,B,MEMPHIS,SHELBY,51426,0.0105053136438657,City of Memphis,city_residual,city: no state-route overlap,MACON RD,False,False,False,City of Memphis,False,3143,1036.2,True,
301048242,2025-11-03,2025-11-03 16:19:00,2025,11,Monday,16,35.149467,-89.94452,Suspected Serious Injury,Pedestrian,Not Intersection-On Roadway Not In Crosswalk,Intersection,Daylight,Not Collision with Motor Vehicle in Transport,Pedestrian,1,True,SUMMER AVE,Principal Arterial,40.0,7.0,1,5.0,4.627535045821193,N HIGHLAND ST,0.0123918639376596,40.0,5,B,MEMPHIS,SHELBY,51277,0.0123918639376596,City of Memphis,city_residual,city: no state-route overlap,N HIGHLAND ST,False,False,False,City of Memphis,False,20638,8.7,True,
301034346,2025-08-17,2025-08-17 22:57:00,2025,8,Sunday,22,35.076591,-89.951198,Fatal,Pedestrian,Not Intersection-On Roadway Not In Crosswalk,Non-Junction,Dark-Lighted,Not Collision with Motor Vehicle in Transport,Pedestrian,1,True,LAMAR AVE,Principal Arterial,40.0,7.0,4,4.0,3.632508571363938,AMERICAN WAY,0.0835969782728589,45.0,7,B,MEMPHIS,SHELBY,51744,0.0835969777911993,City of Memphis,city_residual,city: no state-route overlap,AMERICAN WAY,False,False,False,City of Memphis,False,790,19.9,True,
301035572,2025-08-23,2025-08-23 23:23:00,2025,8,Saturday,23,35.091473,-89.949425,Fatal,Pedestrian,Not Intersection-On Roadway Not In Crosswalk,Non-Junction,Dark-Lighted,Front to Rear,Other,1,True,,,,,,,1267.669577651367,PRESCOTT RD,2.246028777109442,40.0,4,B,MEMPHIS,SHELBY,51161,2.246028777109442,City of Memphis,city_residual,city: no state-route overlap,PRESCOTT RD,False,False,False,City of Memphis,False,15540,979.3,True,
301050826,2025-11-16,2025-11-16 16:30:00,2025,11,Sunday,16,35.1069,-90.02119,Suspected Serious Injury,Pedestrian,Intersection-On Roadway not in Crosswalk,Intersection,Daylight,Not Collision with Motor Vehicle in Transport,Pedestrian,1,True,ELVIS PRESLEY BLVD,Minor Arterial,40.0,4.0,3,4.0,1.141694593306949,KERR AVE,0.0553073224531724,35.0,3,B,MEMPHIS,SHELBY,5121,0.0553073224529378,City of Memphis,city_residual,city: no state-route overlap,KERR AVE,False,False,True,City of Memphis,True,12033,1.2,False,yes
301048285,2025-11-03,2025-11-03 12:00:00,2025,11,Monday,12,35.148865,-90.04574,Possible Injury,Pedestrian,Not Intersection-On Roadway Crosswalk not Available,Non-Junction,Daylight,Not Collision with Motor Vehicle in Transport,Pedestrian,1,True,,,,,,,207.8913092877068,POPLAR AVE,5.824635259749002,35.0,4,B,MEMPHIS,SHELBY,53265,5.824635260967708,City of Memphis,city_residual,city: no state-route overlap,POPLAR AVE,False,False,False,City of Memphis,False,20549,187.1,True,
301049889,2025-11-12,2025-11-12 15:51:00,2025,11,Wednesday,15,35.135986,-90.0207,Possible Injury,Pedestrian,Intersection-In Crosswalk,Intersection,Daylight,Not Collision with Motor Vehicle in Transport,Pedestrian,1,True,S BELLEVUE BLVD,Major Collector,35.0,4.0,3,6.0,0.4801831011155356,S BELLEVUE BLVD,0.0872319627981699,35.0,4,B,MEMPHIS,SHELBY,46768,0.0872319627981183,TDOT state route,state_route_overlap,"state route: 100% overlap, name=S BELLEVUE",S BELLEVUE BLVD,False,False,False,TDOT state route,True,11593,151.2,False,no_signal_coverage
301047258,2025-10-29,2025-10-29 15:30:00,2025,10,Wednesday,15,35.13248,-90.01326,Possible Injury,Pedestrian,Intersection-In Crosswalk,Intersection,Daylight,Not Collision with Motor Vehicle in Transport,Other,1,True,,,,,,,447.19837869933457,PEABODY AVE,0.2901394430454418,35.0,4,B,MEMPHIS,SHELBY,3886,0.2901394430649828,City of Memphis,city_residual,city: no state-route overlap,PEABODY AVE,False,False,False,City of Memphis,True,17452,444.4,False,no_signal_coverage
300980527,2024-10-14,2024-10-14 05:07:00,2024,10,Monday,5,35.136784,-90.04561,Fatal,Pedestrian,Not Intersection-On Roadway Not In Crosswalk,Unknown,Dark-Lighted,Unknown,Other,1,True,DR MARTIN LUTHER KING JR AVE,Minor Arterial,35.0,2.0,208,6.0,5.043685059271308,DR MARTIN LUTHER KING JR AVE,0.4885788997455573,35.0,2,B,MEMPHIS,SHELBY,3392,0.4885788977474506,TDOT state route,state_route_overlap,"state route: 100% overlap, name=DR MARTIN LUTHER KING JR",DR MARTIN LUTHER KING JR AVE,False,False,False,TDOT state route,False,,212.9,False,
300990914,2024-12-13,2024-12-13 08:18:00,2024,12,Friday,8,35.116175,-90.060941,Fatal,Pedestrian,Intersection-On Roadway not in Crosswalk,Intersection,Daylight,Not Collision with Motor Vehicle in Transport,Pedestrian,1,True,,,,,,,521.6936250086578,E MCLEMORE AVE,0.2306022915966821,35.0,4,B,MEMPHIS,SHELBY,50830,0.2306022887719042,City of Memphis,city_residual,city: no state-route overlap,E MCLEMORE AVE,False,False,False,City of Memphis,True,10845,522.1,False,no
301049708,2025-11-11,2025-11-11 17:51:00,2025,11,Tuesday,17,35.062656,-89.904495,Possible Injury,Pedestrian,Intersection-On Roadway not in Crosswalk,Non-Junction,Dark-Lighted,Not Collision with Motor Vehicle in Transport,Pedestrian,1,True,,,,,,,2236.9060763310704,KNIGHT ARNOLD RD,33.27934439429552,40.0,5,B,MEMPHIS,SHELBY,53317,33.27934439429552,City of Memphis,city_residual,city: no state-route overlap,KNIGHT ARNOLD RD,False,False,False,City of Memphis,True,,104.0,True,no_signal_coverage
301050264,2025-11-14,2025-11-14 14:03:00,2025,11,Friday,14,35.139484,-90.05103,Suspected Minor Injury,Pedestrian,Not Intersection-On Roadway Crosswalk not Available,Non-Junction,Daylight,Not Collision with Motor Vehicle in Transport,Pedestrian,1,True,,,,,,,75.82993527703016,RUFUS THOMAS BLVD,0.1576202011085233,30.0,2,B,MEMPHIS,SHELBY,7933,0.1576202009533977,City of Memphis,city_residual,city: no state-route overlap,RUFUS THOMAS BLVD,False,False,False,City of Memphis,False,2681,451.4,True,
300972137,2024-08-24,2024-08-24 01:00:00,2024,8,Saturday,1,35.151814,-90.04047,Fatal,Pedestrian,Not Intersection-On Roadway Not In Crosswalk,Non-Junction,Dark-Lighted,Not Collision with Motor Vehicle in Transport,Pedestrian,1,True,N DANNY THOMAS BLVD,Principal Arterial,35.0,5.0,1,7.0,1.4394652336138214,40 W TO DANNY THOMAS BLVD,2.0374053611690552,25.0,1,FT,MEMPHIS,SHELBY,36311,2.037405361295648,Interstate ramp (TDOT),interstate_ramp,interstate ramp: MTFCC S1630,40 W TO DANNY THOMAS BLVD,True,False,False,Interstate ramp,False,,160.8,False,
301048401,2025-11-04,2025-11-04 09:14:00,2025,11,Tuesday,9,35.137985,-90.028175,Possible Injury,Pedestrian,Intersection-In Crosswalk,Intersection,Daylight,Not Collision with Motor Vehicle in Transport,Pedestrian,1,True,UNION AVE,Principal Arterial,35.0,6.0,3,6.0,4.528239216543177,UNION AVE,0.0434846282204983,35.0,6,B,MEMPHIS,SHELBY,48512,0.0434846296242903,TDOT state route,state_route_overlap,"state route: 100% overlap, name=UNION",UNION AVE,False,False,False,TDOT state route,True,23674,2.2,False,yes
300983238,2024-11-02,2024-11-02 23:02:00,2024,11,Saturday,23,35.050297,-89.87499,Fatal,Pedestrian,Intersection-Not on Roadway,Non-Junction,Dark-Lighted,Not Collision with Motor Vehicle in Transport,Pedestrian,1,True,,,,,,,2918.6298902878225,WINCHESTER RD,0.2254515550765765,45.0,7,B,MEMPHIS,SHELBY,49423,0.225451555076387,City of Memphis,city_residual,city: no state-route overlap,WINCHESTER RD,False,False,False,City of Memphis,True,7182,17.2,False,yes
301047707,2025-10-31,2025-10-31 20:05:00,2025,10,Friday,20,35.049263,-89.856575,Possible Injury,Pedestrian,Intersection-On Roadway not in Crosswalk,Intersection,Dark-Lighted,Not Collision with Motor Vehicle in Transport,Pedestrian,1,True,,,,,,,2201.683421987338,WINCHESTER RD,53.45553808751156,45.0,7,B,MEMPHIS,SHELBY,49473,53.45553808609959,City of Memphis,city_residual,city: no state-route overlap,WINCHESTER RD,False,False,False,City of Memphis,True,,89.9,True,no_signal_coverage
301046948,2025-10-26,2025-10-26 11:00:00,2025,10,Sunday,11,35.17752,-89.91791,Possible Injury,Pedestrian,Not Intersection-On Roadway Not In Crosswalk,Non-Junction,Daylight,Not Collision with Motor Vehicle in Transport,Pedestrian,1,True,,,,,,,1474.9637706576457,COMBS ST,20.46888057091646,30.0,2,B,MEMPHIS,SHELBY,83429,20.46888057104874,City of Memphis,city_residual,city: no state-route overlap,COMBS ST,False,False,False,City of Memphis,False,,1473.7,False,
301046854,2025-10-29,2025-10-29 00:40:00,2025,10,Wednesday,0,35.020817,-89.84946,Possible Injury,Pedestrian,Intersection-In Crosswalk,Intersection,Dark-Lighted,Not Collision with Motor Vehicle in Transport,Pedestrian,1,True,,,,,,,42.08015651327057,E SHELBY DR,46.75454249482093,45.0,7,B,MEMPHIS,SHELBY,46444,46.754542496245215,TDOT state route,state_route_overlap,"state route: 100% overlap, name=E SHELBY",E SHELBY DR,False,False,False,TDOT state route,True,,55.6,True,no_signal_coverage
301047066,2025-10-26,2025-10-26 00:40:00,2025,10,Sunday,0,35.02085,-89.96364,Possible Injury,Pedestrian,Not Intersection-On Roadway Not In Crosswalk,Non-Junction,Dark-Lighted,Angle,Other,1,True,E SHELBY DR,Principal Arterial,45.0,6.0,175,3.0,4.939292727594661,E SHELBY DR,0.2546311738656366,45.0,6,B,TENNESSEE AIR NATIONAL GUARD,SHELBY,47833,0.2546311767027763,TDOT state route,state_route_overlap,"state route: 100% overlap, name=E SHELBY",E SHELBY DR,False,False,False,TDOT state route,False,11200,24.7,True,
301047141,2025-10-28,2025-10-28 11:50:00,2025,10,Tuesday,11,35.09177,-89.99178,Suspected Minor Injury,Pedestrian,Not Intersection-Unknown,Unknown,Daylight,Not Collision with Motor Vehicle in Transport,Pedestrian,1,True,,,,,,,1531.8685847038255,DUNN AVE,13.956980706369976,40.0,4,B,MEMPHIS,SHELBY,4548,13.956980706369976,City of Memphis,city_residual,city: no state-route overlap,DUNN AVE,False,False,False,City of Memphis,False,,362.6,False,
301049186,2025-11-08,2025-11-08 10:10:00,2025,11,Saturday,10,35.117653,-90.037735,Possible Injury,Pedestrian,Intersection-On Roadway Crosswalk Not Available,Intersection,Daylight,Not Collision with Motor Vehicle in Transport,Pedestrian,1,True,,,,,,,783.037097364704,MISSISSIPPI BLVD,0.1340908847517581,35.0,2,B,MEMPHIS,SHELBY,50924,0.1340908847526083,City of Memphis,city_residual,city: no state-route overlap,MISSISSIPPI BLVD,False,False,False,City of Memphis,True,19979,804.2,False,no