MstrRecNbrTxt,CollisionDate,CollisionDteTime,YearNmb,Month,DayOfWeek,Hour,Latitude,Longitude,InjuryClass,PersonType,NonMotoristLocation,RelationToJunction,LightCondition,MannerOfCollision,FirstHarmfulEvent,VictimsInCrash,InMemphis,StateRoute_NAME,StateRoute_F_System,StateRoute_SPDLIMIT,StateRoute_LANES,StateRoute_ALTNAME_1,StateRoute_Council_District,DistToStateRoute_m,Street_Name,DistToStreet_m,Street_SPDLIMIT,Street_LANES,Street_ONEWAY,Street_CITY_L,Street_COUNTY_L,Seg_OBJECTID,DistToSeg_m,Ownership,Rule_Fired,Classification_Basis,Matched_Street,is_limited_access,is_override,is_corner_case,Jurisdiction_prev,at_intersection,intersection_node_id,nearest_ped_signal_m,is_ambiguous_intersection,intersection_signalized
301056819,2025-12-19,2025-12-19 17:45:00,2025,12,Friday,17,35.103554,-89.98652,Suspected Minor Injury,Pedestrian,Intersection-In Crosswalk,Intersection,Daylight,Not Collision with Motor Vehicle in Transport,Pedestrian,1,True,,,,,,,207.70878720144813,AIRWAYS BLVD,25.586255822290404,40.0,7,B,MEMPHIS,SHELBY,53409,25.58625582260541,City of Memphis,city_residual,city: no state-route overlap,AIRWAYS BLVD,False,False,False,City of Memphis,True,,213.4,True,no_signal_coverage
301061287,2026-01-17,2026-01-17 19:00:00,2026,1,Saturday,19,35.09897,-89.86536,Possible Injury,Pedestrian,Intersection-On Roadway Crosswalk availability Unknown,Intersection,Dark-Lighted,Not Collision with Motor Vehicle in Transport,Pedestrian,1,True,,,,,,,365.9550049971848,JULIAN CT,62.70102470326621,30.0,2,B,MEMPHIS,SHELBY,11058,62.70102470326621,City of Memphis,city_residual,city: no state-route overlap,JULIAN CT,False,False,False,City of Memphis,True,,393.2,True,no_signal_coverage
301059924,2026-01-09,2026-01-09 18:25:00,2026,1,Friday,18,35.107418,-90.04249,Possible Injury,Pedestrian,Intersection-Unknown,Intersection,Dark-Lighted,Not Collision with Motor Vehicle in Transport,Pedestrian,1,True,,,,,,,1170.9912292554395,S PARKWAY E,11.43768582675695,35.0,5,B,MEMPHIS,SHELBY,50893,11.43768582675695,City of Memphis,city_residual,city: no state-route overlap,S PARKWAY E,False,False,False,City of Memphis,True,19464,1114.7,False,no
301059929,2026-01-09,2026-01-09 17:48:00,2026,1,Friday,17,35.135468,-90.00271,Possible Injury,Pedestrian,Intersection-On Roadway Crosswalk availability Unknown,AccelDecelLane,Dark-Lighted,Not Collision with Motor Vehicle in Transport,Pedestrian,1,True,UNION AVE,Principal Arterial,35.0,6.0,23,5.0,4.432506166745564,S AUBURNDALE ST,0.0465325770077891,30.0,2,B,MEMPHIS,SHELBY,81306,0.0465325771694015,City of Memphis,city_residual,city: no state-route overlap,S AUBURNDALE ST,False,False,True,City of Memphis,True,23423,237.8,False,no
301057661,2025-12-22,2025-12-22 18:38:00,2025,12,Monday,18,35.1079,-89.94604,Possible Injury,Pedestrian,Intersection-In Crosswalk,Intersection,Dark-Lighted,Not Collision with Motor Vehicle in Transport,Pedestrian,1,True,,,,,,,2159.788803597963,PARK AVE,0.0267436828573803,40.0,4,B,MEMPHIS,SHELBY,51196,0.0267436842844876,City of Memphis,city_residual,city: no state-route overlap,PARK AVE,False,False,False,City of Memphis,True,21860,2188.9,False,no
301060538,2026-01-13,2026-01-13 15:53:00,2026,1,Tuesday,15,35.10859,-89.946175,Possible Injury,Pedestrian,Not Intersection-On Roadway Crosswalk not Available,Intersection-Related,Daylight,Not Collision with Motor Vehicle in Transport,Pedestrian,1,True,,,,,,,2088.7936267569253,S HIGHLAND ST,15.095439427044472,35.0,4,B,MEMPHIS,SHELBY,51197,15.095439426660793,City of Memphis,city_residual,city: no state-route overlap,S HIGHLAND ST,False,False,False,City of Memphis,False,,2112.9,False,
301062053,2026-01-22,2026-01-22 15:58:00,2026,1,Thursday,15,35.13786,-90.016525,Possible Injury,Pedestrian,Intersection-On Roadway not in Crosswalk,"Driveway, Alley Access, etc",Daylight,Not Collision with Motor Vehicle in Transport,Pedestrian,1,True,,,,,,,108.87556649964144,MONROE AVE,0.1616991332786478,30.0,2,B,MEMPHIS,SHELBY,7315,0.1616991345215688,City of Memphis,city_residual,city: no state-route overlap,MONROE AVE,False,False,False,City of Memphis,True,20067,113.0,False,no
301061771,2026-01-21,2026-01-21 18:15:00,2026,1,Wednesday,18,35.19937,-90.00779,Possible Injury,Pedestrian,Intersection-On Roadway not in Crosswalk,Intersection-Related,Dark-Lighted,Not Collision with Motor Vehicle in Transport,Pedestrian,1,True,,,,,,,2415.315227578947,N WATKINS ST,0.3551524377332621,40.0,4,B,MEMPHIS,SHELBY,49857,0.3551524377332621,City of Memphis,city_residual,city: no state-route overlap,N WATKINS ST,False,False,False,City of Memphis,True,9310,675.8,False,no
301062344,2026-01-20,2026-01-20 19:20:00,2026,1,Tuesday,19,35.179695,-89.97139,Possible Injury,Pedestrian,Not Intersection-On Roadway Crosswalk Availability Unknown,Intersection,Daylight,Not Collision with Motor Vehicle in Transport,Pedestrian,1,True,,,,,,,2306.0101671290363,PRIVATE DR,18.583511546256823,30.0,2,B,MEMPHIS,SHELBY,35167,18.583511545903,City of Memphis,city_residual,city: no state-route overlap,PRIVATE DR,False,False,False,City of Memphis,False,5391,1209.1,True,
301062486,2026-01-27,2026-01-27 09:30:00,2026,1,Tuesday,9,35.180393,-89.783936,No Injury,Pedestrian,Not Intersection-Outside Traffic,Non-Junction,Daylight,Not Collision with Motor Vehicle in Transport,Pedestrian,1,True,,,,,,,814.5639605392552,CHIMNEYROCK BLVD,33.04020780731511,30.0,4,B,MEMPHIS,SHELBY,49137,33.04020780846284,City of Memphis,city_residual,city: no state-route overlap,CHIMNEYROCK BLVD,False,False,False,City of Memphis,False,,804.8,False,
301061942,2026-01-22,2026-01-22 13:28:00,2026,1,Thursday,13,35.193665,-89.792496,Possible Injury,Pedestrian,Intersection-On Roadway Crosswalk Not Available,Intersection,Daylight,Not Collision with Motor Vehicle in Transport,Pedestrian,1,True,N GERMANTOWN PKWY,Principal Arterial,45.0,7.0,177,1.0,5.527935758480027,N GERMANTOWN PKWY,5.838538037942542,45.0,7,B,MEMPHIS,SHELBY,46618,5.838538037942542,TDOT state route,state_route_overlap,"state route: 100% overlap, name=N GERMANTOWN",N GERMANTOWN PKWY,False,False,False,TDOT state route,True,,186.3,True,no_signal_coverage
301062364,2026-01-25,2026-01-25 14:52:00,2026,1,Sunday,14,35.143955,-90.01564,Possible Injury,Pedestrian,Intersection-In Crosswalk,Intersection-Related,Daylight,Not Collision with Motor Vehicle in Transport,Pedestrian,1,True,,,,,,,789.8753669485542,POPLAR AVE,0.1332189960499262,40.0,7,B,MEMPHIS,SHELBY,50416,0.1332189988694748,City of Memphis,city_residual,city: no state-route overlap,POPLAR AVE,False,False,False,City of Memphis,True,20480,6.9,False,yes
301066633,2026-02-23,2026-02-23 15:40:00,2026,2,Monday,15,35.2196,-90.00334,Suspected Serious Injury,Pedestrian,Not Intersection-On Roadway Not In Crosswalk,AccelDecelLane,Daylight,Not Collision with Motor Vehicle in Transport,Pedestrian,1,True,,,,,,,1858.788060472809,N WATKINS ST,0.1124571683479683,40.0,5,B,MEMPHIS,SHELBY,49879,0.112457167276802,City of Memphis,city_residual,city: no state-route overlap,N WATKINS ST,False,False,False,City of Memphis,False,14361,2069.0,True,
301034236,2025-08-16,2025-08-16 22:39:00,2025,8,Saturday,22,35.187468,-89.809193,Fatal,Pedestrian,Not Intersection-On Roadway Not In Crosswalk,Entrance/Exit Ramp Related,Dark-Not Lighted,Not Collision with Motor Vehicle in Transport,Pedestrian,1,True,,,,,,,1507.056675033838,INTERSTATE 40 W,9.38925588781443,65.0,4,TF,MEMPHIS,SHELBY,39465,9.389255887393112,Interstate (TDOT),interstate_mainline,interstate: MTFCC S1100,INTERSTATE 40 W,True,False,False,Interstate (TDOT),False,,386.8,False,
301063761,2026-02-05,2026-02-05 22:30:00,2026,2,Thursday,22,35.20396,-89.91622,Possible Injury,Pedestrian,Not Intersection-On Roadway Not In Crosswalk,Intersection-Related,Dark-Lighted,Not Collision with Motor Vehicle in Transport,Pedestrian,1,True,,,,,,,180.25958901250783,BEVERLY HILL ST,26.096646414497155,30.0,2,B,MEMPHIS,SHELBY,84889,26.0966464144776,City of Memphis,city_residual,city: no state-route overlap,BEVERLY HILL ST,False,False,False,City of Memphis,False,,283.6,False,
301065903,2026-02-18,2026-02-18 18:40:00,2026,2,Wednesday,18,35.143955,-90.01564,Fatal,Pedestrian,Not Intersection-On Roadway Not In Crosswalk,Non-Junction,Dark-Lighted,Not Collision with Motor Vehicle in Transport,Pedestrian,1,True,,,,,,,789.8753669485542,POPLAR AVE,0.1332189960499262,40.0,7,B,MEMPHIS,SHELBY,50416,0.1332189988694748,City of Memphis,city_residual,city: no state-route overlap,POPLAR AVE,False,False,False,City of Memphis,False,20480,6.9,True,
301066918,2026-02-24,2026-02-24 18:25:00,2026,2,Tuesday,18,35.079853,-90.01907,Possible Injury,Pedestrian,Intersection-On Roadway not in Crosswalk,Intersection,Dark-Not Lighted,Not Collision with Motor Vehicle in Transport,Pedestrian,1,True,ELVIS PRESLEY BLVD,Minor Arterial,40.0,4.0,3,6.0,1.6236494333881746,ELVIS PRESLEY BLVD,0.5075656426960132,40.0,4,B,MEMPHIS,SHELBY,46953,0.5075656424728434,TDOT state route,state_route_overlap,"state route: 100% overlap, name=ELVIS PRESLEY",ELVIS PRESLEY BLVD,False,False,False,TDOT state route,True,12020,199.2,False,no
301065910,2026-02-17,2026-02-17 23:53:00,2026,2,Tuesday,23,35.16971,-89.93218,No Injury,Other Non-Motorist,Not Intersection-Unknown,Through Roadway,Dark-Lighted,Not Collision with Motor Vehicle in Transport,Other,1,True,,,,,,,943.8955297951098,BAYLISS AVE,0.2439545747496747,35.0,2,B,MEMPHIS,SHELBY,5979,0.2439545775872794,City of Memphis,city_residual,city: no state-route overlap,BAYLISS AVE,False,False,False,City of Memphis,False,2562,1030.3,True,
301063378,2026-02-03,2026-02-03 20:18:00,2026,2,Tuesday,20,35.11533,-90.02302,Possible Injury,Pedestrian,Intersection-Unknown,AccelDecelLane,Dark-Lighted,Not Collision with Motor Vehicle in Transport,Pedestrian,1,True,,,,,,,124.39208368019456,E MCLEMORE AVE,0.0409334313054821,35.0,2,B,MEMPHIS,SHELBY,50973,0.0409334313054821,City of Memphis,city_residual,city: no state-route overlap,E MCLEMORE AVE,False,False,False,City of Memphis,True,10832,753.2,False,no
301049296,2025-11-04,2025-11-04 09:55:00,2025,11,Tuesday,9,35.17046,-90.018524,Possible Injury,Pedestrian,Not Intersection-Outside Traffic,Non-Junction,Daylight,Unknown,Other,2,True,,,,,,,1315.0045233609974,INTERSTATE 40 W,0.0235898111118141,65.0,3,TF,MEMPHIS,SHELBY,39538,0.0235898110982679,Interstate (TDOT),interstate_mainline,interstate: MTFCC S1100,INTERSTATE 40 W,True,False,False,Interstate (TDOT),False,,66.0,False,
301065744,2026-02-17,2026-02-17 18:05:00,2026,2,Tuesday,18,35.077816,-90.02018,Possible Injury,Pedestrian,Intersection-On Roadway Crosswalk availability Unknown,"Driveway, Alley Access, etc",Dark-Lighted,Not Collision with Motor Vehicle in Transport,Pedestrian,1,True,,,,,,,54.195197274986285,E ALCY RD,32.123782546372844,35.0,2,B,MEMPHIS,SHELBY,75728,32.123782545205074,City of Memphis,city_residual,city: no state-route overlap,E ALCY RD,False,False,False,City of Memphis,True,,69.1,True,no_signal_coverage
301065922,2026-02-18,2026-02-18 19:25:00,2026,2,Wednesday,19,35.136402,-90.01229,Suspected Serious Injury,Pedestrian,Intersection-In Crosswalk,Intersection,Dark-Lighted,Not Collision with Motor Vehicle in Transport,Pedestrian,1,True,UNION AVE,Principal Arterial,35.0,6.0,23,5.0,4.462121401923693,S MCNEIL ST,0.0160717378394956,30.0,2,B,MEMPHIS,SHELBY,81079,0.0160717378394956,City of Memphis,city_residual,city: no state-route overlap,S MCNEIL ST,False,False,True,City of Memphis,True,17454,2.6,False,yes
301065945,2026-02-12,2026-02-12 18:40:00,2026,2,Thursday,18,35.234871,-89.893177,Possible Injury,Pedestrian,Not Intersection-On Roadway Not In Crosswalk,Non-Junction,Dark-Not Lighted,Not Collision with Motor Vehicle in Transport,Pedestrian,1,True,,,,,,,121.98066961619554,NEW COVINGTON PIKE,125.11581968994466,45.0,5,B,MEMPHIS,SHELBY,48076,125.1158196903696,TDOT state route,state_route_overlap,"state route: 100% overlap, name=NEW COVINGTON",NEW COVINGTON PIKE,False,False,False,TDOT state route,False,,152.9,False,
301064945,2026-02-10,2026-02-10 06:15:00,2026,2,Tuesday,6,35.108124,-89.97131,Possible Injury,Pedestrian,Not Intersection-On Roadway Not In Crosswalk,Intersection,Dawn,Not Collision with Motor Vehicle in Transport,Pedestrian,1,True,,,,,,,1016.686876953724,PARK AVE,1.2597551458071463,35.0,4,B,MEMPHIS,SHELBY,51048,1.2597551458735536,City of Memphis,city_residual,city: no state-route overlap,PARK AVE,False,False,False,City of Memphis,False,19169,1239.0,True,
301056159,2025-12-16,2025-12-16 17:34:00,2025,12,Tuesday,17,35.053406,-89.88612,Possible Injury,Pedestrian,Not Intersection-On Roadway Crosswalk not Available,Non-Junction,Dark-Lighted,Not Collision with Motor Vehicle in Transport,Pedestrian,2,True,,,,,,,3091.771992716997,S MENDENHALL RD,0.4150666931694092,40.0,7,B,MEMPHIS,SHELBY,51903,0.4150666931243982,City of Memphis,city_residual,city: no state-route overlap,S MENDENHALL RD,False,False,False,City of Memphis,False,23626,317.4,True,
301066210,2026-02-20,2026-02-20 12:00:00,2026,2,Friday,12,35.108547,-89.98474,Possible Injury,Pedestrian,Intersection-In Crosswalk,Intersection-Related,Daylight,Not Collision with Motor Vehicle in Transport,Pedestrian,1,True,AIRWAYS BLVD,Principal Arterial,35.0,5.0,277,4.0,14.719779806174769,PARK AVE,0.7112191199228795,35.0,4,B,MEMPHIS,SHELBY,51017,0.7112191213493922,City of Memphis,city_residual,city: no state-route overlap,PARK AVE,False,False,False,City of Memphis,True,301,13.7,False,yes
301064679,2026-02-11,2026-02-11 19:00:00,2026,2,Wednesday,19,35.116024,-90.05953,Possible Injury,Pedestrian,Not Intersection-Outside Traffic,Non-Junction,Dark-Lighted,Not Collision with Motor Vehicle in Transport,Pedestrian,1,True,,,,,,,392.91124151046427,S MAIN ST,6.851429071288579,30.0,2,B,MEMPHIS,SHELBY,82077,6.851429071326322,City of Memphis,city_residual,city: no state-route overlap,S MAIN ST,False,False,False,City of Memphis,False,10855,393.3,True,
301064069,2026-02-07,2026-02-07 17:00:00,2026,2,Saturday,17,35.108543,-89.98489,Possible Injury,Pedestrian,Intersection-In Crosswalk,Intersection,Daylight,Not Collision with Motor Vehicle in Transport,Pedestrian,1,True,AIRWAYS BLVD,Principal Arterial,35.0,5.0,277,4.0,1.0840112498052452,PARK AVE,0.0582363721352716,35.0,4,B,MEMPHIS,SHELBY,51017,0.0582363720731339,City of Memphis,city_residual,city: no state-route overlap,PARK AVE,False,False,True,City of Memphis,True,301,0.1,False,yes
300964552,2024-07-02,2024-07-02 22:59:00,2024,7,Tuesday,22,35.063282,-90.07291,Suspected Serious Injury,Pedestrian,Not Intersection-On Roadway Crosswalk not Available,SharedUsePathOrTrail,Dark-Lighted,Not Collision with Motor Vehicle in Transport,Pedestrian,1,True,,,,,,,1247.0468003725937,W BROOKS RD,0.1479198101880126,35.0,4,B,MEMPHIS,SHELBY,49609,0.1479198101880126,City of Memphis,city_residual,city: no state-route overlap,W BROOKS RD,False,False,False,City of Memphis,False,14029,1231.1,True,
301065988,2026-02-19,2026-02-19 08:40:00,2026,2,Thursday,8,35.104794,-90.00043,Suspected Minor Injury,Pedestrian,Intersection-Not on Roadway,Through Roadway,Daylight,Not Collision with Motor Vehicle in Transport,Pedestrian,1,True,,,,,,,993.549444430309,S BARKSDALE ST,23.36113208888421,30.0,2,B,MEMPHIS,SHELBY,81286,23.361132088999785,City of Memphis,city_residual,city: no state-route overlap,S BARKSDALE ST,False,False,False,City of Memphis,True,,511.8,True,no_signal_coverage
301066234,2026-02-20,2026-02-20 19:48:00,2026,2,Friday,19,35.05938,-89.92223,Suspected Minor Injury,Pedestrian,Intersection-On Roadway Crosswalk Not Available,Intersection,Dark-Lighted,Not Collision with Motor Vehicle in Transport,Pedestrian,1,True,,,,,,,796.0505300303206,FOREST VIEW DR,0.2694585663791594,30.0,2,B,MEMPHIS,SHELBY,26037,0.2694585649562026,City of Memphis,city_residual,city: no state-route overlap,FOREST VIEW DR,False,False,False,City of Memphis,True,13247,852.8,False,no
301066238,2026-02-20,2026-02-20 19:00:00,2026,2,Friday,19,35.243095,-89.92586,Possible Injury,Pedestrian,Intersection-On Roadway not in Crosswalk,Intersection-Related,Dark-Lighted,Not Collision with Motor Vehicle in Transport,Pedestrian,2,True,,,,,,,2712.98573343828,EGYPT CENTRAL RD,0.1451887370357739,45.0,5,B,MEMPHIS,SHELBY,53112,0.1451887370440345,City of Memphis,city_residual,city: no state-route overlap,EGYPT CENTRAL RD,False,False,False,City of Memphis,True,11771,2583.9,False,no_signal_coverage
301064481,2026-02-10,2026-02-10 18:45:00,2026,2,Tuesday,18,35.13938,-89.95824,Possible Injury,Pedestrian,Not Intersection-On Roadway Not In Crosswalk,Non-Junction,Dark-Lighted,Not Collision with Motor Vehicle in Transport,Pedestrian,1,True,,,,,,,513.9671138308546,BALTIC ST,19.51828199545709,30.0,2,B,MEMPHIS,SHELBY,82869,19.518281995503045,City of Memphis,city_residual,city: no state-route overlap,BALTIC ST,False,False,False,City of Memphis,False,,801.7,False,
301042813,2025-10-02,2025-10-02 20:05:00,2025,10,Thursday,20,35.11538,-89.99917,Fatal,Pedestrian,Intersection-Not on Roadway,Intersection,Dark-Lighted,Not Collision with Motor Vehicle in Transport,Pedestrian,2,True,LAMAR AVE,Principal Arterial,40.0,4.0,4,4.0,3.7907066239074174,LAMAR AVE,0.3036564401260377,40.0,4,B,MEMPHIS,SHELBY,46820,0.3036564401260377,TDOT state route,state_route_overlap,"state route: 100% overlap, name=LAMAR",LAMAR AVE,False,False,False,TDOT state route,True,17988,14.3,False,yes
301066599,2026-02-23,2026-02-23 10:10:00,2026,2,Monday,10,35.148514,-90.04872,Possible Injury,Pedestrian,Intersection-Not on Roadway,Intersection-Related,Daylight,Not Collision with Motor Vehicle in Transport,Pedestrian,1,True,N THIRD ST,Minor Arterial,35.0,3.0,3,6.0,1.810046264052154,N B B KING BLVD,0.0917096098768913,35.0,3,FT,MEMPHIS,SHELBY,53242,0.091709611274028,TDOT state route,state_route_overlap,"state route: 100% overlap, name=N B B KING",N B B KING BLVD,False,False,False,TDOT state route,True,20402,160.0,False,no
301064499,2026-02-10,2026-02-10 17:00:00,2026,2,Tuesday,17,35.15055,-89.97693,Possible Injury,Pedestrian,Intersection-In Crosswalk,Intersection,Daylight,Not Collision with Motor Vehicle in Transport,Pedestrian,2,True,SUMMER AVE,Principal Arterial,35.0,5.0,1,5.0,4.809049077534227,N HOLLYWOOD ST,0.1211265685577443,35.0,2,B,MEMPHIS,SHELBY,53539,0.1211265686389673,City of Memphis,city_residual,city: no state-route overlap,N HOLLYWOOD ST,False,False,True,City of Memphis,True,20649,0.6,False,yes
301068410,2026-03-05,2026-03-05 15:47:00,2026,3,Thursday,15,35.137707,-89.999671,Fatal,Pedestrian,Not Intersection-In Crosswalk,Non-Junction,Daylight,Not Collision with Motor Vehicle in Transport,Pedestrian,1,True,,,,,,,278.0915883459914,MADISON AVE,1.0960402204660002,35.0,3,B,MEMPHIS,SHELBY,50548,1.0960402162919332,City of Memphis,city_residual,city: no state-route overlap,MADISON AVE,False,False,False,City of Memphis,False,18920,283.7,True,
301065286,2026-02-15,2026-02-15 01:30:00,2026,2,Sunday,1,35.136803,-89.99027,Suspected Minor Injury,Pedestrian,Intersection-On Roadway not in Crosswalk,Intersection,Dark-Lighted,Not Collision with Motor Vehicle in Transport,Pedestrian,1,True,,,,,,,286.27204832750624,N COOPER ST,17.02728990627099,35.0,4,B,MEMPHIS,SHELBY,84243,17.027289905949274,City of Memphis,city_residual,city: no state-route overlap,N COOPER ST,False,False,False,City of Memphis,True,18919,292.2,False,no
301039285,2025-09-14,2025-09-14 01:09:00,2025,9,Sunday,1,35.059162,-89.93354,Fatal,Pedestrian,Not Intersection-On Roadway Crosswalk not Available,Non-Junction,Dark-Lighted,Not Collision with Motor Vehicle in Transport,Pedestrian,1,True,,,,,,,84.94960679341386,OLD GETWELL RD,10.673435087619294,30.0,2,B,MEMPHIS,SHELBY,71148,10.673435086783408,City of Memphis,city_residual,city: no state-route overlap,OLD GETWELL RD,False,False,False,City of Memphis,False,,195.2,False,
300996151,2025-01-12,2025-01-12 19:16:00,2025,1,Sunday,19,35.122568,-90.054533,Fatal,Pedestrian,Intersection-On Roadway not in Crosswalk,Intersection-Related,Dark-Lighted,Not Collision with Motor Vehicle in Transport,Pedestrian,1,True,,,,,,,41.74652639479327,MARYLAND AVE,25.20312861772193,30.0,2,B,MEMPHIS,SHELBY,7189,25.20312861889641,City of Memphis,city_residual,city: no state-route overlap,MARYLAND AVE,False,False,False,City of Memphis,True,,225.2,True,no_signal_coverage
301050532,2025-11-15,2025-11-15 09:00:00,2025,11,Saturday,9,35.182857,-89.856219,Fatal,Pedestrian,Intersection-Not on Roadway,Non-Junction,Daylight,Not Collision with Motor Vehicle in Transport,Pedestrian,1,True,,,,,,,85.60819612464158,SUMMER HILLS CIR,15.150915083489556,25.0,2,B,MEMPHIS,SHELBY,9884,15.150915083489556,City of Memphis,city_residual,city: no state-route overlap,SUMMER HILLS CIR,False,False,False,City of Memphis,True,,366.3,True,no_signal_coverage
301067720,2026-03-01,2026-03-01 20:47:00,2026,3,Sunday,20,35.242843,-89.919394,Suspected Minor Injury,Pedestrian,Not Intersection-On Roadway Crosswalk not Available,Non-Junction,Dark-Not Lighted,Not Collision with Motor Vehicle in Transport,Pedestrian,1,True,,,,,,,2239.6350784675874,EGYPT CENTRAL RD,14.354759207694952,45.0,2,B,MEMPHIS,SHELBY,52822,14.354759206614514,City of Memphis,city_residual,city: no state-route overlap,EGYPT CENTRAL RD,False,False,False,City of Memphis,False,,1994.8,False,
301068022,2026-03-03,2026-03-03 16:42:00,2026,3,Tuesday,16,35.051945,-90.00755,Possible Injury,Pedestrian,Not Intersection-On Roadway Crosswalk Availability Unknown,AccelDecelLane,Daylight,Not Collision with Motor Vehicle in Transport,Pedestrian,1,True,,,,,,,1596.3703471335446,MILLBRANCH RD,8.093302503984232,40.0,4,B,MEMPHIS,SHELBY,49792,8.093302503681365,City of Memphis,city_residual,city: no state-route overlap,MILLBRANCH RD,False,False,False,City of Memphis,False,,187.4,False,
301067817,2026-03-02,2026-03-02 12:10:00,2026,3,Monday,12,35.143955,-90.01564,Suspected Minor Injury,Pedestrian,Intersection-In Crosswalk,Intersection-Related,Daylight,Not Collision with Motor Vehicle in Transport,Pedestrian,1,True,,,,,,,789.8753669485542,POPLAR AVE,0.1332189960499262,40.0,7,B,MEMPHIS,SHELBY,50416,0.1332189988694748,City of Memphis,city_residual,city: no state-route overlap,POPLAR AVE,False,False,False,City of Memphis,True,20480,6.9,False,yes
301068051,2026-03-03,2026-03-03 20:00:00,2026,3,Tuesday,20,35.160507,-90.03022,Possible Injury,Pedestrian,Not Intersection-On Roadway Not In Crosswalk,Unknown,Dawn,Not Collision with Motor Vehicle in Transport,Pedestrian,1,True,,,,,,,379.96636923390514,N DUNLAP ST,0.0966625929385106,30.0,2,B,MEMPHIS,SHELBY,80838,0.096662593220171,City of Memphis,city_residual,city: no state-route overlap,N DUNLAP ST,False,False,False,City of Memphis,False,,416.0,False,
301069129,2026-03-10,2026-03-10 07:20:00,2026,3,Tuesday,7,35.21943,-89.97326,Possible Injury,Pedestrian,Intersection-In Crosswalk,Intersection,Dawn,Not Collision with Motor Vehicle in Transport,Pedestrian,1,True,,,,,,,4109.482548724659,MCGREGOR AVE,21.16384651468524,30.0,2,B,MEMPHIS,SHELBY,2990,21.163846516666435,City of Memphis,city_residual,city: no state-route overlap,MCGREGOR AVE,False,False,False,City of Memphis,True,,2903.4,True,no_signal_coverage
301069855,2026-03-13,2026-03-13 19:00:00,2026,3,Friday,19,35.01912,-90.04311,Possible Injury,Pedestrian,Not Intersection-On Roadway Not In Crosswalk,"Driveway, Alley Access, etc",Dark-Lighted,Not Collision with Motor Vehicle in Transport,Pedestrian,1,True,,,,,,,200.051067669344,HAVEN CT,1.1607516853168958,30.0,2,B,MEMPHIS,SHELBY,11230,1.1607516840546133,City of Memphis,city_residual,city: no state-route overlap,HAVEN CT,False,False,False,City of Memphis,False,15345,1639.0,True,
301069704,2026-03-13,2026-03-13 08:00:00,2026,3,Friday,8,35.075638,-89.92319,Possible Injury,Pedestrian,Intersection-On Roadway Crosswalk Not Available,Non-Junction,Daylight,Not Collision with Motor Vehicle in Transport,Pedestrian,2,True,,,,,,,764.5854042949028,COLONY PARK DR,38.53321822863794,30.0,2,B,MEMPHIS,SHELBY,26038,38.53321822802825,City of Memphis,city_residual,city: no state-route overlap,COLONY PARK DR,False,False,False,City of Memphis,True,,745.3,True,no_signal_coverage
301074929,2026-04-12,2026-04-12 23:00:00,2026,4,Sunday,23,35.099876,-89.86282,Possible Injury,Pedestrian,Intersection-In Crosswalk,Intersection,Dark-Lighted,Not Collision with Motor Vehicle in Transport,Pedestrian,1,True,,,,,,,275.5332039705707,PARK AVE,10.63229220982627,40.0,4,B,MEMPHIS,SHELBY,53655,10.63229220982627,City of Memphis,city_residual,city: no state-route overlap,PARK AVE,False,False,False,City of Memphis,True,21867,289.1,False,no
301073157,2026-04-02,2026-04-02 20:32:00,2026,4,Thursday,20,35.051453,-90.00747,Suspected Serious Injury,Pedestrian,Not Intersection-On Roadway Crosswalk not Available,Intersection-Related,Dark-Lighted,Not Collision with Motor Vehicle in Transport,Pedestrian,1,True,,,,,,,1604.027423703318,MILLBRANCH RD,0.3923881868436938,40.0,4,B,MEMPHIS,SHELBY,49792,0.39238818602555,City of Memphis,city_residual,city: no state-route overlap,MILLBRANCH RD,False,False,False,City of Memphis,False,,241.8,False,
301072316,2026-03-28,2026-03-28 16:50:00,2026,3,Saturday,16,35.09949,-89.86321,Possible Injury,Pedestrian,Not Intersection-On Roadway Not In Crosswalk,Non-Junction,Daylight,Not Collision with Motor Vehicle in Transport,Pedestrian,1,True,,,,,,,324.32765480174885,PARK AVE,51.67506179622211,40.0,4,B,MEMPHIS,SHELBY,53655,51.67506179545413,City of Memphis,city_residual,city: no state-route overlap,PARK AVE,False,False,False,City of Memphis,False,,323.1,False,
301009788,2025-04-01,2025-04-01 21:16:00,2025,4,Tuesday,21,35.14281,-89.95136,Fatal,Pedestrian,Intersection-On Roadway Crosswalk Not Available,Intersection,Dark-Lighted,Not Collision with Motor Vehicle in Transport,Pedestrian,1,True,,,,,,,731.4388335728005,N HOLMES ST,21.787061669341824,40.0,4,B,MEMPHIS,SHELBY,84679,21.78706166935341,City of Memphis,city_residual,city: no state-route overlap,N HOLMES ST,False,False,False,City of Memphis,True,20656,789.2,False,no_signal_coverage
301073793,2026-04-05,2026-04-05 16:34:00,2026,4,Sunday,16,35.104935,-90.04287,Possible Injury,Pedestrian,Intersection-In Crosswalk,Intersection,Daylight,Not Collision with Motor Vehicle in Transport,Pedestrian,1,True,,,,,,,1144.4596771282638,MCMILLAN ST,17.594597638572374,30.0,2,B,MEMPHIS,SHELBY,82215,17.59459763860994,City of Memphis,city_residual,city: no state-route overlap,MCMILLAN ST,False,False,False,City of Memphis,True,,1164.5,True,no_signal_coverage