MstrRecNbrTxt,CollisionDate,CollisionDteTime,YearNmb,Month,DayOfWeek,Hour,Latitude,Longitude,InjuryClass,PersonType,NonMotoristLocation,RelationToJunction,LightCondition,MannerOfCollision,FirstHarmfulEvent,VictimsInCrash,InMemphis,StateRoute_NAME,StateRoute_F_System,StateRoute_SPDLIMIT,StateRoute_LANES,StateRoute_ALTNAME_1,StateRoute_Council_District,DistToStateRoute_m,Street_Name,DistToStreet_m,Street_SPDLIMIT,Street_LANES,Street_ONEWAY,Street_CITY_L,Street_COUNTY_L,Seg_OBJECTID,DistToSeg_m,Ownership,Rule_Fired,Classification_Basis,Matched_Street,is_limited_access,is_override,is_corner_case,Jurisdiction_prev,at_intersection,intersection_node_id,nearest_ped_signal_m,is_ambiguous_intersection,intersection_signalized
301071113,2026-03-22,2026-03-22 01:30:00,2026,3,Sunday,1,35.020687,-89.95011,Suspected Serious Injury,Pedestrian,Not Intersection-Bike Path,Intersection-Related,Dark-Lighted,Not Collision with Motor Vehicle in Transport,Pedestrian,1,True,E SHELBY DR,Principal Arterial,45.0,7.0,175,3.0,8.960424289511769,CHEVRON RD,1.23156939836435,35.0,2,B,MEMPHIS,SHELBY,71089,1.2315693983302696,City of Memphis,city_residual,city: no state-route overlap,CHEVRON RD,False,False,False,City of Memphis,False,6870,389.7,True,
301074948,2026-04-12,2026-04-12 21:32:00,2026,4,Sunday,21,35.125786,-90.00115,Suspected Serious Injury,Pedestrian,Not Intersection-Outside Traffic,"Driveway, Alley Access, etc",Dark-Lighted,Not Collision with Motor Vehicle in Transport,Pedestrian,1,True,,,,,,,794.3394383053416,S MCLEAN BLVD,22.49432928370869,35.0,4,B,MEMPHIS,SHELBY,50543,22.494329282883463,City of Memphis,city_residual,city: no state-route overlap,S MCLEAN BLVD,False,False,False,City of Memphis,False,,815.2,False,
301075525,2026-04-15,2026-04-15 19:39:00,2026,4,Wednesday,19,35.11159,-90.05228,Possible Injury,Pedestrian,Not Intersection-On Roadway Not In Crosswalk,Through Roadway,Dark-Lighted,Not Collision with Motor Vehicle in Transport,Pedestrian,1,True,,,,,,,271.4963901173215,LATHAM ST,0.5115859678240254,30.0,2,B,MEMPHIS,SHELBY,82134,0.5115859677721215,City of Memphis,city_residual,city: no state-route overlap,LATHAM ST,False,False,False,City of Memphis,False,18100,495.5,True,
301074651,2026-04-10,2026-04-10 15:57:00,2026,4,Friday,15,35.107227,-89.98316,No Injury,Pedestrian,Not Intersection-On Roadway Crosswalk Availability Unknown,OtherLocation,Daylight,Not Collision with Motor Vehicle in Transport,Pedestrian,1,True,,,,,,,166.3334627697659,ETHEL ST,15.469083260657758,30.0,2,B,MEMPHIS,SHELBY,84527,15.469083260588176,City of Memphis,city_residual,city: no state-route overlap,ETHEL ST,False,False,False,City of Memphis,False,,215.1,False,
301033012,2025-08-10,2025-08-10 01:02:00,2025,8,Sunday,1,35.054753,-89.8291,Fatal,Pedestrian,Not Intersection-Outside Traffic,Non-Junction,Dark-Lighted,Rear to Side,Other,1,True,STATE ROUTE 385,Freeway and Expressway,65.0,3.0,NONCONNAH PKWY,2.0,3.657847971183304,RIVERDALE RD,0.002695828224256,45.0,6,B,MEMPHIS,SHELBY,52550,0.0026958282235509,TDOT state route,state_route_overlap,"state route: 100% overlap, name=RIVERDALE",RIVERDALE RD,False,False,False,TDOT state route,False,,30.3,False,
301076080,2026-04-18,2026-04-18 23:25:00,2026,4,Saturday,23,35.115795,-90.04454,Suspected Serious Injury,Pedestrian,Not Intersection-On Roadway Not In Crosswalk,Non-Junction,Dark-Lighted,Not Collision with Motor Vehicle in Transport,Pedestrian,1,True,,,,,,,948.3194439630122,E MCLEMORE AVE,1.9730150545743108,35.0,2,B,MEMPHIS,SHELBY,50890,1.9730150518770493,City of Memphis,city_residual,city: no state-route overlap,E MCLEMORE AVE,False,False,False,City of Memphis,False,,944.6,False,
301006644,2025-03-16,2025-03-16 01:59:00,2025,3,Sunday,1,35.168148,-89.86397,Fatal,Pedestrian,Not Intersection-On Roadway Not In Crosswalk,Non-Junction,Dark-Lighted,Not Collision with Motor Vehicle in Transport,Pedestrian,1,True,,,,,,,589.5564986513074,SYCAMORE VIEW RD,30.066080971845395,45.0,7,B,MEMPHIS,SHELBY,51746,30.066080972960027,City of Memphis,city_residual,city: no state-route overlap,SYCAMORE VIEW RD,False,False,False,City of Memphis,False,,29.1,False,
301075323,2026-04-14,2026-04-14 01:40:00,2026,4,Tuesday,1,35.09949,-89.86321,Possible Injury,Pedestrian,Not Intersection-On Roadway Not In Crosswalk,OtherLocation,Dark-Lighted,Not Collision with Motor Vehicle in Transport,Pedestrian,1,True,,,,,,,324.32765480174885,PARK AVE,51.67506179622211,40.0,4,B,MEMPHIS,SHELBY,53655,51.67506179545413,City of Memphis,city_residual,city: no state-route overlap,PARK AVE,False,False,False,City of Memphis,False,,323.1,False,
301075328,2026-04-14,2026-04-14 17:39:00,2026,4,Tuesday,17,35.064632,-89.86523,Possible Injury,Pedestrian,Intersection-On Roadway not in Crosswalk,Non-Junction,Daylight,Not Collision with Motor Vehicle in Transport,Pedestrian,1,True,,,,,,,1110.3417985693902,FOX RIDGE DR,1.2595324367004477,30.0,2,B,MEMPHIS,SHELBY,26229,1.2595324370654404,City of Memphis,city_residual,city: no state-route overlap,FOX RIDGE DR,False,False,False,City of Memphis,True,13426,390.4,False,no_signal_coverage
301071963,2026-03-26,2026-03-26 16:00:00,2026,3,Thursday,16,35.031788,-90.03665,Possible Injury,Pedestrian,Intersection-On Roadway Crosswalk Not Available,Intersection,Daylight,Not Collision with Motor Vehicle in Transport,Pedestrian,1,True,,,,,,,1047.2708173794936,BROWNLEE RD,99.22097028384896,35.0,2,B,MEMPHIS,SHELBY,72272,99.22097028524064,City of Memphis,city_residual,city: no state-route overlap,BROWNLEE RD,False,False,False,City of Memphis,True,,1077.5,True,no_signal_coverage
301074437,2026-04-09,2026-04-09 20:00:00,2026,4,Thursday,20,35.21758,-89.994064,Possible Injury,Pedestrian,Not Intersection-On Roadway Crosswalk not Available,Intersection-Related,Dawn,Angle,Other,1,True,,,,,,,2677.8980087144173,FRAYSER BLVD,36.29735801444973,40.0,5,B,MEMPHIS,SHELBY,53098,36.29735801321133,City of Memphis,city_residual,city: no state-route overlap,FRAYSER BLVD,False,False,False,City of Memphis,False,,2736.0,False,
301074447,2026-04-09,2026-04-09 19:18:00,2026,4,Thursday,19,35.221107,-89.97553,Suspected Minor Injury,Pedestrian,Not Intersection-On Roadway Not In Crosswalk,AccelDecelLane,Daylight,Not Collision with Motor Vehicle in Transport,Pedestrian,1,True,,,,,,,3833.442738510477,FRAYSER BLVD,0.0929208191451962,40.0,4,B,MEMPHIS,SHELBY,49933,0.0929208177533151,City of Memphis,city_residual,city: no state-route overlap,FRAYSER BLVD,False,False,False,City of Memphis,False,13502,3080.8,True,
301071977,2026-03-26,2026-03-26 21:05:00,2026,3,Thursday,21,35.07205,-89.93236,Suspected Serious Injury,Pedestrian,Not Intersection-On Roadway Not In Crosswalk,AccelDecelLane,Dark-Lighted,Not Collision with Motor Vehicle in Transport,Pedestrian,1,True,,,,,,,38.209779523471546,ARROWHEAD AVE,30.22995326500732,30.0,2,B,MEMPHIS,SHELBY,7555,30.229953268556685,City of Memphis,city_residual,city: no state-route overlap,ARROWHEAD AVE,False,False,False,City of Memphis,False,,309.5,False,
301076761,2026-04-22,2026-04-22 13:07:00,2026,4,Wednesday,13,35.00787,-90.046455,No Injury,Pedestrian,Not Intersection-Adjacent to Roadway,SharedUsePathOrTrail,Daylight,Not Collision with Motor Vehicle in Transport,Other,2,True,,,,,,,1445.1893112437056,BERTA RD,30.909774880361773,35.0,2,B,MEMPHIS,SHELBY,72172,30.909774880361773,City of Memphis,city_residual,city: no state-route overlap,BERTA RD,False,False,False,City of Memphis,False,,1917.5,False,
301075347,2026-04-14,2026-04-14 20:20:00,2026,4,Tuesday,20,35.20799,-89.91052,Suspected Serious Injury,Pedestrian,Not Intersection-On Roadway Crosswalk not Available,Through Roadway,Dark-Unknown Lighting,Not Collision with Motor Vehicle in Transport,Pedestrian,1,True,,,,,,,179.23657467089214,SCHEIBLER RD,58.20073227216148,35.0,2,B,MEMPHIS,SHELBY,50008,58.20073227215846,City of Memphis,city_residual,city: no state-route overlap,SCHEIBLER RD,False,False,False,City of Memphis,False,,384.3,False,
301028565,2025-07-15,2025-07-15 20:00:00,2025,7,Tuesday,20,35.101875,-89.859383,Fatal,Pedestrian,Not Intersection-On Roadway Not In Crosswalk,Non-Junction,Dusk,Not Collision with Motor Vehicle in Transport,Pedestrian,1,True,POPLAR AVE,Principal Arterial,40.0,7.0,57,2.0,4.482872765848111,S SHADY GROVE RD,0.0085512398974288,35.0,5,B,MEMPHIS,SHELBY,52758,0.008551239890946,City of Memphis,city_residual,city: no state-route overlap,S SHADY GROVE RD,False,False,False,City of Memphis,False,22430,20.2,True,
301069679,2026-03-10,2026-03-10 12:20:00,2026,3,Tuesday,12,35.035515,-90.02516,Suspected Minor Injury,Pedestrian,Intersection-In Crosswalk,Intersection,Daylight,Not Collision with Motor Vehicle in Transport,Pedestrian,1,True,ELVIS PRESLEY BLVD,Principal Arterial,40.0,5.0,3,6.0,0.3167575447708924,ELVIS PRESLEY BLVD,0.0906632569156363,40.0,6,B,MEMPHIS,SHELBY,48140,0.0906632569154862,TDOT state route,state_route_overlap,"state route: 100% overlap, name=ELVIS PRESLEY",ELVIS PRESLEY BLVD,False,False,False,TDOT state route,True,11125,15.1,False,yes
301073009,2026-04-01,2026-04-01 08:53:00,2026,4,Wednesday,8,35.148502,-89.92846,Possible Injury,Pedestrian,Intersection-On Roadway Crosswalk Not Available,Non-Junction,Daylight,Not Collision with Motor Vehicle in Transport,Pedestrian,1,True,,,,,,,73.70705205821697,N GRAHAM ST,37.32616322057602,40.0,5,B,MEMPHIS,SHELBY,51368,37.32616322057602,City of Memphis,city_residual,city: no state-route overlap,N GRAHAM ST,False,False,False,City of Memphis,True,,80.0,True,no_signal_coverage
301073690,2026-04-04,2026-04-04 13:00:00,2026,4,Saturday,13,35.142082,-90.03187,Possible Injury,Pedestrian,Not Intersection-On Roadway Not In Crosswalk,Intersection-Related,Daylight,Not Collision with Motor Vehicle in Transport,Pedestrian,1,True,,,,,,,403.4662993468164,JEFFERSON AVE,60.67545480475181,40.0,4,B,MEMPHIS,SHELBY,7296,60.67545480276912,City of Memphis,city_residual,city: no state-route overlap,JEFFERSON AVE,False,False,False,City of Memphis,False,,394.2,False,
301073359,2026-04-04,2026-04-04 04:13:00,2026,4,Saturday,4,35.105015,-90.02044,Possible Injury,Pedestrian,Intersection-On Roadway not in Crosswalk,Intersection,Dark-Unknown Lighting,Not Collision with Motor Vehicle in Transport,Pedestrian,1,True,ELVIS PRESLEY BLVD,Minor Arterial,40.0,4.0,3,4.0,25.160586964638348,ELVIS PRESLEY BLVD,26.064238199645786,40.0,4,B,MEMPHIS,SHELBY,46959,26.06423819969824,TDOT state route,state_route_overlap,"state route: 100% overlap, name=ELVIS PRESLEY",ELVIS PRESLEY BLVD,False,False,False,TDOT state route,True,,221.2,True,no_signal_coverage
301072003,2026-03-26,2026-03-26 18:23:00,2026,3,Thursday,18,35.148026,-90.05299,Possible Injury,Pedestrian,Intersection-On Roadway not in Crosswalk,Intersection,Daylight,Not Collision with Motor Vehicle in Transport,Pedestrian,1,True,,,,,,,232.6702927487761,N FRONT ST,10.65897103859549,30.0,5,B,MEMPHIS,SHELBY,80521,10.658971038374952,City of Memphis,city_residual,city: no state-route overlap,N FRONT ST,False,False,False,City of Memphis,True,,350.5,True,no_signal_coverage
301021460,2025-05-31,2025-05-31 23:45:00,2025,5,Saturday,23,35.0613,-90.05918,Fatal,Pedestrian,Not Intersection-On Roadway Not In Crosswalk,Non-Junction,Dark-Lighted,Not Collision with Motor Vehicle in Transport,Pedestrian,1,True,S THIRD ST,Principal Arterial,45.0,7.0,14,6.0,19.467945836418004,S THIRD ST,18.85257463651745,45.0,7,B,MEMPHIS,SHELBY,46474,18.85257463651745,TDOT state route,state_route_overlap,"state route: 100% overlap, name=S THIRD",S THIRD ST,False,False,False,TDOT state route,False,,199.2,False,
301002080,2025-02-16,2025-02-16 03:05:00,2025,2,Sunday,3,35.088028,-89.931046,Fatal,Pedestrian,Intersection-Unknown,Intersection,Dark-Lighted,Not Collision with Motor Vehicle in Transport,Pedestrian,1,True,,,,,,,837.549091773716,GETWELL RD,9.230402773959598,40.0,5,B,MEMPHIS,SHELBY,51328,9.230402773993074,City of Memphis,city_residual,city: no state-route overlap,GETWELL RD,False,False,False,City of Memphis,True,13943,721.0,False,no
301070937,2026-03-20,2026-03-20 19:45:00,2026,3,Friday,19,35.000706,-90.015594,Possible Injury,Pedestrian,Intersection-On Roadway Crosswalk Not Available,Intersection-Related,Dark-Lighted,Not Collision with Motor Vehicle in Transport,Pedestrian,1,True,,,,,,,890.5950381739507,WINFIELD AVE,2.741352964720899,35.0,2,B,MEMPHIS,SHELBY,2529,2.741352968863407,City of Memphis,city_residual,city: no state-route overlap,WINFIELD AVE,False,False,False,City of Memphis,True,25318,1062.4,False,no_signal_coverage
301076569,2026-04-21,2026-04-21 17:43:00,2026,4,Tuesday,17,35.155178,-89.97616,Possible Injury,Pedestrian,Intersection-On Roadway not in Crosswalk,Through Roadway,Daylight,Not Collision with Motor Vehicle in Transport,Pedestrian,1,True,,,,,,,311.9939495430041,N HOLLYWOOD ST,22.556441180838465,35.0,2,B,MEMPHIS,SHELBY,81769,22.556441180838465,City of Memphis,city_residual,city: no state-route overlap,N HOLLYWOOD ST,False,False,False,City of Memphis,True,,321.3,True,no_signal_coverage
301073322,2026-04-03,2026-04-03 18:02:00,2026,4,Friday,18,35.061916,-89.885826,Possible Injury,Pedestrian,Not Intersection-On Roadway Not In Crosswalk,Through Roadway,Daylight,Not Collision with Motor Vehicle in Transport,Pedestrian,1,True,,,,,,,2249.9886007677123,KNIGHT ARNOLD RD,0.0214838952679548,40.0,4,B,MEMPHIS,SHELBY,52839,0.0214838952626174,City of Memphis,city_residual,city: no state-route overlap,KNIGHT ARNOLD RD,False,False,False,City of Memphis,False,17725,1261.9,True,
301076345,2026-04-20,2026-04-20 08:40:00,2026,4,Monday,8,35.06133,-89.928825,Suspected Serious Injury,Pedestrian,Not Intersection-Outside Traffic,Non-Junction,Daylight,Not Collision with Motor Vehicle in Transport,Pedestrian,1,True,,,,,,,197.08619372043248,CAMELOT LN,18.703781501283583,30.0,2,B,MEMPHIS,SHELBY,44967,18.703781501912008,City of Memphis,city_residual,city: no state-route overlap,CAMELOT LN,False,False,False,City of Memphis,False,,539.0,False,
301070742,2026-03-19,2026-03-19 17:18:00,2026,3,Thursday,17,35.040314,-89.82702,Possible Injury,Pedestrian,Intersection-In Crosswalk,Intersection,Daylight,Not Collision with Motor Vehicle in Transport,Pedestrian,1,True,,,,,,,1374.5268311036054,FROSTY MEADOW DR,84.40756792365039,30.0,2,B,MEMPHIS,SHELBY,26731,84.40756792226034,City of Memphis,city_residual,city: no state-route overlap,FROSTY MEADOW DR,False,False,False,City of Memphis,True,,685.2,True,no_signal_coverage
301072428,2026-03-29,2026-03-29 15:35:00,2026,3,Sunday,15,35.05159,-90.00781,Possible Injury,Pedestrian,Intersection-Not on Roadway,Non-Junction,Daylight,Angle,Other,1,True,,,,,,,1572.9085117991187,BELLBRANCH DR,16.065121714049948,30.0,2,B,MEMPHIS,SHELBY,33264,16.065121713173607,City of Memphis,city_residual,city: no state-route overlap,BELLBRANCH DR,False,False,False,City of Memphis,True,,227.3,True,no_signal_coverage
301074031,2026-04-07,2026-04-07 08:15:00,2026,4,Tuesday,8,35.145485,-90.04989,Possible Injury,Pedestrian,Intersection-In Crosswalk,Intersection,Daylight,Not Collision with Motor Vehicle in Transport,Pedestrian,1,True,N THIRD ST,Minor Arterial,35.0,3.0,3,6.0,5.4989885529656926,COURT AVE,2.900007619809668,30.0,2,B,MEMPHIS,SHELBY,3361,2.900007618625803,City of Memphis,city_residual,city: no state-route overlap,COURT AVE,False,False,True,City of Memphis,True,8215,272.1,False,no_signal_coverage
301079968,2026-05-09,2026-05-09 15:00:00,2026,5,Saturday,15,35.10211,-89.865555,Possible Injury,Pedestrian,Not Intersection-Other Not On Roadway,Non-Junction,Daylight,Not Collision with Motor Vehicle in Transport,Pedestrian,1,True,,,,,,,36.596365217025536,POPLAR AVE,32.14270456085359,40.0,5,FT,MEMPHIS,SHELBY,6863,32.14270456085359,TDOT state route,state_route_overlap,"state route: 100% overlap, name=POPLAR",POPLAR AVE,False,False,False,TDOT state route,False,,144.7,False,
301079472,2026-05-07,2026-05-07 09:04:00,2026,5,Thursday,9,35.14011,-89.96166,Possible Injury,Pedestrian,Intersection-On Roadway not in Crosswalk,Through Roadway,Daylight,Not Collision with Motor Vehicle in Transport,Pedestrian,1,True,,,,,,,486.0395620641466,MCADOO AVE,0.013386151183517,30.0,2,B,MEMPHIS,SHELBY,5508,0.0133861497708445,City of Memphis,city_residual,city: no state-route overlap,MCADOO AVE,False,False,False,City of Memphis,True,19387,750.8,False,no
301077119,2026-04-23,2026-04-23 20:40:00,2026,4,Thursday,20,35.1334,-89.980545,Fatal,Pedestrian,Not Intersection-On Roadway Not In Crosswalk,Non-Junction,Dark-Lighted,Front to Rear,Other,1,True,UNION AVE,Principal Arterial,35.0,7.0,23,5.0,4.591611917599473,UNION AVE,0.0561330426974538,35.0,7,B,MEMPHIS,SHELBY,46880,0.0561330426974538,TDOT state route,state_route_overlap,"state route: 100% overlap, name=UNION",UNION AVE,False,False,False,TDOT state route,False,21946,258.2,True,
301032468,2025-08-07,2025-08-07 04:07:00,2025,8,Thursday,4,35.15228,-90.04579,Fatal,Pedestrian,Not Intersection-On Roadway Crosswalk not Available,Non-Junction,Dark-Lighted,Not Collision with Motor Vehicle in Transport,Pedestrian,1,True,,,,,,,123.53587085938744,INTERSTATE 40 E,0.7325668433445993,65.0,3,FT,MEMPHIS,SHELBY,39700,0.7325668421756121,Interstate (TDOT),interstate_mainline,interstate: MTFCC S1100,INTERSTATE 40 E,True,False,False,Interstate (TDOT),False,,135.9,False,
301052594,2025-11-26,2025-11-26 05:37:00,2025,11,Wednesday,5,35.074295,-90.00193,Fatal,Pedestrian,Not Intersection-Adjacent to Roadway,Non-Junction,Dark-Lighted,Front to Rear,Other,2,True,,,,,,,1654.653217609795,INTERSTATE 240 E,0.1795451231117863,65.0,3,FT,MEMPHIS,SHELBY,39493,0.1795451231117863,Interstate (TDOT),interstate_mainline,interstate: MTFCC S1100,INTERSTATE 240 E,True,False,False,Interstate (TDOT),False,,600.1,False,
300933529,2024-01-03,2024-01-03 18:25:00,2024,1,Wednesday,18,35.048794,-89.92077,Fatal,Pedestrian,Not Intersection-On Roadway Not In Crosswalk,Non-Junction,Dark-Lighted,Not Collision with Motor Vehicle in Transport,Pedestrian,1,True,,,,,,,100.28217402207024,MOUNT HOOD ST,28.825120550973047,30.0,2,B,MEMPHIS,SHELBY,83963,28.825120552583424,City of Memphis,city_residual,city: no state-route overlap,MOUNT HOOD ST,False,False,False,City of Memphis,False,,308.5,False,
301078671,2026-05-03,2026-05-03 19:10:00,2026,5,Sunday,19,35.161133,-89.917366,Suspected Serious Injury,Pedestrian,Intersection-On Roadway Crosswalk Not Available,Intersection,Daylight,Not Collision with Motor Vehicle in Transport,Pedestrian,1,True,,,,,,,1350.859328121981,EMILY AVE,0.0229696056616596,30.0,2,B,MEMPHIS,SHELBY,6121,0.022969607071536,City of Memphis,city_residual,city: no state-route overlap,EMILY AVE,False,False,False,City of Memphis,True,12073,1364.0,False,no
301079833,2026-05-08,2026-05-08 20:48:00,2026,5,Friday,20,35.221107,-89.97553,Suspected Serious Injury,Pedestrian,Intersection-Unknown,Intersection,Dusk,Not Collision with Motor Vehicle in Transport,Pedestrian,1,True,,,,,,,3833.442738510477,FRAYSER BLVD,0.0929208191451962,40.0,4,B,MEMPHIS,SHELBY,49933,0.0929208177533151,City of Memphis,city_residual,city: no state-route overlap,FRAYSER BLVD,False,False,False,City of Memphis,True,13502,3080.8,False,no
301078016,2026-04-29,2026-04-29 10:55:00,2026,4,Wednesday,10,35.144867,-90.05153,Possible Injury,Pedestrian,Not Intersection-On Roadway Crosswalk not Available,AccelDecelLane,Daylight,Not Collision with Motor Vehicle in Transport,Other,1,True,S SECOND ST,Minor Arterial,35.0,3.0,3,6.0,1.6045868898518296,MADISON AVE,0.0036460385718558,30.0,3,B,MEMPHIS,SHELBY,3335,0.0036460385671027,City of Memphis,city_residual,city: no state-route overlap,MADISON AVE,False,False,False,City of Memphis,False,18946,127.7,True,
301061148,2026-01-17,2026-01-17 10:00:00,2026,1,Saturday,10,35.07157,-90.0211,Fatal,Pedestrian,Not Intersection-On Roadway Crosswalk not Available,Non-Junction,Daylight,Not Collision with Motor Vehicle in Transport,Pedestrian,1,True,ELVIS PRESLEY BLVD,Minor Arterial,40.0,4.0,3,6.0,1.5858426191165067,INTERSTATE 240 W,0.0358675906749025,65.0,3,TF,MEMPHIS,SHELBY,39484,0.0358675906890571,Interstate (TDOT),interstate_mainline,interstate: MTFCC S1100,INTERSTATE 240 W,True,False,False,Interstate (TDOT),False,,738.2,False,
301078947,2026-05-03,2026-05-03 12:01:00,2026,5,Sunday,12,35.106583,-89.89539,Suspected Serious Injury,Pedestrian,Intersection-In Crosswalk,Intersection-Related,Daylight,Not Collision with Motor Vehicle in Transport,Pedestrian,1,True,,,,,,,588.4932749318444,PARK AVE,0.0069955081820003,40.0,5,B,MEMPHIS,SHELBY,51599,0.006995508176365,City of Memphis,city_residual,city: no state-route overlap,PARK AVE,False,False,False,City of Memphis,True,20267,587.5,False,no
301077034,2026-04-23,2026-04-23 22:42:00,2026,4,Thursday,22,35.10871,-89.97572,Fatal,Pedestrian,Not Intersection-On Roadway Not In Crosswalk,Non-Junction,Dark-Lighted,Not Collision with Motor Vehicle in Transport,Pedestrian,1,True,,,,,,,834.7511733893234,DALLAS ST,38.13646760592713,30.0,2,B,MEMPHIS,SHELBY,82611,38.136467605946834,City of Memphis,city_residual,city: no state-route overlap,DALLAS ST,False,False,False,City of Memphis,False,,836.3,False,
301047539,2025-10-29,2025-10-29 15:22:00,2025,10,Wednesday,15,35.23621,-90.00019,Suspected Serious Injury,Pedestrian,Intersection-On Roadway not in Crosswalk,Intersection,Daylight,Not Collision with Motor Vehicle in Transport,Pedestrian,1,True,,,,,,,1033.3614692256624,WELLONS AVE,0.0855451791347576,30.0,2,B,MEMPHIS,SHELBY,7036,0.085545179112936,City of Memphis,city_residual,city: no state-route overlap,WELLONS AVE,False,False,False,City of Memphis,True,1261,1245.9,False,no_signal_coverage
301081746,2026-05-18,2026-05-18 17:39:00,2026,5,Monday,17,35.104298,-89.97926,No Injury,Pedestrian,Unknown,Non-Junction,Daylight,Not Collision with Motor Vehicle in Transport,Other,1,True,,,,,,,265.76464044333403,CELLA ST,18.92083551791549,30.0,2,B,MEMPHIS,SHELBY,82562,18.920835517918984,City of Memphis,city_residual,city: no state-route overlap,CELLA ST,False,False,False,City of Memphis,False,,483.1,False,
301061695,2026-01-20,2026-01-20 12:50:00,2026,1,Tuesday,12,35.07659,-89.951195,Fatal,Pedestrian,Intersection-In Crosswalk,Entrance/Exit Ramp Related,Daylight,Not Collision with Motor Vehicle in Transport,Pedestrian,1,True,LAMAR AVE,Principal Arterial,40.0,7.0,4,4.0,3.5209749691146155,AMERICAN WAY,0.148252488981297,45.0,7,B,MEMPHIS,SHELBY,51744,0.1482524894737066,City of Memphis,city_residual,city: no state-route overlap,AMERICAN WAY,False,False,True,City of Memphis,True,790,19.9,False,yes
301077017,2026-04-23,2026-04-23 20:20:00,2026,4,Thursday,20,35.01894,-90.04959,Suspected Serious Injury,Pedestrian,Not Intersection-On Roadway Not In Crosswalk,Through Roadway,Dark-Lighted,Not Collision with Motor Vehicle in Transport,Pedestrian,1,True,,,,,,,212.18974419184963,HODGE RD,0.9830640715270652,30.0,2,B,MEMPHIS,SHELBY,72144,0.9830640715270652,City of Memphis,city_residual,city: no state-route overlap,HODGE RD,False,False,False,City of Memphis,False,,2224.8,False,
301077018,2026-04-23,2026-04-23 22:00:00,2026,4,Thursday,22,35.209473,-90.03271,Possible Injury,Pedestrian,Intersection-Unknown,Intersection,Dark-Lighted,Not Collision with Motor Vehicle in Transport,Pedestrian,1,True,THOMAS ST,,40.0,2.0,3,7.0,1.0786823203816067,THOMAS ST,0.0215984782611098,40.0,2,B,MEMPHIS,SHELBY,46521,0.0215984778107808,TDOT state route,state_route_overlap,"state route: 100% overlap, name=THOMAS",THOMAS ST,False,False,False,TDOT state route,True,24759,17.0,False,yes
301072422,2026-03-29,2026-03-29 20:40:00,2026,3,Sunday,20,35.14176,-90.04817,Fatal,Pedestrian,Not Intersection-On Roadway Not In Crosswalk,Intersection,Dawn,Not Collision with Motor Vehicle in Transport,Pedestrian,1,True,UNION AVE,Minor Arterial,35.0,5.0,3,6.0,4.231060327454137,UNION AVE,0.0791469781493146,35.0,5,B,MEMPHIS,SHELBY,52016,0.0791469768128502,TDOT state route,state_route_overlap,"state route: 100% overlap, name=UNION",UNION AVE,False,False,False,TDOT state route,False,,231.2,False,
301079340,2026-05-06,2026-05-06 15:55:00,2026,5,Wednesday,15,35.08793,-89.946815,Possible Injury,Pedestrian,Not Intersection-Outside Traffic,"Driveway, Alley Access, etc",Daylight,Not Collision with Motor Vehicle in Transport,Pedestrian,1,True,,,,,,,1162.5997572111444,S HIGHLAND ST,45.16652787505057,30.0,2,B,MEMPHIS,SHELBY,83058,45.16652787505664,City of Memphis,city_residual,city: no state-route overlap,S HIGHLAND ST,False,False,False,City of Memphis,False,,814.9,False,
301081352,2026-05-16,2026-05-16 17:51:00,2026,5,Saturday,17,35.134354,-89.83459,Possible Injury,Pedestrian,Intersection-On Roadway Crosswalk Not Available,Non-Junction,Daylight,Not Collision with Motor Vehicle in Transport,Pedestrian,1,True,,,,,,,3045.5292867125727,WALNUT GROVE RD,0.1972429519889945,55.0,2,FT,MEMPHIS,SHELBY,47915,0.1972429534190276,City of Memphis,city_residual,city: no state-route overlap,WALNUT GROVE RD,False,False,False,City of Memphis,True,,2384.2,True,no_signal_coverage
301078082,2026-04-28,2026-04-28 20:00:00,2026,4,Tuesday,20,35.0536,-90.019104,Possible Injury,Pedestrian,Intersection-On Roadway not in Crosswalk,Intersection,Dark-Lighted,Not Collision with Motor Vehicle in Transport,Pedestrian,1,True,,,,,,,540.2223371974999,HERMITAGE DR,43.0728457840514,35.0,2,B,MEMPHIS,SHELBY,27399,43.0728457840514,City of Memphis,city_residual,city: no state-route overlap,HERMITAGE DR,False,False,False,City of Memphis,True,,523.6,True,no_signal_coverage
301078876,2026-05-04,2026-05-04 16:01:00,2026,5,Monday,16,35.156944,-90.04743,Fatal,Pedestrian,Not Intersection-On Roadway Not In Crosswalk,AccelDecelLane,Daylight,Not Collision with Motor Vehicle in Transport,Pedestrian,1,True,,,,,,,61.26872083478026,A W WILLIS AVE,3.0739331893498543,35.0,5,B,MEMPHIS,SHELBY,3411,3.073933188691147,City of Memphis,city_residual,city: no state-route overlap,A W WILLIS AVE,False,False,False,City of Memphis,False,,55.3,False,