MstrRecNbrTxt,CollisionDate,CollisionDteTime,YearNmb,Month,DayOfWeek,Hour,Latitude,Longitude,InjuryClass,PersonType,NonMotoristLocation,RelationToJunction,LightCondition,MannerOfCollision,FirstHarmfulEvent,VictimsInCrash,InMemphis,StateRoute_NAME,StateRoute_F_System,StateRoute_SPDLIMIT,StateRoute_LANES,StateRoute_ALTNAME_1,StateRoute_Council_District,DistToStateRoute_m,Street_Name,DistToStreet_m,Street_SPDLIMIT,Street_LANES,Street_ONEWAY,Street_CITY_L,Street_COUNTY_L,Seg_OBJECTID,DistToSeg_m,Ownership,Rule_Fired,Classification_Basis,Matched_Street,is_limited_access,is_override,is_corner_case,Jurisdiction_prev,at_intersection,intersection_node_id,nearest_ped_signal_m,is_ambiguous_intersection,intersection_signalized
301014888,2025-04-28,2025-04-28 22:48:00,2025,4,Monday,22,35.06494,-89.90679,Fatal,Pedestrian,Intersection-On Roadway not in Crosswalk,Non-Junction,Dark-Lighted,Not Collision with Motor Vehicle in Transport,Pedestrian,1,True,,,,,,,2246.139860973679,ALOHA AVE,84.1036315859838,30.0,2,B,MEMPHIS,SHELBY,2163,84.10363158474223,City of Memphis,city_residual,city: no state-route overlap,ALOHA AVE,False,False,False,City of Memphis,True,,304.2,True,no_signal_coverage
301057819,2025-12-26,2025-12-26 21:42:00,2025,12,Friday,21,35.072655,-89.98633,Fatal,Pedestrian,Not Intersection-Unknown,Intersection,Dark-Lighted,Not Collision with Motor Vehicle in Transport,Pedestrian,1,True,,,,,,,2634.500981822921,AIRWAYS BLVD,0.2555414391088242,40.0,3,FT,MEMPHIS,SHELBY,47938,0.2555414387743916,City of Memphis,city_residual,city: no state-route overlap,AIRWAYS BLVD,False,False,False,City of Memphis,False,,449.0,False,
301079367,2026-04-29,2026-04-29 11:45:00,2026,4,Wednesday,11,35.11443,-89.943054,Possible Injury,Pedestrian,Intersection-In Crosswalk,Intersection,Daylight,Not Collision with Motor Vehicle in Transport,Pedestrian,1,True,,,,,,,1390.5433572680788,BRISTER ST,27.63455699328112,30.0,2,B,MEMPHIS,SHELBY,83159,27.63455699264028,City of Memphis,city_residual,city: no state-route overlap,BRISTER ST,False,False,False,City of Memphis,True,,1474.0,True,no_signal_coverage
301036961,2025-09-01,2025-09-01 23:10:00,2025,9,Monday,23,35.177515,-89.861159,Suspected Serious Injury,Pedestrian,Not Intersection-On Roadway Crosswalk not Available,Non-Junction,Dark-Lighted,Not Collision with Motor Vehicle in Transport,Pedestrian,1,True,,,,,,,119.8559683930522,SUMMER AVE,116.70517645210808,45.0,4,B,MEMPHIS,SHELBY,47491,116.70517645174772,TDOT state route,state_route_overlap,"state route: 100% overlap, name=SUMMER",SUMMER AVE,False,False,False,TDOT state route,False,,394.4,False,
301079037,2026-05-05,2026-05-05 06:00:00,2026,5,Tuesday,6,35.051704,-90.01452,No Injury,Pedestrian,Intersection-Not on Roadway,AccelDecelLane,Dawn,Not Collision with Motor Vehicle in Transport,Other,1,True,,,,,,,960.6554347716024,GRACELAND DR,0.1951429164530864,35.0,2,B,MEMPHIS,SHELBY,27457,0.1951429164530864,City of Memphis,city_residual,city: no state-route overlap,GRACELAND DR,False,False,False,City of Memphis,True,14381,665.2,False,no_signal_coverage
301019499,2025-05-22,2025-05-22 21:48:00,2025,5,Thursday,21,35.167316,-89.94523,Fatal,Pedestrian,Not Intersection-On Roadway Crosswalk not Available,Non-Junction,Dark-Lighted,Not Collision with Motor Vehicle in Transport,Pedestrian,1,True,,,,,,,274.7968933315731,NATIONAL ST,0.6958721657818167,40.0,4,B,MEMPHIS,SHELBY,51292,0.695872165956829,City of Memphis,city_residual,city: no state-route overlap,NATIONAL ST,False,False,False,City of Memphis,False,21079,783.3,True,
301077875,2026-04-25,2026-04-25 16:50:00,2026,4,Saturday,16,35.160507,-90.03022,Possible Injury,Pedestrian,Intersection-On Roadway not in Crosswalk,Intersection,Daylight,Not Collision with Motor Vehicle in Transport,Pedestrian,1,True,,,,,,,379.96636923390514,N DUNLAP ST,0.0966625929385106,30.0,2,B,MEMPHIS,SHELBY,80838,0.096662593220171,City of Memphis,city_residual,city: no state-route overlap,N DUNLAP ST,False,False,False,City of Memphis,True,,416.0,True,no_signal_coverage
301081368,2026-05-16,2026-05-16 23:43:00,2026,5,Saturday,23,35.138874,-90.058,Possible Injury,Pedestrian,Not Intersection-Outside Traffic,Intersection-Related,Dark-Lighted,Angle,Other,1,True,,,,,,,314.2209278613448,PONTOTOC AVE,3.1511166004084386,30.0,2,B,MEMPHIS,SHELBY,3290,3.151116601179122,City of Memphis,city_residual,city: no state-route overlap,PONTOTOC AVE,False,False,False,City of Memphis,False,22385,332.5,True,
301077901,2026-04-28,2026-04-28 16:00:00,2026,4,Tuesday,16,35.079296,-90.05733,Suspected Minor Injury,Pedestrian,Not Intersection-Unknown,AccelDecelLane,Daylight,Angle,Other,1,True,S THIRD ST,Principal Arterial,40.0,5.0,14,6.0,0.0822730516659195,S THIRD ST,0.0899439157165226,40.0,5,B,MEMPHIS,SHELBY,47780,0.0899439157981912,TDOT state route,state_route_overlap,"state route: 100% overlap, name=S THIRD",S THIRD ST,False,False,False,TDOT state route,False,,804.9,False,
301065830,2026-02-18,2026-02-18 06:52:00,2026,2,Wednesday,6,35.109688,-90.02922,Fatal,Pedestrian,Not Intersection-On Roadway Crosswalk not Available,Non-Junction,Dawn,Not Collision with Motor Vehicle in Transport,Pedestrian,1,True,,,,,,,679.0105178131615,S PARKWAY E,0.0250817137802205,35.0,3,FT,MEMPHIS,SHELBY,53253,0.0250817137780774,City of Memphis,city_residual,city: no state-route overlap,S PARKWAY E,False,False,False,City of Memphis,False,,119.6,False,
301078187,2026-04-30,2026-04-30 18:35:00,2026,4,Thursday,18,35.14742,-89.88427,No Injury,Pedestrian,Not Intersection-Outside Traffic,Non-Junction,Daylight,Angle,Other,1,True,,,,,,,719.7211401873622,PODESTA ST,0.2421509551100433,30.0,2,B,MEMPHIS,SHELBY,83531,0.2421509551329256,City of Memphis,city_residual,city: no state-route overlap,PODESTA ST,False,False,False,City of Memphis,False,9828,722.2,True,
300957664,2024-05-17,2024-05-17 20:53:00,2024,5,Friday,20,35.1073,-90.04194,Fatal,Pedestrian,Intersection-On Roadway not in Crosswalk,Non-Junction,Dark-Lighted,Not Collision with Motor Vehicle in Transport,Pedestrian,1,True,,,,,,,1221.4547653615823,S PARKWAY E,0.2730163186740336,35.0,5,B,MEMPHIS,SHELBY,50894,0.2730163186740336,City of Memphis,city_residual,city: no state-route overlap,S PARKWAY E,False,False,False,City of Memphis,True,12041,1068.8,False,no
301085161,2026-06-07,2026-06-07 09:08:00,2026,6,Sunday,9,35.143417,-90.006004,Suspected Minor Injury,Pedestrian,Not Intersection-On Roadway Not In Crosswalk,Non-Junction,Daylight,Not Collision with Motor Vehicle in Transport,Other,1,True,,,,,,,834.0943055300941,ANGELUS ST,10.214842275337569,30.0,2,B,MEMPHIS,SHELBY,81240,10.214842275413782,City of Memphis,city_residual,city: no state-route overlap,ANGELUS ST,False,False,False,City of Memphis,False,,103.2,False,
301084357,2026-06-02,2026-06-02 17:45:00,2026,6,Tuesday,17,35.086903,-89.97048,No Injury,Pedestrian,Not Intersection-Outside Traffic,Intersection-Related,Daylight,Angle,Other,1,True,,,,,,,552.8718889290313,SEMMES ST,0.1441793849065098,30.0,4,B,MEMPHIS,SHELBY,82638,0.1441793849065098,City of Memphis,city_residual,city: no state-route overlap,SEMMES ST,False,False,False,City of Memphis,False,15602,542.0,True,
301082844,2026-05-25,2026-05-25 00:00:00,2026,5,Monday,99,35.108906,-90.00335,Suspected Serious Injury,Pedestrian,Intersection-Unknown,Unknown,Unknown,Unknown,Other,1,True,,,,,,,802.8813077972484,S PARKWAY E,10.03172746852881,35.0,4,B,MEMPHIS,SHELBY,50500,10.031727468703885,City of Memphis,city_residual,city: no state-route overlap,S PARKWAY E,False,False,False,City of Memphis,True,21498,447.5,False,no
301084359,2026-06-02,2026-06-02 15:00:00,2026,6,Tuesday,15,35.088875,-89.96287,Possible Injury,Pedestrian,Intersection-Not on Roadway,Intersection,Daylight,Not Collision with Motor Vehicle in Transport,Pedestrian,1,True,,,,,,,150.19648826316762,DICKMANN AVE,61.2992154674291,30.0,2,B,MEMPHIS,SHELBY,5451,61.2992154674291,City of Memphis,city_residual,city: no state-route overlap,DICKMANN AVE,False,False,False,City of Memphis,True,,174.1,True,no_signal_coverage
301017287,2025-05-11,2025-05-11 23:42:00,2025,5,Sunday,23,35.151276,-89.94446,Suspected Serious Injury,Pedestrian,Not Intersection-On Roadway Crosswalk not Available,Non-Junction,Dark-Lighted,Not Collision with Motor Vehicle in Transport,Pedestrian,1,True,,,,,,,195.94192324546808,N HIGHLAND ST,1.413069855950847,40.0,4,B,MEMPHIS,SHELBY,51278,1.413069855982651,City of Memphis,city_residual,city: no state-route overlap,N HIGHLAND ST,False,False,False,City of Memphis,False,,186.0,False,
301085919,2026-06-11,2026-06-11 22:50:00,2026,6,Thursday,22,35.115646,-90.03716,Suspected Serious Injury,Pedestrian,Not Intersection-On Roadway Not In Crosswalk,Non-Junction,Dark-Lighted,Not Collision with Motor Vehicle in Transport,Pedestrian,1,True,,,,,,,1011.1121846127872,E MCLEMORE AVE,0.1178438606939849,35.0,3,B,MEMPHIS,SHELBY,50921,0.1178438606939849,City of Memphis,city_residual,city: no state-route overlap,E MCLEMORE AVE,False,False,False,City of Memphis,False,10839,873.6,True,
301082549,2026-05-22,2026-05-22 02:50:00,2026,5,Friday,2,35.17474,-89.979675,Suspected Serious Injury,Pedestrian,Not Intersection-Unknown,Through Roadway,Dark-Lighted,Not Collision with Motor Vehicle in Transport,Pedestrian,1,True,,,,,,,1795.7390630781397,CHELSEA AVE,2.400917619239672,40.0,4,B,MEMPHIS,SHELBY,50719,2.4009176189516097,City of Memphis,city_residual,city: no state-route overlap,CHELSEA AVE,False,False,False,City of Memphis,False,6709,1718.0,True,
301082557,2026-05-22,2026-05-22 19:42:00,2026,5,Friday,19,35.150623,-89.97994,Suspected Minor Injury,Pedestrian,Not Intersection-On Roadway Crosswalk not Available,Intersection-Related,Dark-Lighted,Not Collision with Motor Vehicle in Transport,Pedestrian,1,True,SUMMER AVE,Principal Arterial,35.0,6.0,1,5.0,29.053536563294745,SUMMER AVE,24.481510254068585,35.0,6,B,MEMPHIS,SHELBY,46884,24.481510255176005,TDOT state route,state_route_overlap,"state route: 100% overlap, name=SUMMER",SUMMER AVE,False,False,False,TDOT state route,False,,110.6,False,
300966431,2024-07-16,2024-07-16 20:56:00,2024,7,Tuesday,20,35.07365,-89.900955,Fatal,Pedestrian,Not Intersection-On Roadway Not In Crosswalk,AccelDecelLane,Dark-Lighted,Not Collision with Motor Vehicle in Transport,Pedestrian,1,True,,,,,,,2386.830723853393,FAIRBROOK AVE,106.76001343183742,30.0,2,B,MEMPHIS,SHELBY,2212,106.76001343128296,City of Memphis,city_residual,city: no state-route overlap,FAIRBROOK AVE,False,False,False,City of Memphis,False,,626.8,False,
301083087,2026-05-26,2026-05-26 17:59:00,2026,5,Tuesday,17,35.073963,-89.91918,Possible Injury,Pedestrian,Not Intersection-On Roadway Not In Crosswalk,AccelDecelLane,Dawn,Not Collision with Motor Vehicle in Transport,Pedestrian,1,True,,,,,,,1143.9804879983965,AMERICAN WAY,0.1296677207495485,45.0,6,B,MEMPHIS,SHELBY,49363,0.1296677225391156,City of Memphis,city_residual,city: no state-route overlap,AMERICAN WAY,False,False,False,City of Memphis,False,793,1139.1,True,
301084410,2026-06-02,2026-06-02 20:04:00,2026,6,Tuesday,20,35.14776,-89.97406,Possible Injury,Pedestrian,Intersection-On Roadway not in Crosswalk,Intersection-Related,Dawn,Not Collision with Motor Vehicle in Transport,Pedestrian,1,True,,,,,,,282.3438965877799,BROAD AVE,15.08690346360352,40.0,2,B,MEMPHIS,SHELBY,50724,15.08690346166857,City of Memphis,city_residual,city: no state-route overlap,BROAD AVE,False,False,False,City of Memphis,True,,297.2,True,no_signal_coverage
301083684,2026-05-29,2026-05-29 13:24:00,2026,5,Friday,13,35.123043,-90.04289,Possible Injury,Pedestrian,Not Intersection-On Roadway Not In Crosswalk,Non-Junction,Daylight,Not Collision with Motor Vehicle in Transport,Pedestrian,1,True,,,,,,,139.727753529296,E ALSTON AVE,20.06866222659727,30.0,2,B,MEMPHIS,SHELBY,7190,20.06866222452986,City of Memphis,city_residual,city: no state-route overlap,E ALSTON AVE,False,False,False,City of Memphis,False,,186.5,False,
301049362,2025-11-08,2025-11-08 17:03:00,2025,11,Saturday,17,35.14743,-90.02614,Fatal,Pedestrian,Not Intersection-Outside Traffic,Intersection,Daylight,Not Collision with Motor Vehicle in Transport,Pedestrian,1,True,,,,,,,810.6376369487522,DECATUR ST,0.0841083394598099,30.0,2,B,MEMPHIS,SHELBY,80875,0.0841083394598099,City of Memphis,city_residual,city: no state-route overlap,DECATUR ST,False,False,False,City of Memphis,False,9166,263.0,True,
301083130,2026-05-26,2026-05-26 17:18:00,2026,5,Tuesday,17,35.064816,-89.929436,Suspected Serious Injury,Pedestrian,Not Intersection-On Roadway Not In Crosswalk,AccelDecelLane,Daylight,Angle,Other,1,True,,,,,,,263.460910794813,KNIGHT ARNOLD RD,0.1245584338298921,40.0,5,B,MEMPHIS,SHELBY,49339,0.1245584366305729,City of Memphis,city_residual,city: no state-route overlap,KNIGHT ARNOLD RD,False,False,False,City of Memphis,False,17727,309.8,True,
301083138,2026-05-26,2026-05-26 22:14:00,2026,5,Tuesday,22,35.175045,-89.952995,Possible Injury,Pedestrian,Intersection-On Roadway Crosswalk Not Available,AccelDecelLane,Dark-Lighted,Not Collision with Motor Vehicle in Transport,Pedestrian,1,True,,,,,,,836.6377439727005,MOUNT OLIVE RD,13.925275351382714,25.0,2,B,MEMPHIS,SHELBY,73618,13.925275353575572,City of Memphis,city_residual,city: no state-route overlap,MOUNT OLIVE RD,False,False,False,City of Memphis,True,20280,811.3,False,no_signal_coverage
301050619,2025-11-16,2025-11-16 21:23:00,2025,11,Sunday,21,35.135696,-90.00856,Fatal,Pedestrian,Intersection-On Roadway Crosswalk Not Available,Intersection,Dark-Not Lighted,Not Collision with Motor Vehicle in Transport,Pedestrian,1,True,,,,,,,43.0781747334769,S AVALON ST,29.318780607506387,35.0,2,B,MEMPHIS,SHELBY,81152,29.31878060786092,City of Memphis,city_residual,city: no state-route overlap,S AVALON ST,False,False,False,City of Memphis,True,,297.6,True,no_signal_coverage
301086210,2026-06-13,2026-06-13 18:08:00,2026,6,Saturday,18,35.09006,-89.96577,Possible Injury,Pedestrian,Intersection-On Roadway Crosswalk Not Available,Intersection-Related,Dawn,Not Collision with Motor Vehicle in Transport,Pedestrian,1,True,LAMAR AVE,Principal Arterial,40.0,5.0,4,4.0,2.5100181329235807,LAMAR AVE,0.1735915119006116,40.0,5,B,MEMPHIS,SHELBY,48180,0.1735915100959296,TDOT state route,state_route_overlap,"state route: 100% overlap, name=LAMAR",LAMAR AVE,False,False,False,TDOT state route,True,17980,144.0,False,no
301086396,2026-06-14,2026-06-14 17:45:00,2026,6,Sunday,17,35.105953,-89.98519,Possible Injury,Pedestrian,Not Intersection-On Roadway Not In Crosswalk,Through Roadway,Daylight,Not Collision with Motor Vehicle in Transport,Pedestrian,1,True,AIRWAYS BLVD,Principal Arterial,35.0,5.0,277,4.0,4.253475210364219,AIRWAYS BLVD,1.8976057696307795,35.0,5,B,MEMPHIS,SHELBY,46983,1.8976057699130335,TDOT state route,state_route_overlap,"state route: 100% overlap, name=AIRWAYS",AIRWAYS BLVD,False,False,False,TDOT state route,False,,80.1,False,
301086649,2026-06-10,2026-06-10 04:00:00,2026,6,Wednesday,4,34.99923,-89.996284,No Injury,Pedestrian,Not Intersection-Unknown,Unknown,Dark-Lighted,Not Collision with Motor Vehicle in Transport,Other,1,True,,,,,,,2423.1879907008883,JORDAN DR,23.45007942295077,35.0,2,B,MEMPHIS,SHELBY,34033,23.450079422041952,City of Memphis,city_residual,city: no state-route overlap,JORDAN DR,False,False,False,City of Memphis,False,17007,2402.6,True,
301084458,2026-06-03,2026-06-03 15:19:00,2026,6,Wednesday,15,35.137985,-90.028175,Suspected Serious Injury,Pedestrian,Intersection-On Roadway not in Crosswalk,Intersection-Related,Daylight,Not Collision with Motor Vehicle in Transport,Pedestrian,1,True,UNION AVE,Principal Arterial,35.0,6.0,3,6.0,4.528239216543177,UNION AVE,0.0434846282204983,35.0,6,B,MEMPHIS,SHELBY,48512,0.0434846296242903,TDOT state route,state_route_overlap,"state route: 100% overlap, name=UNION",UNION AVE,False,False,False,TDOT state route,True,23674,2.2,False,yes
300922722,2023-11-09,2023-11-09 17:35:00,2023,11,Thursday,17,35.02193,-89.85966,Fatal,Pedestrian,Intersection-On Roadway Crosswalk availability Unknown,Intersection-Related,Dark-Lighted,Not Collision with Motor Vehicle in Transport,Pedestrian,1,True,,,,,,,170.06354847177352,CRUMP RD,1.0844191078383787,30.0,2,B,MEMPHIS,SHELBY,71323,1.0844191078055625,City of Memphis,city_residual,city: no state-route overlap,CRUMP RD,False,False,False,City of Memphis,True,4477,599.5,False,no_signal_coverage
301086226,2026-06-13,2026-06-13 11:35:00,2026,6,Saturday,11,35.10014,-89.987175,Suspected Serious Injury,Pedestrian,Not Intersection-On Roadway Crosswalk Availability Unknown,Non-Junction,Daylight,Not Collision with Motor Vehicle in Transport,Pedestrian,1,True,,,,,,,541.806760606801,LOWELL AVE,0.0999093939933831,30.0,2,B,MEMPHIS,SHELBY,5237,0.0999093968154452,City of Memphis,city_residual,city: no state-route overlap,LOWELL AVE,False,False,False,City of Memphis,False,326,2.8,True,
301085130,2026-06-07,2026-06-07 20:38:00,2026,6,Sunday,20,35.09702,-89.93052,Suspected Serious Injury,Pedestrian,Intersection-In Crosswalk,Intersection,Dark-Lighted,Not Collision with Motor Vehicle in Transport,Pedestrian,1,True,,,,,,,1836.2349010341825,GETWELL RD,37.12506988688704,40.0,5,B,MEMPHIS,SHELBY,51338,37.12506988688704,City of Memphis,city_residual,city: no state-route overlap,GETWELL RD,False,False,False,City of Memphis,True,,1719.8,True,no_signal_coverage
301084953,2026-06-05,2026-06-05 21:26:00,2026,6,Friday,21,35.174706,-89.977776,Suspected Minor Injury,Pedestrian,Intersection-On Roadway not in Crosswalk,Intersection,Dark-Lighted,Not Collision with Motor Vehicle in Transport,Pedestrian,1,True,,,,,,,1837.7133662286144,CHELSEA AVE,0.0209721843429707,40.0,4,B,MEMPHIS,SHELBY,50731,0.0209721829424031,City of Memphis,city_residual,city: no state-route overlap,CHELSEA AVE,False,False,False,City of Memphis,True,6700,1696.3,False,no
301084079,2026-05-30,2026-05-30 14:26:00,2026,5,Saturday,14,35.2313,-89.96782,No Injury,Pedestrian,Intersection-Not on Roadway,Non-Junction,Daylight,Unknown,Other,1,True,,,,,,,3764.5854587933086,GRUBER DR,23.21076350521316,30.0,2,B,MEMPHIS,SHELBY,27995,23.210763505253187,City of Memphis,city_residual,city: no state-route overlap,GRUBER DR,False,False,False,City of Memphis,True,,4226.5,True,no_signal_coverage
301082802,2026-05-24,2026-05-24 20:30:00,2026,5,Sunday,20,35.07397,-89.905876,Suspected Serious Injury,Pedestrian,Not Intersection-On Roadway Not In Crosswalk,Non-Junction,Dusk,Not Collision with Motor Vehicle in Transport,Pedestrian,1,True,,,,,,,2353.495591834213,S PERKINS RD,0.0687522200047778,40.0,7,B,MEMPHIS,SHELBY,49379,0.0687522200047778,City of Memphis,city_residual,city: no state-route overlap,S PERKINS RD,False,False,False,City of Memphis,False,792,420.8,True,
301084105,2026-05-31,2026-05-31 18:30:00,2026,5,Sunday,18,35.134834,-90.027626,Possible Injury,Pedestrian,Intersection-In Crosswalk,Through Roadway,Daylight,Not Collision with Motor Vehicle in Transport,Pedestrian,1,True,S SOMERVILLE ST,Minor Arterial,30.0,2.0,208,6.0,4.312071701446079,DR MARTIN LUTHER KING JR AVE,0.158646254740493,35.0,2,B,MEMPHIS,SHELBY,3684,0.1586462575494576,TDOT state route,state_route_overlap,"state route: 98% overlap, name=DR MARTIN LUTHER KING JR",DR MARTIN LUTHER KING JR AVE,False,False,False,TDOT state route,True,9944,347.0,False,no_signal_coverage
301089995,2026-07-05,2026-07-05 21:30:00,2026,7,Sunday,21,35.21314,-90.00916,Suspected Serious Injury,Pedestrian,Not Intersection-On Roadway Not In Crosswalk,Through Roadway,Dark-Lighted,Not Collision with Motor Vehicle in Transport,Pedestrian,1,True,,,,,,,1828.795835353539,DELLWOOD AVE,0.1755987985797959,35.0,3,B,MEMPHIS,SHELBY,2759,0.1755987986218895,City of Memphis,city_residual,city: no state-route overlap,DELLWOOD AVE,False,False,False,City of Memphis,False,9329,1868.9,True,
301090426,2026-07-07,2026-07-07 09:44:00,2026,7,Tuesday,9,35.205616,-89.73298,Possible Injury,Pedestrian,Intersection-On Roadway Crosswalk availability Unknown,Intersection-Related,Daylight,Not Collision with Motor Vehicle in Transport,Other,1,True,US HIGHWAY 64,Principal Arterial,55.0,5.0,15,1.0,6.9983130391793,US HIGHWAY 64,2.343551965060761,55.0,5,B,LAKELAND,SHELBY,48482,2.343551962622061,TDOT state route,state_route_overlap,"state route: 100% overlap, name=US HIGHWAY 64",US HIGHWAY 64,False,False,False,TDOT state route,True,5476,22.2,False,yes
301090706,2026-07-08,2026-07-08 10:00:00,2026,7,Wednesday,10,35.088844,-89.9649,Possible Injury,Pedestrian,Intersection-In Crosswalk,Intersection,Daylight,Not Collision with Motor Vehicle in Transport,Pedestrian,1,True,LAMAR AVE,Principal Arterial,40.0,5.0,4,4.0,7.896348845421152,LAMAR AVE,5.558202856138732,40.0,5,B,MEMPHIS,SHELBY,48180,5.558202856895368,TDOT state route,state_route_overlap,"state route: 100% overlap, name=LAMAR",LAMAR AVE,False,False,False,TDOT state route,True,,15.7,True,no_signal_coverage
301087459,2026-06-20,2026-06-20 18:50:00,2026,6,Saturday,18,35.148525,-89.90743,Possible Injury,Pedestrian,Not Intersection-On Roadway Not In Crosswalk,Non-Junction,Daylight,Not Collision with Motor Vehicle in Transport,Pedestrian,1,True,SUMMER AVE,Principal Arterial,40.0,7.0,1,5.0,24.34858401603212,SUMMER AVE,19.69239711472521,40.0,7,B,MEMPHIS,SHELBY,48639,19.69239711531409,TDOT state route,state_route_overlap,"state route: 100% overlap, name=SUMMER",SUMMER AVE,False,False,False,TDOT state route,False,,43.3,False,
301091090,2026-07-11,2026-07-11 00:00:00,2026,7,Saturday,99,35.096195,-89.997635,No Injury,Other Non-Motorist,Unknown,Intersection-Related,Unknown,Angle,Other,1,True,,,,,,,1488.5578124755932,KELTNER CIR,71.13028771188596,30.0,2,B,MEMPHIS,SHELBY,9275,71.13028771186279,City of Memphis,city_residual,city: no state-route overlap,KELTNER CIR,False,False,False,City of Memphis,False,,1023.9,False,
301086391,2026-06-14,2026-06-14 21:50:00,2026,6,Sunday,21,35.175377,-90.02148,Possible Injury,Pedestrian,Intersection-In Crosswalk,Intersection,Dark-Lighted,Not Collision with Motor Vehicle in Transport,Pedestrian,1,True,,,,,,,1309.1783208767388,CAPITAL AVE,2.135219788333273,30.0,2,B,MEMPHIS,SHELBY,3783,2.135219788333273,City of Memphis,city_residual,city: no state-route overlap,CAPITAL AVE,False,False,False,City of Memphis,True,4380,249.5,False,no
301086991,2026-06-16,2026-06-16 23:20:00,2026,6,Tuesday,23,35.107895,-89.98464,Suspected Serious Injury,Pedestrian,Intersection-On Roadway not in Crosswalk,AccelDecelLane,Dark-Lighted,Not Collision with Motor Vehicle in Transport,Pedestrian,1,True,AIRWAYS BLVD,Principal Arterial,35.0,5.0,277,4.0,27.47017187975971,ENTERPRISE AVE,16.90015788099042,30.0,2,B,MEMPHIS,SHELBY,5259,16.90015788099042,City of Memphis,city_residual,city: no state-route overlap,ENTERPRISE AVE,False,False,False,City of Memphis,True,,75.6,True,no_signal_coverage
301086941,2026-06-16,2026-06-16 15:47:00,2026,6,Tuesday,15,35.236862,-89.93903,Possible Injury,Pedestrian,Not Intersection-On Roadway Not In Crosswalk,Intersection-Related,Daylight,Not Collision with Motor Vehicle in Transport,Pedestrian,1,True,,,,,,,3205.0644250086825,HOBSON RD,26.20948816862536,30.0,2,B,MEMPHIS,SHELBY,72760,26.20948816862536,City of Memphis,city_residual,city: no state-route overlap,HOBSON RD,False,False,False,City of Memphis,False,,3191.4,False,
301069106,2026-03-10,2026-03-10 05:00:00,2026,3,Tuesday,5,35.175415,-89.97533,Fatal,Pedestrian,Not Intersection-On Roadway Not In Crosswalk,Non-Junction,Dark-Lighted,Not Collision with Motor Vehicle in Transport,Pedestrian,1,True,,,,,,,1932.2519989666469,N HOLLYWOOD ST,8.232795788074926,40.0,4,B,MEMPHIS,SHELBY,50751,8.232795788057896,City of Memphis,city_residual,city: no state-route overlap,N HOLLYWOOD ST,False,False,False,City of Memphis,False,,1610.7,False,
301090186,2026-07-06,2026-07-06 22:34:00,2026,7,Monday,22,35.108857,-89.995672,Suspected Serious Injury,Pedestrian,Not Intersection-On Roadway Not In Crosswalk,Non-Junction,Dark-Lighted,Not Collision with Motor Vehicle in Transport,Pedestrian,1,True,,,,,,,371.004181493284,WORTHINGTON ST,3.6483787369950793,30.0,2,B,MEMPHIS,SHELBY,81471,3.648378737104428,City of Memphis,city_residual,city: no state-route overlap,WORTHINGTON ST,False,False,False,City of Memphis,False,23667,254.6,True,
301090250,2026-07-04,2026-07-04 21:39:00,2026,7,Saturday,21,35.12752,-89.774086,Possible Injury,Pedestrian,Not Intersection-On Roadway Crosswalk not Available,Non-Junction,Dark-Lighted,Not Collision with Motor Vehicle in Transport,Pedestrian,1,True,,,,,,,2150.393125678536,SHELLEY RENEE LN,0.0603943834447387,30.0,2,B,MEMPHIS,SHELBY,41752,0.0603943830568011,City of Memphis,city_residual,city: no state-route overlap,SHELLEY RENEE LN,False,False,False,City of Memphis,False,24165,2130.8,True,
301092403,2026-07-19,2026-07-19 00:00:00,2026,7,Sunday,99,35.08613,-89.93971,Suspected Serious Injury,Pedestrian,Intersection-On Roadway Crosswalk Not Available,Intersection,Unknown,Not Collision with Motor Vehicle in Transport,Pedestrian,1,True,,,,,,,990.1670221379876,ROBIN HOOD LN,25.90347760505744,35.0,2,B,MEMPHIS,SHELBY,42585,25.903477605073064,City of Memphis,city_residual,city: no state-route overlap,ROBIN HOOD LN,False,False,False,City of Memphis,True,,906.6,True,no_signal_coverage
301091335,2026-07-13,2026-07-13 20:20:00,2026,7,Monday,20,35.185516,-89.92818,No Injury,Pedestrian,Unknown,AccelDecelLane,Dark-Lighted,Not Collision with Motor Vehicle in Transport,Other,1,True,,,,,,,203.62283489626543,WALES AVE,23.32619897407481,35.0,2,B,MEMPHIS,SHELBY,50039,23.32619897407481,City of Memphis,city_residual,city: no state-route overlap,WALES AVE,False,False,False,City of Memphis,False,,246.6,False,
301092404,2026-07-20,2026-07-20 00:30:00,2026,7,Monday,0,35.092815,-89.935936,No Injury,Pedestrian,Not Intersection-Outside Traffic,Non-Junction,Dark-Lighted,Not Collision with Motor Vehicle in Transport,Other,1,True,,,,,,,1432.0445476794353,KIMBALL AVE,33.10816160342313,40.0,4,B,MEMPHIS,SHELBY,5789,33.10816160007119,City of Memphis,city_residual,city: no state-route overlap,KIMBALL AVE,False,False,False,City of Memphis,False,,1315.1,False,
301089020,2026-06-27,2026-06-27 21:36:00,2026,6,Saturday,21,35.145916,-90.03486,Possible Injury,Pedestrian,Intersection-On Roadway not in Crosswalk,Intersection-Related,Dark-Lighted,Not Collision with Motor Vehicle in Transport,Pedestrian,1,True,,,,,,,795.0678962832359,N MANASSAS ST,0.0861941122874318,30.0,4,B,MEMPHIS,SHELBY,80711,0.0861941122874318,City of Memphis,city_residual,city: no state-route overlap,N MANASSAS ST,False,False,False,City of Memphis,True,20725,13.6,False,yes