MstrRecNbrTxt,CollisionDate,CollisionDteTime,YearNmb,Month,DayOfWeek,Hour,Latitude,Longitude,InjuryClass,PersonType,NonMotoristLocation,RelationToJunction,LightCondition,MannerOfCollision,FirstHarmfulEvent,VictimsInCrash,InMemphis,StateRoute_NAME,StateRoute_F_System,StateRoute_SPDLIMIT,StateRoute_LANES,StateRoute_ALTNAME_1,StateRoute_Council_District,DistToStateRoute_m,Street_Name,DistToStreet_m,Street_SPDLIMIT,Street_LANES,Street_ONEWAY,Street_CITY_L,Street_COUNTY_L,Seg_OBJECTID,DistToSeg_m,Ownership,Rule_Fired,Classification_Basis,Matched_Street,is_limited_access,is_override,is_corner_case,Jurisdiction_prev,at_intersection,intersection_node_id,nearest_ped_signal_m,is_ambiguous_intersection,intersection_signalized
301089856,2026-07-04,2026-07-04 23:45:00,2026,7,Saturday,23,35.141994,-90.04908,Possible Injury,Pedestrian,Not Intersection-On Roadway Crosswalk Availability Unknown,Intersection,Dark-Not Lighted,Not Collision with Motor Vehicle in Transport,Pedestrian,1,True,UNION AVE,Minor Arterial,35.0,5.0,3,6.0,5.0178996676787415,S FOURTH ST,0.136026411603792,30.0,3,B,MEMPHIS,SHELBY,80537,0.1360264119132273,City of Memphis,city_residual,city: no state-route overlap,S FOURTH ST,False,False,False,City of Memphis,False,,318.0,False,
301089861,2026-07-04,2026-07-04 21:25:00,2026,7,Saturday,21,35.21638,-89.89551,Possible Injury,Pedestrian,Not Intersection-On Roadway Not In Crosswalk,AccelDecelLane,Dark-Lighted,Not Collision with Motor Vehicle in Transport,Pedestrian,1,True,,,,,,,105.32911924423098,COVINGTON PIKE,105.7009028964576,40.0,5,B,MEMPHIS,SHELBY,46577,105.7009028964886,TDOT state route,state_route_overlap,"state route: 100% overlap, name=COVINGTON",COVINGTON PIKE,False,False,False,TDOT state route,False,,158.6,False,
301087330,2026-06-19,2026-06-19 17:55:00,2026,6,Friday,17,35.105698,-89.878204,Suspected Minor Injury,Pedestrian,Not Intersection-On Roadway Not In Crosswalk,Intersection-Related,Daylight,Not Collision with Motor Vehicle in Transport,Pedestrian,1,True,,,,,,,33.24928176741871,POPLAR AVE,28.831322969261745,40.0,7,B,MEMPHIS,SHELBY,47149,28.83132297050028,TDOT state route,state_route_overlap,"state route: 100% overlap, name=POPLAR",POPLAR AVE,False,False,False,TDOT state route,False,,83.6,False,
301090975,2026-07-10,2026-07-10 10:50:00,2026,7,Friday,10,35.145847,-89.95656,Possible Injury,Pedestrian,Intersection-On Roadway not in Crosswalk,Intersection-Related,Daylight,Not Collision with Motor Vehicle in Transport,Pedestrian,1,True,,,,,,,398.9942340364164,VANDALIA ST,16.267728911056327,30.0,2,B,MEMPHIS,SHELBY,82941,16.26772891105989,City of Memphis,city_residual,city: no state-route overlap,VANDALIA ST,False,False,False,City of Memphis,True,22548,402.4,False,no_signal_coverage
301025278,2025-06-25,2025-06-25 22:21:00,2025,6,Wednesday,22,35.083027,-89.92271,Fatal,Pedestrian,Intersection-On Roadway not in Crosswalk,Intersection,Dark-Lighted,Not Collision with Motor Vehicle in Transport,Other,1,True,,,,,,,833.0628298615674,E MALLORY AVE,10.923015672570545,35.0,2,B,MEMPHIS,SHELBY,6202,10.923015673840258,City of Memphis,city_residual,city: no state-route overlap,E MALLORY AVE,False,False,False,City of Memphis,True,10784,785.4,False,no
301090517,2026-07-08,2026-07-08 22:30:00,2026,7,Wednesday,22,35.142082,-90.03187,Possible Injury,Pedestrian,Intersection-Unknown,Entrance/Exit Ramp Related,Dark-Lighted,Not Collision with Motor Vehicle in Transport,Pedestrian,1,True,,,,,,,403.4662993468164,JEFFERSON AVE,60.67545480475181,40.0,4,B,MEMPHIS,SHELBY,7296,60.67545480276912,City of Memphis,city_residual,city: no state-route overlap,JEFFERSON AVE,False,False,False,City of Memphis,True,,394.2,True,no_signal_coverage
301078384,2026-04-30,2026-04-30 20:49:00,2026,4,Thursday,20,35.150913,-89.98125,Suspected Serious Injury,Pedestrian,Intersection-In Crosswalk,Intersection,Daylight,Not Collision with Motor Vehicle in Transport,Pedestrian,1,True,E PARKWAY,Principal Arterial,40.0,7.0,57,5.0,5.887332979204862,E PARKWAY N,5.011341285644677,40.0,7,B,MEMPHIS,SHELBY,48235,5.011341285644677,TDOT state route,state_route_overlap,"state route: 100% overlap, name=E PARKWAY",E PARKWAY N,False,False,False,TDOT state route,True,10973,18.8,False,yes
301092758,2026-07-21,2026-07-21 15:10:00,2026,7,Tuesday,15,35.142,-90.04908,Possible Injury,Pedestrian,Intersection-In Crosswalk,Intersection,Daylight,Not Collision with Motor Vehicle in Transport,Pedestrian,1,True,UNION AVE,Minor Arterial,35.0,5.0,3,6.0,4.384453242663626,UNION AVE,0.0759402177493732,35.0,5,B,MEMPHIS,SHELBY,53087,0.0759402150581129,TDOT state route,state_route_overlap,"state route: 100% overlap, name=UNION",UNION AVE,False,False,False,TDOT state route,True,,318.3,True,no_signal_coverage
301092761,2026-07-21,2026-07-21 17:53:00,2026,7,Tuesday,17,35.12926,-89.949524,Possible Injury,Pedestrian,Not Intersection-On Roadway Crosswalk Availability Unknown,Non-Junction,Daylight,Not Collision with Motor Vehicle in Transport,Pedestrian,1,True,,,,,,,32.96454421773032,POPLAR AVE,37.30322722552315,40.0,7,B,MEMPHIS,SHELBY,47046,37.30322722551888,TDOT state route,state_route_overlap,"state route: 100% overlap, name=POPLAR",POPLAR AVE,False,False,False,TDOT state route,False,,76.6,False,
301090815,2026-07-09,2026-07-09 13:38:00,2026,7,Thursday,13,35.09949,-89.86321,Possible Injury,Pedestrian,Intersection-In Crosswalk,Through Roadway,Daylight,Not Collision with Motor Vehicle in Transport,Pedestrian,1,True,,,,,,,324.32765480174885,PARK AVE,51.67506179622211,40.0,4,B,MEMPHIS,SHELBY,53655,51.67506179545413,City of Memphis,city_residual,city: no state-route overlap,PARK AVE,False,False,False,City of Memphis,True,,323.1,True,no_signal_coverage
301089766,2026-07-03,2026-07-03 21:30:00,2026,7,Friday,21,35.104225,-89.88371,Possible Injury,Pedestrian,Not Intersection-On Roadway Crosswalk not Available,Non-Junction,Dark-Lighted,Not Collision with Motor Vehicle in Transport,Pedestrian,1,True,,,,,,,335.5680277801108,ESTATE DR,54.992369566584095,30.0,5,B,MEMPHIS,SHELBY,34382,54.992369566584095,City of Memphis,city_residual,city: no state-route overlap,ESTATE DR,False,False,False,City of Memphis,False,,325.3,False,
301091044,2026-07-11,2026-07-11 21:16:00,2026,7,Saturday,21,35.060165,-89.84378,Possible Injury,Pedestrian,Intersection-In Crosswalk,Intersection,Dark-Lighted,Not Collision with Motor Vehicle in Transport,Pedestrian,1,True,,,,,,,560.8842743372786,KNIGHT ARNOLD RD,0.0132610498694047,40.0,7,B,MEMPHIS,SHELBY,76434,0.0132610499193256,City of Memphis,city_residual,city: no state-route overlap,KNIGHT ARNOLD RD,False,False,False,City of Memphis,True,17624,695.5,False,no
301088653,2026-06-26,2026-06-26 21:50:00,2026,6,Friday,21,35.157948,-89.976006,Suspected Minor Injury,Pedestrian,Intersection-Unknown,Intersection,Dawn,Not Collision with Motor Vehicle in Transport,Pedestrian,1,True,JACKSON AVE,Principal Arterial,40.0,5.0,14,7.0,4.681920593647033,N HOLLYWOOD ST,0.0158747741983569,35.0,2,B,MEMPHIS,SHELBY,81769,0.0158747741983569,City of Memphis,city_residual,city: no state-route overlap,N HOLLYWOOD ST,False,False,True,City of Memphis,True,16705,15.9,False,yes
301092166,2026-07-18,2026-07-18 00:57:00,2026,7,Saturday,0,35.022,-90.00709,Suspected Serious Injury,Pedestrian,Not Intersection-On Roadway Crosswalk not Available,AccelDecelLane,Dark-Not Lighted,Not Collision with Motor Vehicle in Transport,Pedestrian,1,True,,,,,,,103.50604241350304,PINEBROOK DR,35.40322383151977,30.0,2,B,MEMPHIS,SHELBY,32256,35.40322383048062,City of Memphis,city_residual,city: no state-route overlap,PINEBROOK DR,False,False,False,City of Memphis,False,,99.5,False,
301086906,2026-06-16,2026-06-16 14:37:00,2026,6,Tuesday,14,35.02091,-90.08123,Possible Injury,Pedestrian,Not Intersection-On Roadway Not In Crosswalk,Non-Junction,Daylight,Not Collision with Motor Vehicle in Transport,Pedestrian,1,True,W SHELBY DR,Minor Arterial,45.0,5.0,175,6.0,4.504456857177193,FORD RD,0.0541116098077463,35.0,2,B,MEMPHIS,SHELBY,76919,0.0541116098077463,City of Memphis,city_residual,city: no state-route overlap,FORD RD,False,False,False,City of Memphis,False,13131,581.3,True,
301087214,2026-06-18,2026-06-18 05:09:00,2026,6,Thursday,5,35.064842,-89.92936,Suspected Serious Injury,Pedestrian,Intersection-Not on Roadway,Intersection,Dawn,Not Collision with Motor Vehicle in Transport,Pedestrian,1,True,,,,,,,270.2562425761548,KNIGHT ARNOLD RD,3.1969742058633672,40.0,5,B,MEMPHIS,SHELBY,49341,3.1969742059255988,City of Memphis,city_residual,city: no state-route overlap,KNIGHT ARNOLD RD,False,False,False,City of Memphis,True,17727,316.7,False,no
301088677,2026-06-27,2026-06-27 01:00:00,2026,6,Saturday,1,35.081566,-89.98546,Possible Injury,Pedestrian,Intersection-On Roadway Crosswalk Not Available,Intersection,Dark-Lighted,Not Collision with Motor Vehicle in Transport,Pedestrian,1,True,,,,,,,2013.6647312650305,AIRWAYS BLVD,4.873711507519892,40.0,7,B,MEMPHIS,SHELBY,51005,4.873711507172503,City of Memphis,city_residual,city: no state-route overlap,AIRWAYS BLVD,False,False,False,City of Memphis,True,,244.6,True,no_signal_coverage
300990919,2024-12-12,2024-12-12 18:50:00,2024,12,Thursday,18,35.061245,-89.866714,Fatal,Pedestrian,Not Intersection-On Roadway Not In Crosswalk,Non-Junction,Dark-Not Lighted,Not Collision with Motor Vehicle in Transport,Pedestrian,1,True,,,,,,,1491.196015308847,KNIGHT ARNOLD RD,54.566535164710594,40.0,4,B,MEMPHIS,SHELBY,49451,54.56653516416399,City of Memphis,city_residual,city: no state-route overlap,KNIGHT ARNOLD RD,False,False,False,City of Memphis,False,,80.6,False,
301092622,2026-07-20,2026-07-20 16:03:00,2026,7,Monday,16,35.14036,-90.05172,Possible Injury,Pedestrian,Intersection-In Crosswalk,Intersection,Daylight,Not Collision with Motor Vehicle in Transport,Pedestrian,2,True,S THIRD ST,Minor Arterial,35.0,3.0,14,6.0,1.1968502510781276,PEABODY PL,0.091473883480341,30.0,4,B,MEMPHIS,SHELBY,55058,0.091473883480341,City of Memphis,city_residual,city: no state-route overlap,PEABODY PL,False,False,True,City of Memphis,True,22007,383.3,False,no_signal_coverage
301087581,2026-06-21,2026-06-21 20:18:00,2026,6,Sunday,20,35.11612,-89.90669,Suspected Minor Injury,Pedestrian,Intersection-On Roadway Crosswalk availability Unknown,Intersection,Dark-Lighted,Not Collision with Motor Vehicle in Transport,Pedestrian,1,True,POPLAR AVE,Principal Arterial,40.0,7.0,57,5.0,3.7837593574200863,S PERKINS RD,0.0656597885747341,35.0,2,B,MEMPHIS,SHELBY,77119,0.0656597890678185,City of Memphis,city_residual,city: no state-route overlap,S PERKINS RD,False,False,True,City of Memphis,True,22396,2.0,False,yes
301091563,2026-07-14,2026-07-14 18:22:00,2026,7,Tuesday,18,35.146473,-90.03697,Possible Injury,Pedestrian,Intersection-On Roadway not in Crosswalk,Intersection,Daylight,Not Collision with Motor Vehicle in Transport,Pedestrian,1,True,,,,,,,625.904139219938,POPLAR AVE,0.0622480771732971,40.0,6,B,MEMPHIS,SHELBY,50341,0.0622480771732971,City of Memphis,city_residual,city: no state-route overlap,POPLAR AVE,False,False,False,City of Memphis,True,20821,188.5,False,no
301045948,2025-10-20,2025-10-20 11:15:00,2025,10,Monday,11,35.137028,-89.973434,Fatal,Pedestrian,Not Intersection-On Roadway Not In Crosswalk,Non-Junction,Daylight,"Sideswipe, Same Direction",Other,1,True,POPLAR AVE,Principal Arterial,40.0,7.0,57,5.0,4.272525740041603,POPLAR AVE,0.059930164782053,40.0,7,B,MEMPHIS,SHELBY,48600,0.059930164782053,TDOT state route,state_route_overlap,"state route: 100% overlap, name=POPLAR",POPLAR AVE,False,False,False,TDOT state route,False,7609,12.7,True,
301096611,2026-08-13,2026-08-13 00:30:00,2026,8,Thursday,0,35.176876,-89.83668,Possible Injury,Pedestrian,Intersection-On Roadway not in Crosswalk,Entrance/Exit Ramp Related,Dark-Lighted,Not Collision with Motor Vehicle in Transport,Pedestrian,1,True,,,,,,,1877.5237401833583,WHITTEN RD TO 40W,0.252022568683407,45.0,1,FT,MEMPHIS,SHELBY,36262,0.2520225691075565,Interstate ramp (TDOT),interstate_ramp,interstate ramp: MTFCC S1630,WHITTEN RD TO 40W,True,False,False,Interstate ramp,True,,41.5,True,no_signal_coverage
301083723,2026-05-30,2026-05-30 00:50:00,2026,5,Saturday,0,35.109856,-89.88973,Fatal,Pedestrian,Not Intersection-On Roadway Crosswalk not Available,Intersection-Related,Dark-Lighted,Not Collision with Motor Vehicle in Transport,Pedestrian,1,True,POPLAR AVE,Principal Arterial,40.0,7.0,57,5.0,3.779460038369111,POPLAR AVE,0.0580801557896255,40.0,7,B,MEMPHIS,SHELBY,47136,0.0580801578580618,TDOT state route,state_route_overlap,"state route: 100% overlap, name=POPLAR",POPLAR AVE,False,False,False,TDOT state route,False,10316,146.7,True,
301093390,2026-07-24,2026-07-24 22:10:00,2026,7,Friday,22,35.135464,-90.002884,Fatal,Pedestrian,Not Intersection-On Roadway Crosswalk not Available,Intersection-Related,Dark-Lighted,Not Collision with Motor Vehicle in Transport,Pedestrian,1,True,UNION AVE,Principal Arterial,35.0,6.0,23,5.0,6.948871931964814,UNION AVE,2.361385745851184,35.0,6,B,MEMPHIS,SHELBY,48114,2.361385746717113,TDOT state route,state_route_overlap,"state route: 100% overlap, name=UNION",UNION AVE,False,False,False,TDOT state route,False,23423,222.1,True,
301095885,2026-08-06,2026-08-06 13:33:00,2026,8,Thursday,13,35.11604,-90.055214,Possible Injury,Pedestrian,Intersection-On Roadway Crosswalk availability Unknown,Intersection,Daylight,Not Collision with Motor Vehicle in Transport,Pedestrian,1,True,S THIRD ST,Principal Arterial,40.0,5.0,14,6.0,0.5214254683854173,E MCLEMORE AVE,0.0097156395650323,35.0,2,B,MEMPHIS,SHELBY,53309,0.0097156395628377,City of Memphis,city_residual,city: no state-route overlap,E MCLEMORE AVE,False,False,True,City of Memphis,True,10827,0.5,False,yes
301094710,2026-08-01,2026-08-01 22:12:00,2026,8,Saturday,22,35.181942,-89.97655,Suspected Serious Injury,Pedestrian,Not Intersection-Other Not On Roadway,Through Roadway,Dark-Lighted,Not Collision with Motor Vehicle in Transport,Pedestrian,1,True,,,,,,,2641.218420186578,OAKWOOD ST,16.4567166285866,30.0,2,B,MEMPHIS,SHELBY,81788,16.456716628553306,City of Memphis,city_residual,city: no state-route overlap,OAKWOOD ST,False,False,False,City of Memphis,False,,887.1,False,
301095524,2026-08-06,2026-08-06 08:37:00,2026,8,Thursday,8,35.08655,-90.11144,No Injury,Pedestrian,Not Intersection-Outside Traffic,Rail Grade Crossing,Daylight,Not Collision with Motor Vehicle in Transport,Other,2,True,,,,,,,4966.58031228969,CHANNEL AVE,239.71058113963343,40.0,2,B,MEMPHIS,SHELBY,4574,239.71058113963343,City of Memphis,city_residual,city: no state-route overlap,CHANNEL AVE,False,False,False,City of Memphis,False,,3172.6,False,
301093566,2026-07-25,2026-07-25 05:33:00,2026,7,Saturday,5,35.104927,-89.9826,Fatal,Pedestrian,Intersection-On Roadway not in Crosswalk,Non-Junction,Dark-Lighted,Not Collision with Motor Vehicle in Transport,Pedestrian,1,True,,,,,,,133.5180290511542,DEADRICK AVE,0.0854704714818061,35.0,2,B,MEMPHIS,SHELBY,5295,0.0854704672484894,City of Memphis,city_residual,city: no state-route overlap,DEADRICK AVE,False,False,False,City of Memphis,True,9109,180.5,False,no_signal_coverage
301095003,2026-08-04,2026-08-04 07:38:00,2026,8,Tuesday,7,35.07458,-89.878075,Possible Injury,Pedestrian,Intersection-On Roadway Crosswalk Not Available,Non-Junction,Daylight,Not Collision with Motor Vehicle in Transport,Pedestrian,1,True,,,,,,,686.5599022860067,MOUNT MORIAH RD,1.0582483769540565,40.0,7,B,MEMPHIS,SHELBY,49426,1.0582483751132807,City of Memphis,city_residual,city: no state-route overlap,MOUNT MORIAH RD,False,False,False,City of Memphis,True,12063,247.3,False,no
301094049,2026-07-28,2026-07-28 14:03:00,2026,7,Tuesday,14,35.172173,-89.914246,Suspected Minor Injury,Pedestrian,Not Intersection-On Roadway Not In Crosswalk,Intersection-Related,Daylight,Not Collision with Motor Vehicle in Transport,Pedestrian,1,True,,,,,,,1132.6681045845414,GREY RD,8.44533957583762,30.0,2,B,MEMPHIS,SHELBY,73941,8.445339575732227,City of Memphis,city_residual,city: no state-route overlap,GREY RD,False,False,False,City of Memphis,False,,1081.9,False,
301095546,2026-08-07,2026-08-07 00:00:00,2026,8,Friday,0,35.171684,-89.975235,Suspected Serious Injury,Pedestrian,Not Intersection-On Roadway Not In Crosswalk,Through Roadway,Dark-Lighted,Not Collision with Motor Vehicle in Transport,Pedestrian,1,True,,,,,,,1518.2301034849618,MATTHEWS AVE,12.37943450515209,30.0,2,B,MEMPHIS,SHELBY,4515,12.3794345048376,City of Memphis,city_residual,city: no state-route overlap,MATTHEWS AVE,False,False,False,City of Memphis,False,19351,1512.0,True,
301096399,2026-08-11,2026-08-11 21:17:00,2026,8,Tuesday,21,35.04977,-89.85747,Suspected Serious Injury,Pedestrian,Not Intersection-On Roadway Crosswalk not Available,Non-Junction,Dark-Lighted,Not Collision with Motor Vehicle in Transport,Pedestrian,1,True,,,,,,,2238.953896361769,WINCHESTER RD,0.0811327062429072,45.0,7,B,MEMPHIS,SHELBY,49467,0.0811327048329501,City of Memphis,city_residual,city: no state-route overlap,WINCHESTER RD,False,False,False,City of Memphis,False,23037,19.9,True,
301096452,2026-08-12,2026-08-12 06:50:00,2026,8,Wednesday,6,35.2124,-89.9238,Possible Injury,Pedestrian,Not Intersection-On Roadway Not In Crosswalk,Non-Junction,Daylight,Not Collision with Motor Vehicle in Transport,Pedestrian,1,True,,,,,,,419.96836250985166,RALEIGH MILLINGTON RD,0.0402288729613298,40.0,4,B,MEMPHIS,SHELBY,47209,0.0402288717231394,City of Memphis,city_residual,city: no state-route overlap,RALEIGH MILLINGTON RD,False,False,False,City of Memphis,False,22754,439.7,True,
301093813,2026-07-27,2026-07-27 22:05:00,2026,7,Monday,22,35.195087,-89.89963,Suspected Serious Injury,Pedestrian,Not Intersection-On Roadway Not In Crosswalk,Intersection,Dark-Not Lighted,Not Collision with Motor Vehicle in Transport,Pedestrian,1,True,,,,,,,379.0994590317419,RALEIGH LAGRANGE RD,0.3558859740585422,45.0,7,B,MEMPHIS,SHELBY,51944,0.3558859740585422,City of Memphis,city_residual,city: no state-route overlap,RALEIGH LAGRANGE RD,False,False,False,City of Memphis,False,2496,378.4,True,
301094602,2026-08-02,2026-08-02 02:40:00,2026,8,Sunday,2,35.213657,-89.9166,Possible Injury,Pedestrian,Intersection-On Roadway not in Crosswalk,Intersection,Dark-Lighted,Not Collision with Motor Vehicle in Transport,Pedestrian,1,True,AUSTIN PEAY HWY,Principal Arterial,45.0,7.0,14,1.0,3.351465337200392,AUSTIN PEAY HWY,0.1507721730012708,45.0,7,B,MEMPHIS,SHELBY,48086,0.1507721730012708,TDOT state route,state_route_overlap,"state route: 100% overlap, name=AUSTIN PEAY",AUSTIN PEAY HWY,False,False,False,TDOT state route,True,1705,23.9,False,yes
301094136,2026-07-29,2026-07-29 22:03:00,2026,7,Wednesday,22,35.169,-89.865364,Suspected Serious Injury,Pedestrian,Not Intersection-On Roadway Not In Crosswalk,Non-Junction,Dark-Not Lighted,Not Collision with Motor Vehicle in Transport,Pedestrian,1,True,,,,,,,431.4935552697937,SYCAMORE VIEW RD,6.000045535677847,45.0,7,B,MEMPHIS,SHELBY,50094,6.000045535312161,City of Memphis,city_residual,city: no state-route overlap,SYCAMORE VIEW RD,False,False,False,City of Memphis,False,,97.2,False,
301094433,2026-07-31,2026-07-31 21:38:00,2026,7,Friday,21,35.053303,-89.99127,Possible Injury,Pedestrian,Not Intersection-On Roadway Not In Crosswalk,Non-Junction,Dark-Lighted,Not Collision with Motor Vehicle in Transport,Pedestrian,1,True,,,,,,,3069.9405766705345,WINCHESTER RD,0.1192487783900673,40.0,6,B,MEMPHIS,SHELBY,49833,0.1192487783961311,City of Memphis,city_residual,city: no state-route overlap,WINCHESTER RD,False,False,False,City of Memphis,False,298,22.9,True,
301096502,2026-08-12,2026-08-12 07:50:00,2026,8,Wednesday,7,35.177887,-89.974976,Possible Injury,Pedestrian,Intersection-On Roadway Crosswalk Not Available,Intersection,Daylight,Not Collision with Motor Vehicle in Transport,Pedestrian,1,True,,,,,,,2201.5890682157224,N HOLLYWOOD ST,27.88742953286913,40.0,4,B,MEMPHIS,SHELBY,50755,27.887429532831188,City of Memphis,city_residual,city: no state-route overlap,N HOLLYWOOD ST,False,False,False,City of Memphis,True,,1338.5,True,no_signal_coverage
301097192,2026-08-16,2026-08-16 03:40:00,2026,8,Sunday,3,35.065907,-89.942213,Fatal,Pedestrian,Not Intersection-On Roadway Crosswalk not Available,Non-Junction,Dark-Not Lighted,Not Collision with Motor Vehicle in Transport,Pedestrian,1,True,LAMAR AVE,Principal Arterial,40.0,7.0,4,4.0,5.609381735040643,LAMAR AVE,3.2233549832007165,40.0,7,B,MEMPHIS,SHELBY,46408,3.2233549826940773,TDOT state route,state_route_overlap,"state route: 100% overlap, name=LAMAR",LAMAR AVE,False,False,False,TDOT state route,False,,153.6,False,
301094615,2026-08-01,2026-08-01 19:37:00,2026,8,Saturday,19,35.06163,-90.02371,Suspected Serious Injury,Pedestrian,Intersection-In Crosswalk,"Driveway, Alley Access, etc",Daylight,Not Collision with Motor Vehicle in Transport,Pedestrian,1,True,ELVIS PRESLEY BLVD,Principal Arterial,40.0,6.0,3,6.0,11.840609877551683,E BROOKS RD,8.687367592865133,45.0,5,B,MEMPHIS,SHELBY,49725,8.687367594174608,City of Memphis,city_residual,city: no state-route overlap,E BROOKS RD,False,False,False,City of Memphis,True,10325,14.1,False,yes
301096784,2026-08-13,2026-08-13 17:30:00,2026,8,Thursday,17,35.21042,-90.04211,Possible Injury,Pedestrian,Intersection-On Roadway Crosswalk availability Unknown,Through Roadway,Daylight,Not Collision with Motor Vehicle in Transport,Pedestrian,1,True,,,,,,,860.6438736288111,SINCLAIR ST,4.873434892625304,30.0,2,B,MEMPHIS,SHELBY,79750,4.873434892625304,City of Memphis,city_residual,city: no state-route overlap,SINCLAIR ST,False,False,False,City of Memphis,True,,845.6,True,no_signal_coverage
301071209,2026-03-23,2026-03-23 03:18:00,2026,3,Monday,3,35.183582,-89.87671,Fatal,Pedestrian,Not Intersection-On Roadway Not In Crosswalk,Non-Junction,Dark-Lighted,Not Collision with Motor Vehicle in Transport,Pedestrian,1,True,,,,,,,1399.298722893618,RALEIGH LAGRANGE RD,2.0183185849537955,45.0,6,B,MEMPHIS,SHELBY,51825,2.018318584144135,City of Memphis,city_residual,city: no state-route overlap,RALEIGH LAGRANGE RD,False,False,False,City of Memphis,False,,475.9,False,
301094646,2026-08-02,2026-08-02 05:10:00,2026,8,Sunday,5,35.020283,-89.955055,Possible Injury,Pedestrian,Intersection-Unknown,Intersection-Related,Dawn,Not Collision with Motor Vehicle in Transport,Pedestrian,1,True,,,,,,,57.2999889173319,TCHULAHOMA RD,45.32153255351846,35.0,2,B,MEMPHIS,SHELBY,49314,45.32153255349718,City of Memphis,city_residual,city: no state-route overlap,TCHULAHOMA RD,False,False,False,City of Memphis,True,,39.7,True,no_signal_coverage
301097684,2026-08-19,2026-08-19 02:40:00,2026,8,Wednesday,2,35.044685,-90.056244,No Injury,Other Non-Motorist,Unknown,Unknown,Dark-Lighted,Not Collision with Motor Vehicle in Transport,Other,1,True,,,,,,,685.6871182383939,NEELY RD,0.0752783405803731,35.0,2,B,MEMPHIS,SHELBY,49665,0.0752783406150237,City of Memphis,city_residual,city: no state-route overlap,NEELY RD,False,False,False,City of Memphis,False,10511,666.9,True,
301093089,2026-07-23,2026-07-23 05:15:00,2026,7,Thursday,5,35.24324,-89.931481,Fatal,Pedestrian,Not Intersection-On Roadway Crosswalk not Available,Non-Junction,Dark-Lighted,Not Collision with Motor Vehicle in Transport,Pedestrian,1,True,,,,,,,3120.1503631795144,EGYPT CENTRAL RD,3.637061461866584,40.0,5,B,MEMPHIS,SHELBY,52380,3.6370614615416574,City of Memphis,city_residual,city: no state-route overlap,EGYPT CENTRAL RD,False,False,False,City of Memphis,False,,3095.8,False,
301069623,2026-03-12,2026-03-12 16:20:00,2026,3,Thursday,16,35.208828,-90.011665,Fatal,Pedestrian,Not Intersection-On Roadway Not In Crosswalk,Intersection-Related,Daylight,Not Collision with Motor Vehicle in Transport,Pedestrian,1,True,,,,,,,1902.3475893685409,WHITNEY AVE,0.1925227349397092,40.0,4,B,MEMPHIS,SHELBY,2742,0.1925227363469961,City of Memphis,city_residual,city: no state-route overlap,WHITNEY AVE,False,False,False,City of Memphis,False,24204,1754.0,True,
301071051,2026-03-21,2026-03-21 21:20:00,2026,3,Saturday,21,35.064884,-89.93243,Fatal,Pedestrian,Intersection-Unknown,Intersection,Dark-Lighted,Not Collision with Motor Vehicle in Transport,Pedestrian,1,True,NEW GETWELL RD,Principal Arterial,40.0,2.0,176,3.0,0.3183575722021206,GETWELL RD,0.0186755769238648,40.0,2,FT,MEMPHIS,SHELBY,47309,0.0186755769238648,TDOT state route,state_route_overlap,"state route: 100% overlap, name=GETWELL",GETWELL RD,False,False,False,TDOT state route,True,13941,36.6,False,no
301093148,2026-07-22,2026-07-22 21:09:00,2026,7,Wednesday,21,35.02085,-89.96364,Suspected Serious Injury,Other Non-Motorist,Not Intersection-On Roadway Not In Crosswalk,Non-Junction,Dark-Lighted,Front to Rear,Other,1,True,E SHELBY DR,Principal Arterial,45.0,6.0,175,3.0,4.939292727594661,E SHELBY DR,0.2546311738656366,45.0,6,B,TENNESSEE AIR NATIONAL GUARD,SHELBY,47833,0.2546311767027763,TDOT state route,state_route_overlap,"state route: 100% overlap, name=E SHELBY",E SHELBY DR,False,False,False,TDOT state route,False,11200,24.7,True,
301095135,2026-08-05,2026-08-05 03:10:00,2026,8,Wednesday,3,35.174644,-89.97543,Suspected Serious Injury,Pedestrian,Intersection-In Crosswalk,Intersection,Dark-Lighted,Not Collision with Motor Vehicle in Transport,Pedestrian,1,True,,,,,,,1846.8770546868925,CHELSEA AVE,0.162213842592708,40.0,4,B,MEMPHIS,SHELBY,50750,0.1622138425931861,City of Memphis,city_residual,city: no state-route overlap,CHELSEA AVE,False,False,False,City of Memphis,True,6696,1695.9,False,no
301095121,2026-08-04,2026-08-04 23:00:00,2026,8,Tuesday,23,35.148716,-89.93196,Suspected Minor Injury,Pedestrian,Not Intersection-On Roadway Not In Crosswalk,OtherLocation,Dark-Lighted,Not Collision with Motor Vehicle in Transport,Pedestrian,1,True,,,,,,,58.200697554837205,SUMMER AVE,53.54577260506491,40.0,7,B,MEMPHIS,SHELBY,47085,53.54577260532034,TDOT state route,state_route_overlap,"state route: 100% overlap, name=SUMMER",SUMMER AVE,False,False,False,TDOT state route,False,,359.7,False,
301096076,2026-08-10,2026-08-10 09:00:00,2026,8,Monday,9,35.191555,-89.975784,No Injury,Pedestrian,Not Intersection-Unknown,Non-Junction,Daylight,Not Collision with Motor Vehicle in Transport,Pedestrian,1,True,,,,,,,3583.249500734013,INTERSTATE 40 E,0.1269906983531337,65.0,3,TF,MEMPHIS,SHELBY,39528,0.126990696952914,Interstate (TDOT),interstate_mainline,interstate: MTFCC S1100,INTERSTATE 40 E,True,False,False,Interstate (TDOT),False,,145.8,False,