MstrRecNbrTxt,CollisionDate,CollisionDteTime,YearNmb,Month,DayOfWeek,Hour,Latitude,Longitude,InjuryClass,PersonType,NonMotoristLocation,RelationToJunction,LightCondition,MannerOfCollision,FirstHarmfulEvent,VictimsInCrash,InMemphis,StateRoute_NAME,StateRoute_F_System,StateRoute_SPDLIMIT,StateRoute_LANES,StateRoute_ALTNAME_1,StateRoute_Council_District,DistToStateRoute_m,Street_Name,DistToStreet_m,Street_SPDLIMIT,Street_LANES,Street_ONEWAY,Street_CITY_L,Street_COUNTY_L,Seg_OBJECTID,DistToSeg_m,Ownership,Rule_Fired,Classification_Basis,Matched_Street,is_limited_access,is_override,is_corner_case,Jurisdiction_prev,at_intersection,intersection_node_id,nearest_ped_signal_m,is_ambiguous_intersection,intersection_signalized
301093377,2026-07-24,2026-07-24 21:05:00,2026,7,Friday,21,35.23125,-89.96506,Possible Injury,Pedestrian,Intersection-On Roadway Crosswalk Not Available,Through Roadway,Dusk,Not Collision with Motor Vehicle in Transport,Pedestrian,1,True,,,,,,,3973.531780406475,GRUBER DR,25.265438447279564,30.0,2,B,MEMPHIS,SHELBY,27997,25.265438445849437,City of Memphis,city_residual,city: no state-route overlap,GRUBER DR,False,False,False,City of Memphis,True,,4316.8,True,no_signal_coverage
301096365,2026-08-11,2026-08-11 16:50:00,2026,8,Tuesday,16,35.053303,-89.99127,Possible Injury,Pedestrian,Not Intersection-On Roadway Not In Crosswalk,AccelDecelLane,Daylight,Not Collision with Motor Vehicle in Transport,Pedestrian,1,True,,,,,,,3069.9405766705345,WINCHESTER RD,0.1192487783900673,40.0,6,B,MEMPHIS,SHELBY,49833,0.1192487783961311,City of Memphis,city_residual,city: no state-route overlap,WINCHESTER RD,False,False,False,City of Memphis,False,298,22.9,True,
301101289,2026-09-07,2026-09-07 11:21:00,2026,9,Monday,11,35.143955,-90.01564,Possible Injury,Pedestrian,Intersection-In Crosswalk,Intersection,Daylight,Not Collision with Motor Vehicle in Transport,Pedestrian,1,True,,,,,,,789.8753669485542,POPLAR AVE,0.1332189960499262,40.0,7,B,MEMPHIS,SHELBY,50416,0.1332189988694748,City of Memphis,city_residual,city: no state-route overlap,POPLAR AVE,False,False,False,City of Memphis,True,20480,6.9,False,yes
301098725,2026-08-24,2026-08-24 12:38:00,2026,8,Monday,12,35.132137,-89.856064,Fatal,Pedestrian,Not Intersection-In Crosswalk,Non-Junction,Daylight,Not Collision with Motor Vehicle in Transport,Pedestrian,1,True,,,,,,,1072.966421462778,WALNUT GROVE RD,2.5295402042886845,45.0,3,FT,MEMPHIS,SHELBY,48569,2.5295402036032844,City of Memphis,city_residual,city: no state-route overlap,WALNUT GROVE RD,False,False,False,City of Memphis,False,,417.0,False,
301102689,2026-09-14,2026-09-14 14:40:00,2026,9,Monday,14,35.136646,-90.01465,Suspected Minor Injury,Pedestrian,Intersection-On Roadway not in Crosswalk,Intersection,Daylight,Not Collision with Motor Vehicle in Transport,Pedestrian,1,True,UNION AVE,Principal Arterial,35.0,6.0,23,7.0,4.570733433076683,UNION AVE,0.0092517492389433,35.0,6,B,MEMPHIS,SHELBY,47870,0.0092517478381132,TDOT state route,state_route_overlap,"state route: 100% overlap, name=UNION",UNION AVE,False,False,False,TDOT state route,True,23752,184.2,False,no
301102431,2026-09-13,2026-09-13 23:17:00,2026,9,Sunday,23,35.076416,-89.931526,Suspected Serious Injury,Pedestrian,Not Intersection-On Roadway Not In Crosswalk,Non-Junction,Dark-Lighted,Not Collision with Motor Vehicle in Transport,Pedestrian,1,True,GETWELL RD,Principal Arterial,40.0,7.0,176,4.0,0.1746264389950035,AMERICAN WAY,0.0120421730620728,45.0,6,B,MEMPHIS,SHELBY,49340,0.0120421716562599,City of Memphis,city_residual,city: no state-route overlap,AMERICAN WAY,False,False,False,City of Memphis,False,789,17.4,True,
301099680,2026-08-29,2026-08-29 18:15:00,2026,8,Saturday,18,35.20178,-89.807045,Possible Injury,Pedestrian,Intersection-On Roadway Crosswalk Not Available,Through Roadway,Daylight,Not Collision with Motor Vehicle in Transport,Pedestrian,1,True,,,,,,,319.60518652493494,DEER TRAIL LN,18.47941094266657,30.0,2,B,MEMPHIS,SHELBY,42494,18.479410944521103,City of Memphis,city_residual,city: no state-route overlap,DEER TRAIL LN,False,False,False,City of Memphis,True,,485.5,True,no_signal_coverage
301098264,2026-08-22,2026-08-22 03:20:00,2026,8,Saturday,3,35.16826,-89.86452,Suspected Serious Injury,Pedestrian,Not Intersection-On Roadway Not In Crosswalk,Intersection-Related,Dark-Lighted,Not Collision with Motor Vehicle in Transport,Pedestrian,1,True,,,,,,,543.1408144178649,SHELBY OAKS DR,0.3160451960325066,40.0,4,B,MEMPHIS,SHELBY,35005,0.3160451971136809,City of Memphis,city_residual,city: no state-route overlap,SHELBY OAKS DR,False,False,False,City of Memphis,False,24152,23.4,True,
301100754,2026-09-02,2026-09-02 17:34:00,2026,9,Wednesday,17,35.135254,-90.05002,Suspected Serious Injury,Pedestrian,Intersection-In Crosswalk,Intersection,Daylight,Not Collision with Motor Vehicle in Transport,Other,1,True,,,,,,,228.5408393174983,S FOURTH ST,0.4415131142193359,30.0,3,B,MEMPHIS,SHELBY,80530,0.4415131143839661,City of Memphis,city_residual,city: no state-route overlap,S FOURTH ST,False,False,False,City of Memphis,True,23507,313.3,False,no
301025660,2025-06-28,2025-06-28 04:39:00,2025,6,Saturday,4,35.167934,-90.00019,Fatal,Pedestrian,Intersection-On Roadway Crosswalk Not Available,Intersection,Dark-Unknown Lighting,Not Collision with Motor Vehicle in Transport,Pedestrian,1,True,,,,,,,773.3552146475448,N EVERGREEN ST,13.491939131752298,35.0,3,B,MEMPHIS,SHELBY,81441,13.49193913165061,City of Memphis,city_residual,city: no state-route overlap,N EVERGREEN ST,False,False,False,City of Memphis,True,11725,762.4,False,no
301101816,2026-09-08,2026-09-08 13:00:00,2026,9,Tuesday,13,35.105324,-89.98564,Fatal,Pedestrian,Not Intersection-In Crosswalk,Intersection,Daylight,Not Collision with Motor Vehicle in Transport,Pedestrian,1,True,LAMAR AVE,Principal Arterial,40.0,5.0,4,4.0,3.344926198094228,AIRWAYS BLVD,0.118502627105938,35.0,5,B,MEMPHIS,SHELBY,47984,0.1185026285588871,TDOT state route,state_route_overlap,"state route: 100% overlap, name=AIRWAYS",AIRWAYS BLVD,False,False,False,TDOT state route,False,300,2.6,True,
301018340,2025-05-15,2025-05-15 22:10:00,2025,5,Thursday,22,35.142204,-90.03157,Fatal,Pedestrian,Not Intersection-On Roadway Not In Crosswalk,Non-Junction,Dark-Lighted,Not Collision with Motor Vehicle in Transport,Pedestrian,1,True,,,,,,,420.5362771524241,JEFFERSON AVE,47.13312526057278,40.0,4,B,MEMPHIS,SHELBY,7296,47.13312525950835,City of Memphis,city_residual,city: no state-route overlap,JEFFERSON AVE,False,False,False,City of Memphis,False,,370.7,False,
301068787,2026-03-07,2026-03-07 21:25:00,2026,3,Saturday,21,35.107857,-89.962135,Suspected Serious Injury,Pedestrian,Not Intersection-On Roadway Not In Crosswalk,Non-Junction,Dark-Unknown Lighting,Not Collision with Motor Vehicle in Transport,Pedestrian,1,True,,,,,,,1471.3173364099243,PARK AVE,0.3117722781590764,35.0,4,B,MEMPHIS,SHELBY,51103,0.3117722759945038,City of Memphis,city_residual,city: no state-route overlap,PARK AVE,False,False,False,City of Memphis,False,,1562.7,False,
301099501,2026-08-28,2026-08-28 15:43:00,2026,8,Friday,15,35.066723,-89.843605,Possible Injury,Pedestrian,Not Intersection-Adjacent to Roadway,Non-Junction,Daylight,Angle,Other,1,True,STATE ROUTE 385,Freeway and Expressway,65.0,3.0,NONCONNAH PKWY,2.0,3.991584068948181,STATE ROUTE 385 E,0.024449502916851,65.0,3,FT,MEMPHIS,SHELBY,47693,0.024449502916851,TDOT state route,state_route_overlap,"state route: 100% overlap, name=STATE ROUTE 385",STATE ROUTE 385 E,False,False,False,TDOT state route,False,17628,24.9,True,
301100184,2026-09-01,2026-09-01 08:30:00,2026,9,Tuesday,8,35.034378,-90.05157,Possible Injury,Pedestrian,Not Intersection-Bike Path,"Driveway, Alley Access, etc",Daylight,Not Collision with Motor Vehicle in Transport,Other,1,True,,,,,,,1497.7964755213527,WINDWARD DR,26.743841270106422,30.0,2,B,MEMPHIS,SHELBY,27193,26.743841270146408,City of Memphis,city_residual,city: no state-route overlap,WINDWARD DR,False,False,False,City of Memphis,False,,1603.4,False,
301084184,2026-06-01,2026-06-01 22:30:00,2026,6,Monday,22,35.085995,-89.962364,Fatal,Pedestrian,Not Intersection-On Roadway Not In Crosswalk,Non-Junction,Dark-Lighted,Not Collision with Motor Vehicle in Transport,Pedestrian,1,True,LAMAR AVE,Principal Arterial,40.0,5.0,4,4.0,2.890305868855618,LAMAR AVE,0.1049243643498677,40.0,5,B,MEMPHIS,SHELBY,47003,0.1049243643498677,TDOT state route,state_route_overlap,"state route: 100% overlap, name=LAMAR",LAMAR AVE,False,False,False,TDOT state route,False,17982,15.7,True,
301098780,2026-08-24,2026-08-24 07:15:00,2026,8,Monday,7,35.173267,-90.00771,Possible Injury,Pedestrian,Intersection-On Roadway Crosswalk Not Available,Non-Junction,Daylight,Not Collision with Motor Vehicle in Transport,Pedestrian,1,True,,,,,,,1489.938689531524,N MCNEIL ST,15.724100177298869,30.0,2,B,MEMPHIS,SHELBY,81271,15.724100177298869,City of Memphis,city_residual,city: no state-route overlap,N MCNEIL ST,False,False,False,City of Memphis,True,,1029.1,True,no_signal_coverage
301099008,2026-08-25,2026-08-25 22:35:00,2026,8,Tuesday,22,35.06311,-90.0592,Suspected Serious Injury,Pedestrian,Intersection-On Roadway not in Crosswalk,Intersection,Dark-Lighted,Not Collision with Motor Vehicle in Transport,Pedestrian,1,True,S THIRD ST,Principal Arterial,45.0,7.0,14,6.0,0.4896950332508072,E BROOKS RD,0.017395256609359,35.0,3,B,MEMPHIS,SHELBY,52491,0.0173952566081624,City of Memphis,city_residual,city: no state-route overlap,E BROOKS RD,False,False,True,City of Memphis,True,10335,17.4,False,yes
301101141,2026-09-06,2026-09-06 01:48:00,2026,9,Sunday,1,35.19512,-89.79238,Possible Injury,Pedestrian,Not Intersection-Unknown,Non-Junction,Dark-Lighted,Not Collision with Motor Vehicle in Transport,Pedestrian,1,True,N GERMANTOWN PKWY,Principal Arterial,45.0,7.0,177,1.0,0.3999424724383709,N GERMANTOWN PKWY,0.0306330730583858,45.0,7,B,MEMPHIS,SHELBY,47654,0.0306330729593612,TDOT state route,state_route_overlap,"state route: 100% overlap, name=N GERMANTOWN",N GERMANTOWN PKWY,False,False,False,TDOT state route,False,,346.3,False,
301100538,2026-09-02,2026-09-02 20:33:00,2026,9,Wednesday,20,35.221336,-89.894196,Possible Injury,Pedestrian,Intersection-On Roadway not in Crosswalk,Through Roadway,Dark-Lighted,Not Collision with Motor Vehicle in Transport,Pedestrian,1,True,COVINGTON PIKE,,40.0,5.0,204,1.0,0.0358320659752946,YALE RD,0.0937831801408735,40.0,4,B,MEMPHIS,SHELBY,50036,0.0937831801673858,City of Memphis,city_residual,city: no state-route overlap,YALE RD,False,False,True,City of Memphis,True,8261,23.6,False,yes
301100540,2026-08-31,2026-08-31 21:12:00,2026,8,Monday,21,35.15837,-90.01507,Suspected Serious Injury,Pedestrian,Not Intersection-On Roadway Not In Crosswalk,Non-Junction,Dark-Lighted,Not Collision with Motor Vehicle in Transport,Pedestrian,1,True,JACKSON AVE,Principal Arterial,35.0,4.0,14,7.0,4.809251655002903,JACKSON AVE,0.2090482799710761,35.0,4,B,MEMPHIS,SHELBY,46781,0.2090482827836078,TDOT state route,state_route_overlap,"state route: 100% overlap, name=JACKSON",JACKSON AVE,False,False,False,TDOT state route,False,16685,296.6,True,
301099899,2026-08-31,2026-08-31 08:07:00,2026,8,Monday,8,35.015633,-90.02658,Suspected Minor Injury,Pedestrian,Not Intersection-On Roadway Not In Crosswalk,Through Roadway,Daylight,Not Collision with Motor Vehicle in Transport,Pedestrian,1,True,,,,,,,123.26723657204596,MCCLURE RD,116.24648805749564,35.0,2,B,MEMPHIS,SHELBY,72290,116.2464880580066,City of Memphis,city_residual,city: no state-route overlap,MCCLURE RD,False,False,False,City of Memphis,False,,207.2,False,
301102771,2026-09-14,2026-09-14 20:36:00,2026,9,Monday,20,35.101883,-89.87028,Fatal,Pedestrian,Not Intersection-Outside Traffic,Non-Junction,Dark-Lighted,Not Collision with Motor Vehicle in Transport,Pedestrian,1,True,POPLAR AVE,Principal Arterial,40.0,3.0,57,5.0,4.382984339568191,POPLAR AVE,0.0757495367295001,40.0,2,FT,MEMPHIS,SHELBY,6941,0.075749534160053,TDOT state route,state_route_overlap,"state route: 100% overlap, name=POPLAR",POPLAR AVE,False,False,False,TDOT state route,False,,575.6,False,
301102325,2026-09-13,2026-09-13 00:00:00,2026,9,Sunday,0,35.17911,-89.861206,Suspected Minor Injury,Pedestrian,Not Intersection-Adjacent to Roadway,Intersection,Dark-Not Lighted,Not Collision with Motor Vehicle in Transport,Pedestrian,1,True,SUMMER AVE,Principal Arterial,45.0,4.0,1,1.0,3.3097291966119182,E GLENHOME DR,0.1545715647676634,30.0,2,B,MEMPHIS,SHELBY,34917,0.1545715647676634,City of Memphis,city_residual,city: no state-route overlap,E GLENHOME DR,False,False,False,City of Memphis,False,10602,238.6,True,
301100278,2026-09-01,2026-09-01 20:00:00,2026,9,Tuesday,20,35.16857,-89.86386,Possible Injury,Pedestrian,Intersection-On Roadway Crosswalk availability Unknown,Non-Junction,Dawn,Not Collision with Motor Vehicle in Transport,Pedestrian,1,True,,,,,,,567.2245773346496,SHELBY OAKS DR,4.073699828360989,35.0,4,B,MEMPHIS,SHELBY,52778,4.073699825904731,City of Memphis,city_residual,city: no state-route overlap,SHELBY OAKS DR,False,False,False,City of Memphis,True,,48.3,True,no_signal_coverage
301101652,2026-09-09,2026-09-09 08:07:00,2026,9,Wednesday,8,35.128716,-90.02107,Possible Injury,Pedestrian,Intersection-In Crosswalk,Intersection,Daylight,Not Collision with Motor Vehicle in Transport,Pedestrian,1,True,S BELLEVUE BLVD,Minor Arterial,35.0,4.0,3,6.0,0.7494499111183989,LAMAR AVE,0.1448637063314194,40.0,6,B,MEMPHIS,SHELBY,46751,0.1448637051610378,TDOT state route,state_route_overlap,"state route: 100% overlap, name=LAMAR",LAMAR AVE,False,False,False,TDOT state route,True,17995,151.2,False,no
301066701,2026-02-23,2026-02-23 22:18:00,2026,2,Monday,22,35.19489,-89.79239,Fatal,Pedestrian,Not Intersection-On Roadway Crosswalk not Available,Non-Junction,Dark-Not Lighted,Not Collision with Motor Vehicle in Transport,Pedestrian,1,True,N GERMANTOWN PKWY,Principal Arterial,45.0,7.0,177,1.0,0.4098703647731037,N GERMANTOWN PKWY,0.0677186861744766,45.0,7,B,MEMPHIS,SHELBY,47654,0.0677186860754519,TDOT state route,state_route_overlap,"state route: 100% overlap, name=N GERMANTOWN",N GERMANTOWN PKWY,False,False,False,TDOT state route,False,,320.8,False,
301101676,2026-09-09,2026-09-09 07:45:00,2026,9,Wednesday,7,35.099407,-89.93087,Possible Injury,Pedestrian,Intersection-In Crosswalk,Intersection,Daylight,Not Collision with Motor Vehicle in Transport,Pedestrian,2,True,,,,,,,2100.043579057684,RHODES AVE,0.2033120863815145,35.0,4,B,MEMPHIS,SHELBY,51318,0.2033120864500252,City of Memphis,city_residual,city: no state-route overlap,RHODES AVE,False,False,False,City of Memphis,True,13946,1983.1,False,no
301098364,2026-08-22,2026-08-22 19:15:00,2026,8,Saturday,19,35.155006,-89.886444,Possible Injury,Pedestrian,Intersection-On Roadway not in Crosswalk,Intersection-Related,Daylight,Not Collision with Motor Vehicle in Transport,Pedestrian,1,True,SUMMER AVE,Principal Arterial,40.0,5.0,1,5.0,5.554843224408257,SUMMER AVE,2.27241892811092,40.0,5,B,MEMPHIS,SHELBY,48494,2.2724189281109197,TDOT state route,state_route_overlap,"state route: 100% overlap, name=SUMMER",SUMMER AVE,False,False,False,TDOT state route,True,,27.5,True,no_signal_coverage
301085015,2026-06-07,2026-06-07 01:05:00,2026,6,Sunday,1,35.06263,-89.91606,Fatal,Pedestrian,Intersection-On Roadway Crosswalk Not Available,Intersection,Dark-Lighted,Not Collision with Motor Vehicle in Transport,Pedestrian,1,True,,,,,,,1370.2440760912411,KNIGHT ARNOLD RD,0.0619803492012746,40.0,5,B,MEMPHIS,SHELBY,53716,0.0619803492384303,City of Memphis,city_residual,city: no state-route overlap,KNIGHT ARNOLD RD,False,False,False,City of Memphis,True,3403,955.9,False,no
301102189,2026-09-11,2026-09-11 23:40:00,2026,9,Friday,23,35.178204,-89.837234,No Injury,Other Non-Motorist,Unknown,Intersection,Dark-Lighted,Not Collision with Motor Vehicle in Transport,Other,1,True,,,,,,,1744.0065261452824,RALEIGH LAGRANGE RD,34.48453540389828,45.0,5,B,MEMPHIS,SHELBY,53643,34.48453540265277,City of Memphis,city_residual,city: no state-route overlap,RALEIGH LAGRANGE RD,False,False,False,City of Memphis,False,,197.2,False,
301098884,2026-08-24,2026-08-24 05:42:00,2026,8,Monday,5,35.006416,-90.06072,Possible Injury,Pedestrian,Not Intersection-Adjacent to Roadway,AccelDecelLane,Dark-Not Lighted,Not Collision with Motor Vehicle in Transport,Pedestrian,2,True,,,,,,,1616.7245248068025,HILLBROOK RD,0.0234367984220493,30.0,2,B,MEMPHIS,SHELBY,72054,0.0234367983481848,City of Memphis,city_residual,city: no state-route overlap,HILLBROOK RD,False,False,False,City of Memphis,False,10670,2941.1,True,
301102643,2026-09-13,2026-09-13 22:50:00,2026,9,Sunday,22,35.135544,-90.00078,Possible Injury,Pedestrian,Intersection-Unknown,Intersection,Dark-Lighted,Not Collision with Motor Vehicle in Transport,Pedestrian,1,True,UNION AVE,Principal Arterial,35.0,6.0,23,5.0,27.117338093801006,UNION AVE,31.708857835660364,35.0,6,B,MEMPHIS,SHELBY,46816,31.708857835660364,TDOT state route,state_route_overlap,"state route: 100% overlap, name=UNION",UNION AVE,False,False,False,TDOT state route,True,,75.6,True,no_signal_coverage
301102647,2026-09-14,2026-09-14 15:35:00,2026,9,Monday,15,35.178997,-89.849144,Possible Injury,Pedestrian,Not Intersection-Outside Traffic,Non-Junction,Daylight,Not Collision with Motor Vehicle in Transport,Pedestrian,1,True,,,,,,,855.0239248116595,SHELBY VIEW DR,4.697223773959618,30.0,2,B,MEMPHIS,SHELBY,30255,4.697223774434868,City of Memphis,city_residual,city: no state-route overlap,SHELBY VIEW DR,False,False,False,City of Memphis,False,14238,947.8,True,
301101982,2026-09-10,2026-09-10 21:14:00,2026,9,Thursday,21,35.129837,-89.797615,Suspected Serious Injury,Pedestrian,Intersection-On Roadway not in Crosswalk,Non-Junction,Dark-Not Lighted,Not Collision with Motor Vehicle in Transport,Pedestrian,1,True,S GERMANTOWN PKWY,Principal Arterial,50.0,6.0,177,2.0,1.6830061939331695,S GERMANTOWN PKWY,2.728714237500156,50.0,6,B,MEMPHIS,SHELBY,47237,2.7287142369604247,TDOT state route,state_route_overlap,"state route: 100% overlap, name=S GERMANTOWN",S GERMANTOWN PKWY,False,False,False,TDOT state route,True,,237.7,True,no_signal_coverage
301099614,2026-08-27,2026-08-27 17:06:00,2026,8,Thursday,17,35.1519,-90.01281,Possible Injury,Pedestrian,Not Intersection-Bike Path,AccelDecelLane,Daylight,Not Collision with Motor Vehicle in Transport,Pedestrian,1,True,,,,,,,104.88426356361282,N WATKINS ST,0.2675114070602106,35.0,4,B,MEMPHIS,SHELBY,53423,0.2675114073538563,City of Memphis,city_residual,city: no state-route overlap,N WATKINS ST,False,False,False,City of Memphis,False,13699,671.8,True,
301101750,2026-09-09,2026-09-09 14:58:00,2026,9,Wednesday,14,35.136547,-90.02067,Possible Injury,Pedestrian,Intersection-On Roadway Crosswalk availability Unknown,Through Roadway,Daylight,Not Collision with Motor Vehicle in Transport,Pedestrian,1,True,S BELLEVUE BLVD,Major Collector,35.0,4.0,3,6.0,2.490350726459009,S BELLEVUE BLVD,2.1736161148887825,35.0,4,B,MEMPHIS,SHELBY,46769,2.173616114895213,TDOT state route,state_route_overlap,"state route: 100% overlap, name=S BELLEVUE",S BELLEVUE BLVD,False,False,False,TDOT state route,True,,88.9,True,no_signal_coverage
301096413,2026-08-12,2026-08-12 03:58:00,2026,8,Wednesday,3,35.046463,-90.025276,Suspected Minor Injury,Pedestrian,Not Intersection-On Roadway Not In Crosswalk,Non-Junction,Dark-Lighted,Not Collision with Motor Vehicle in Transport,Other,1,True,ELVIS PRESLEY BLVD,Principal Arterial,40.0,6.0,3,6.0,15.102614750423026,ELVIS PRESLEY BLVD,15.324155030726782,40.0,6,B,MEMPHIS,SHELBY,47269,15.324155030701895,TDOT state route,state_route_overlap,"state route: 100% overlap, name=ELVIS PRESLEY",ELVIS PRESLEY BLVD,False,False,False,TDOT state route,False,,7.2,False,
301101756,2026-09-09,2026-09-09 21:34:00,2026,9,Wednesday,21,35.068775,-89.95419,Possible Injury,Pedestrian,Intersection-On Roadway not in Crosswalk,Non-Junction,Dark-Not Lighted,Not Collision with Motor Vehicle in Transport,Pedestrian,1,True,,,,,,,762.4719513324417,DEMOCRAT RD,0.2482756554183244,40.0,5,B,MEMPHIS,SHELBY,52300,0.2482756554140353,City of Memphis,city_residual,city: no state-route overlap,DEMOCRAT RD,False,False,False,City of Memphis,True,787,27.5,False,yes
301101129,2026-09-05,2026-09-05 23:10:00,2026,9,Saturday,23,35.008266,-89.949776,Possible Injury,Pedestrian,Not Intersection-Outside Traffic,Through Roadway,Dark-Lighted,Angle,Other,1,True,,,,,,,1181.2190026336907,E HOLMES RD,230.62614091701303,45.0,7,B,MEMPHIS,SHELBY,77025,230.62614091701303,City of Memphis,city_residual,city: no state-route overlap,E HOLMES RD,False,False,False,City of Memphis,False,,1427.9,False,
301014726,2025-04-28,2025-04-28 01:39:00,2025,4,Monday,1,35.108875,-89.98901,Fatal,Pedestrian,Not Intersection-Unknown,Non-Junction,Dark-Lighted,Not Collision with Motor Vehicle in Transport,Pedestrian,1,True,LAMAR AVE,Principal Arterial,40.0,7.0,4,4.0,2.4945988786715474,LAMAR AVE,6.05985898713311,40.0,7,B,MEMPHIS,SHELBY,48603,6.059858989142067,TDOT state route,state_route_overlap,"state route: 100% overlap, name=LAMAR",LAMAR AVE,False,False,False,TDOT state route,False,13769,321.0,True,
301086179,2026-06-12,2026-06-12 15:28:00,2026,6,Friday,15,35.034172,-90.02463,Fatal,Pedestrian,Not Intersection-Outside Traffic,Non-Junction,Daylight,Not Collision with Motor Vehicle in Transport,Pedestrian,1,True,,,,,,,49.36508803877312,MARLIN RD,22.628547005013512,35.0,2,B,MEMPHIS,SHELBY,76924,22.628547005013512,City of Memphis,city_residual,city: no state-route overlap,MARLIN RD,False,False,False,City of Memphis,False,,42.3,False,
301099692,2026-08-29,2026-08-29 20:00:00,2026,8,Saturday,20,35.16043,-89.79444,Possible Injury,Pedestrian,Intersection-On Roadway not in Crosswalk,Non-Junction,Dark-Lighted,Not Collision with Motor Vehicle in Transport,Pedestrian,1,True,,,,,,,60.75632820503464,COUNTRY VILLAGE DR,43.29125049086762,30.0,2,B,MEMPHIS,SHELBY,25091,43.29125048834697,City of Memphis,city_residual,city: no state-route overlap,COUNTRY VILLAGE DR,False,False,False,City of Memphis,True,,219.9,True,no_signal_coverage
301102875,2026-09-16,2026-09-16 07:19:00,2026,9,Wednesday,7,35.21584,-89.9931,Suspected Minor Injury,Pedestrian,Not Intersection-On Roadway Not In Crosswalk,Unknown,Daylight,Not Collision with Motor Vehicle in Transport,Pedestrian,1,True,,,,,,,2860.973027404461,WOODROW ST,67.85452590795357,30.0,2,B,MEMPHIS,SHELBY,84351,67.85452590806038,City of Memphis,city_residual,city: no state-route overlap,WOODROW ST,False,False,False,City of Memphis,False,,2852.6,False,
301073827,2026-04-06,2026-04-06 23:34:00,2026,4,Monday,23,35.215113,-90.003464,Fatal,Pedestrian,Not Intersection-On Roadway Crosswalk not Available,Intersection,Dark-Lighted,Not Collision with Motor Vehicle in Transport,Pedestrian,1,True,,,,,,,2132.310257983269,N WATKINS ST,3.98232400839206,40.0,5,B,MEMPHIS,SHELBY,49877,3.982324007336629,City of Memphis,city_residual,city: no state-route overlap,N WATKINS ST,False,False,False,City of Memphis,False,14720,2310.3,True,
301007975,2025-03-23,2025-03-23 14:00:00,2025,3,Sunday,14,35.19155,-89.97579,Fatal,Pedestrian,Not Intersection-On Roadway Not In Crosswalk,Non-Junction,Daylight,Not Collision with Motor Vehicle in Transport,Pedestrian,1,True,,,,,,,3583.217511224382,N HOLLYWOOD ST,0.3436253221397045,40.0,6,B,MEMPHIS,SHELBY,52587,0.3436253220541066,City of Memphis,city_residual,city: no state-route overlap,N HOLLYWOOD ST,False,False,False,City of Memphis,False,,145.2,False,
301099828,2026-08-30,2026-08-30 19:21:00,2026,8,Sunday,19,35.10439,-89.87651,Possible Injury,Pedestrian,Not Intersection-In Parking Lane,Intersection,Daylight,Not Collision with Motor Vehicle in Transport,Pedestrian,1,True,,,,,,,126.8299170751082,OAKHAVEN RD,25.955883860777103,30.0,2,B,MEMPHIS,SHELBY,74490,25.95588386082517,City of Memphis,city_residual,city: no state-route overlap,OAKHAVEN RD,False,False,False,City of Memphis,False,,170.0,False,
301081667,2026-05-18,2026-05-18 12:54:00,2026,5,Monday,12,35.07929,-89.98485,Fatal,Pedestrian,Intersection-On Roadway not in Crosswalk,Non-Junction,Daylight,Not Collision with Motor Vehicle in Transport,Pedestrian,1,True,,,,,,,2111.968854138745,AIRWAYS BLVD,0.0125660271172345,40.0,7,B,MEMPHIS,SHELBY,52437,0.0125660270904635,City of Memphis,city_residual,city: no state-route overlap,AIRWAYS BLVD,False,False,False,City of Memphis,True,318,17.8,False,yes
301088693,2026-06-27,2026-06-27 22:30:00,2026,6,Saturday,22,35.162476,-89.9559,Fatal,Pedestrian,Intersection-On Roadway not in Crosswalk,Intersection,Dark-Lighted,Not Collision with Motor Vehicle in Transport,Pedestrian,1,True,,,,,,,33.10705011883469,HUDSON ST,13.465442755867452,30.0,2,B,MEMPHIS,SHELBY,84144,13.46544275650021,City of Memphis,city_residual,city: no state-route overlap,HUDSON ST,False,False,False,City of Memphis,True,16256,301.6,False,no
301032288,2025-08-06,2025-08-06 03:55:00,2025,8,Wednesday,3,35.105316,-89.87507,Fatal,Pedestrian,Not Intersection-On Roadway Crosswalk not Available,Non-Junction,Dark-Not Lighted,Not Collision with Motor Vehicle in Transport,Pedestrian,1,True,POPLAR AVE,Principal Arterial,40.0,6.0,57,5.0,10.031471654374682,POPLAR AVE,14.447559973344704,40.0,6,B,MEMPHIS,SHELBY,47151,14.447559975837471,TDOT state route,state_route_overlap,"state route: 100% overlap, name=POPLAR",POPLAR AVE,False,False,False,TDOT state route,False,8456,209.1,True,
301104603,2026-09-25,2026-09-25 08:50:00,2026,9,Friday,8,35.053364,-89.8783,Possible Injury,Pedestrian,Intersection-In Crosswalk,AccelDecelLane,Daylight,Not Collision with Motor Vehicle in Transport,Pedestrian,1,True,,,,,,,2820.048683410718,NEWBERRY AVE,7.303071794319232,30.0,2,B,MEMPHIS,SHELBY,2271,7.303071790865033,City of Memphis,city_residual,city: no state-route overlap,NEWBERRY AVE,False,False,False,City of Memphis,True,,441.7,True,no_signal_coverage