MstrRecNbrTxt,CollisionDate,CollisionDteTime,YearNmb,Month,DayOfWeek,Hour,Latitude,Longitude,InjuryClass,PersonType,NonMotoristLocation,RelationToJunction,LightCondition,MannerOfCollision,FirstHarmfulEvent,VictimsInCrash,InMemphis,StateRoute_NAME,StateRoute_F_System,StateRoute_SPDLIMIT,StateRoute_LANES,StateRoute_ALTNAME_1,StateRoute_Council_District,DistToStateRoute_m,Street_Name,DistToStreet_m,Street_SPDLIMIT,Street_LANES,Street_ONEWAY,Street_CITY_L,Street_COUNTY_L,Seg_OBJECTID,DistToSeg_m,Ownership,Rule_Fired,Classification_Basis,Matched_Street,is_limited_access,is_override,is_corner_case,Jurisdiction_prev,at_intersection,intersection_node_id,nearest_ped_signal_m,is_ambiguous_intersection,intersection_signalized
301103222,2026-09-17,2026-09-17 19:45:00,2026,9,Thursday,19,35.217407,-89.90965,Possible Injury,Pedestrian,Intersection-On Roadway Crosswalk Not Available,Through Roadway,Dark-Not Lighted,Not Collision with Motor Vehicle in Transport,Pedestrian,1,True,,,,,,,231.78322581514493,RALEIGH SPRINGS MALL,80.54150277050167,0.0,2,N,MEMPHIS,SHELBY,48708,80.54150277050167,City of Memphis,city_residual,city: no state-route overlap,RALEIGH SPRINGS MALL,False,False,False,City of Memphis,True,,224.9,True,no_signal_coverage
301103904,2026-09-21,2026-09-21 21:00:00,2026,9,Monday,21,35.2248,-90.001884,Possible Injury,Pedestrian,Not Intersection-On Roadway Crosswalk Availability Unknown,Non-Junction,Dark-Lighted,Not Collision with Motor Vehicle in Transport,Pedestrian,1,True,,,,,,,1635.3853965576425,KENSETT DR,21.12011453628935,30.0,2,B,MEMPHIS,SHELBY,27805,21.120114536515946,City of Memphis,city_residual,city: no state-route overlap,KENSETT DR,False,False,False,City of Memphis,False,,1664.4,False,
301103015,2026-09-16,2026-09-16 15:58:00,2026,9,Wednesday,15,35.218304,-89.92738,Possible Injury,Pedestrian,Not Intersection-On Roadway Crosswalk not Available,Intersection-Related,Daylight,Not Collision with Motor Vehicle in Transport,Pedestrian,1,True,,,,,,,1082.1425927109992,RAMILL RD,0.4463778947537468,40.0,4,B,MEMPHIS,SHELBY,51804,0.44637789479161,City of Memphis,city_residual,city: no state-route overlap,RAMILL RD,False,False,False,City of Memphis,False,,1072.4,False,
301103685,2026-09-20,2026-09-20 15:11:00,2026,9,Sunday,15,35.18658,-89.88646,Possible Injury,Pedestrian,Intersection-In Crosswalk,Non-Junction,Daylight,Not Collision with Motor Vehicle in Transport,Pedestrian,1,True,,,,,,,888.0143361899954,RALEIGH LAGRANGE RD,0.1081155000251174,45.0,7,B,MEMPHIS,SHELBY,50051,0.1081154989533938,City of Memphis,city_residual,city: no state-route overlap,RALEIGH LAGRANGE RD,False,False,False,City of Memphis,True,11972,882.3,False,no
301103698,2026-09-20,2026-09-20 19:30:00,2026,9,Sunday,19,35.240242,-89.93011,Possible Injury,Pedestrian,Not Intersection-On Roadway Not In Crosswalk,Through Roadway,Dark-Lighted,Not Collision with Motor Vehicle in Transport,Pedestrian,1,True,,,,,,,2813.246910608344,PRIVATE DR,61.38812822788911,25.0,2,B,MEMPHIS,SHELBY,34742,61.38812822816101,City of Memphis,city_residual,city: no state-route overlap,PRIVATE DR,False,False,False,City of Memphis,False,,2817.3,False,
301104288,2026-09-23,2026-09-23 05:50:00,2026,9,Wednesday,5,35.057175,-89.922295,Suspected Serious Injury,Pedestrian,Not Intersection-Other Not On Roadway,OtherLocation,Dark-Lighted,Not Collision with Motor Vehicle in Transport,Other,2,True,,,,,,,675.5596261294867,GOODLETT RD,0.1671561365429106,35.0,2,B,MEMPHIS,SHELBY,49353,0.1671561363762647,City of Memphis,city_residual,city: no state-route overlap,GOODLETT RD,False,False,False,City of Memphis,False,7047,608.5,True,
301077651,2026-04-28,2026-04-28 00:25:00,2026,4,Tuesday,0,35.06306,-89.905334,Fatal,Pedestrian,Not Intersection-On Roadway Crosswalk Availability Unknown,OtherLocation,Dark-Lighted,Not Collision with Motor Vehicle in Transport,Pedestrian,1,True,,,,,,,2215.0091110341923,S PERKINS RD,37.44222671905717,40.0,7,B,MEMPHIS,SHELBY,49377,37.4422267193752,City of Memphis,city_residual,city: no state-route overlap,S PERKINS RD,False,False,False,City of Memphis,False,,78.5,False,
301104308,2026-09-22,2026-09-22 14:32:00,2026,9,Tuesday,14,35.13117,-89.986176,Possible Injury,Pedestrian,Intersection-On Roadway Crosswalk Not Available,AccelDecelLane,Daylight,Not Collision with Motor Vehicle in Transport,Pedestrian,1,True,,,,,,,196.8402316109089,TUNIS CV,19.768456636879417,25.0,2,B,MEMPHIS,SHELBY,17243,19.768456636879417,City of Memphis,city_residual,city: no state-route overlap,TUNIS CV,False,False,False,City of Memphis,True,,328.4,True,no_signal_coverage
301104528,2026-09-24,2026-09-24 23:27:00,2026,9,Thursday,23,35.178772,-89.926865,Suspected Serious Injury,Pedestrian,Intersection-Unknown,Intersection,Dark-Lighted,Not Collision with Motor Vehicle in Transport,Pedestrian,1,True,,,,,,,720.7171946941971,N GRAHAM ST,10.81209513217842,35.0,2,B,MEMPHIS,SHELBY,51409,10.812095132793992,City of Memphis,city_residual,city: no state-route overlap,N GRAHAM ST,False,False,False,City of Memphis,True,,826.9,True,no_signal_coverage
301103729,2026-09-21,2026-09-21 01:15:00,2026,9,Monday,1,35.181332,-89.933793,Fatal,Pedestrian,Not Intersection-On Roadway Crosswalk not Available,Non-Junction,Dark-Lighted,Not Collision with Motor Vehicle in Transport,Pedestrian,1,True,,,,,,,38.68884748818828,JACKSON AVE,35.89006863290912,40.0,7,B,MEMPHIS,SHELBY,48212,35.890068634385855,TDOT state route,state_route_overlap,"state route: 100% overlap, name=JACKSON",JACKSON AVE,False,False,False,TDOT state route,False,,491.2,False,
300939947,2024-02-07,2024-02-07 15:30:00,2024,2,Wednesday,15,35.14416,-90.01663,Possible Injury,Pedestrian,Not Intersection-Outside Traffic,"Driveway, Alley Access, etc",Daylight,Not Collision with Motor Vehicle in Transport,Pedestrian,1,True,,,,,,,801.5166506668162,POPLAR AVE,13.02203676776044,40.0,7,B,MEMPHIS,SHELBY,50416,13.022036766876392,City of Memphis,city_residual,city: no state-route overlap,POPLAR AVE,False,False,False,City of Memphis,False,,87.4,False,
300942228,2024-02-20,2024-02-20 21:52:00,2024,2,Tuesday,21,35.2166,-90.02861,Possible Injury,Pedestrian,Not Intersection-Outside Traffic,Unknown,Dark-Not Lighted,Not Collision with Motor Vehicle in Transport,Pedestrian,1,True,,,,,,,148.17791577082238,MILLINGTON ST,0.1139599958900322,40.0,2,B,MEMPHIS,SHELBY,79776,0.1139599958500951,City of Memphis,city_residual,city: no state-route overlap,MILLINGTON ST,False,False,False,City of Memphis,False,13519,136.7,True,
300941389,2024-02-16,2024-02-16 08:28:00,2024,2,Friday,8,35.03523,-90.00727,Possible Injury,Pedestrian,Intersection-In Crosswalk,Intersection-Related,Daylight,Not Collision with Motor Vehicle in Transport,Pedestrian,1,True,,,,,,,1571.3070559529365,MILLBRANCH RD,22.11634693310004,40.0,4,B,MEMPHIS,SHELBY,49779,22.116346933108048,City of Memphis,city_residual,city: no state-route overlap,MILLBRANCH RD,False,False,False,City of Memphis,True,,1559.1,True,no_signal_coverage
300939738,2024-02-07,2024-02-07 14:47:00,2024,2,Wednesday,14,35.116596,-89.90878,Possible Injury,Pedestrian,Intersection-Unknown,AccelDecelLane,Daylight,Not Collision with Motor Vehicle in Transport,Pedestrian,1,True,,,,,,,43.71230622000314,PERKINS ROAD EXT,33.58815286605281,35.0,5,B,MEMPHIS,SHELBY,53658,33.58815286615924,City of Memphis,city_residual,city: no state-route overlap,PERKINS ROAD EXT,False,False,False,City of Memphis,True,,33.4,True,no_signal_coverage
300939951,2024-02-04,2024-02-04 11:00:00,2024,2,Sunday,11,35.23399,-89.89301,Suspected Serious Injury,Pedestrian,Not Intersection-Unknown,Unknown,Daylight,Not Collision with Motor Vehicle in Transport,Pedestrian,1,True,,,,,,,62.9896923887765,NEW COVINGTON PIKE,65.9515079247413,45.0,5,B,MEMPHIS,SHELBY,48076,65.95150792571387,TDOT state route,state_route_overlap,"state route: 100% overlap, name=NEW COVINGTON",NEW COVINGTON PIKE,False,False,False,TDOT state route,False,,56.9,False,
300941629,2024-02-13,2024-02-13 20:59:00,2024,2,Tuesday,20,35.11744,-89.94505,Possible Injury,Pedestrian,Intersection-In Crosswalk,Intersection,Dark-Not Lighted,Not Collision with Motor Vehicle in Transport,Pedestrian,1,True,,,,,,,1112.6974062375075,MYNDERS AVE,39.4486263930694,30.0,2,B,MEMPHIS,SHELBY,5747,39.44862639206149,City of Memphis,city_residual,city: no state-route overlap,MYNDERS AVE,False,False,False,City of Memphis,True,,1128.6,True,no_signal_coverage
300937885,2024-01-28,2024-01-28 12:25:00,2024,1,Sunday,12,35.088028,-89.89613,Suspected Minor Injury,Pedestrian,Intersection-On Roadway Crosswalk Not Available,Intersection,Daylight,Not Collision with Motor Vehicle in Transport,Pedestrian,1,True,,,,,,,1925.1118547602373,HELENE RD,0.0917333096757983,30.0,2,B,MEMPHIS,SHELBY,74294,0.0917333096688327,City of Memphis,city_residual,city: no state-route overlap,HELENE RD,False,False,False,City of Memphis,True,15573,439.4,False,no
300939243,2024-02-03,2024-02-03 19:00:00,2024,2,Saturday,19,35.156513,-90.035866,Possible Injury,Pedestrian,Intersection-Not on Roadway,OtherLocation,Dark-Lighted,Not Collision with Motor Vehicle in Transport,Pedestrian,1,True,JACKSON AVE,Principal Arterial,35.0,4.0,14,7.0,4.662758873197413,JACKSON AVE,0.0311428968180989,35.0,4,B,MEMPHIS,SHELBY,47863,0.0311428943961788,TDOT state route,state_route_overlap,"state route: 100% overlap, name=JACKSON",JACKSON AVE,False,False,False,TDOT state route,True,16696,120.7,False,no
300942024,2024-02-20,2024-02-20 09:45:00,2024,2,Tuesday,9,35.04483,-90.05732,Suspected Serious Injury,Pedestrian,Intersection-On Roadway Crosswalk Not Available,Intersection-Related,Daylight,Not Collision with Motor Vehicle in Transport,Pedestrian,1,True,,,,,,,589.6804020129028,E FAIRWAY AVE,6.492848384522747,30.0,2,B,MEMPHIS,SHELBY,6990,6.492848385165111,City of Memphis,city_residual,city: no state-route overlap,E FAIRWAY AVE,False,False,False,City of Memphis,True,10512,573.3,False,no
300938415,2024-01-30,2024-01-30 21:27:00,2024,1,Tuesday,21,35.00638,-90.02528,Possible Injury,Pedestrian,Not Intersection-On Roadway Not In Crosswalk,AccelDecelLane,Dark-Not Lighted,Other,Other,1,True,ELVIS PRESLEY BLVD,Principal Arterial,40.0,5.0,3,3.0,0.0377175879489809,E HOLMES RD,0.0789820616879858,40.0,4,B,MEMPHIS,SHELBY,53039,0.078982061694162,City of Memphis,city_residual,city: no state-route overlap,E HOLMES RD,False,False,False,City of Memphis,False,10690,23.2,True,
300939087,2024-01-29,2024-01-29 00:00:00,2024,1,Monday,0,35.145138,-90.031746,Possible Injury,Pedestrian,Intersection-On Roadway not in Crosswalk,Intersection,Dark-Not Lighted,Not Collision with Motor Vehicle in Transport,Pedestrian,1,True,,,,,,,740.9813598882411,POPLAR AVE,34.890435608728744,40.0,7,B,MEMPHIS,SHELBY,50350,34.890435608334094,City of Memphis,city_residual,city: no state-route overlap,POPLAR AVE,False,False,False,City of Memphis,True,,97.7,True,no_signal_coverage
300937709,2024-01-26,2024-01-26 21:58:00,2024,1,Friday,21,35.107098,-89.98816,Possible Injury,Pedestrian,Intersection-On Roadway not in Crosswalk,OtherLocation,Dark-Lighted,Not Collision with Motor Vehicle in Transport,Pedestrian,1,True,,,,,,,63.96653404672249,LAMAR AVE,61.907417370474576,40.0,5,B,MEMPHIS,SHELBY,46915,61.907417370474576,TDOT state route,state_route_overlap,"state route: 100% overlap, name=LAMAR",LAMAR AVE,False,False,False,TDOT state route,True,,125.4,True,no_signal_coverage
300941663,2024-02-17,2024-02-17 00:00:00,2024,2,Saturday,99,35.177235,-89.78453,No Injury,Other Non-Motorist,Unknown,Non-Junction,Unknown,Rear to Side,Other,1,True,,,,,,,767.935055905888,KINGS TRAIL CV,26.68037302632055,25.0,2,B,MEMPHIS,SHELBY,13897,26.68037302632055,City of Memphis,city_residual,city: no state-route overlap,KINGS TRAIL CV,False,False,False,City of Memphis,False,,741.8,False,
300941851,2024-02-19,2024-02-19 09:30:00,2024,2,Monday,9,35.150013,-89.965576,Possible Injury,Pedestrian,Not Intersection-Outside Traffic,Non-Junction,Daylight,Not Collision with Motor Vehicle in Transport,Pedestrian,1,True,,,,,,,44.04257464565355,LESTER ST,36.969242608308015,30.0,2,B,MEMPHIS,SHELBY,82771,36.96924260837026,City of Memphis,city_residual,city: no state-route overlap,LESTER ST,False,False,False,City of Memphis,False,,398.6,False,
300938173,2024-01-30,2024-01-30 03:43:00,2024,1,Tuesday,3,35.16954,-89.986885,Possible Injury,Pedestrian,Intersection-Unknown,Unknown,Dark-Lighted,Not Collision with Motor Vehicle in Transport,Pedestrian,1,True,,,,,,,1114.039631411758,HUNTER AVE,0.2594299480253762,30.0,2,B,MEMPHIS,SHELBY,6469,0.2594299480253762,City of Memphis,city_residual,city: no state-route overlap,HUNTER AVE,False,False,False,City of Memphis,True,,1143.4,True,no_signal_coverage
300914146,2023-09-30,2023-09-30 01:08:00,2023,9,Saturday,1,35.10479,-89.97786,Suspected Serious Injury,Pedestrian,Intersection-On Roadway Crosswalk Not Available,Intersection,Dark-Lighted,Not Collision with Motor Vehicle in Transport,Pedestrian,1,True,,,,,,,384.4709813381621,DEADRICK AVE,0.1474343162103531,35.0,2,B,MEMPHIS,SHELBY,5327,0.147434316125007,City of Memphis,city_residual,city: no state-route overlap,DEADRICK AVE,False,False,False,City of Memphis,True,9107,609.7,False,no_signal_coverage
300929665,2023-12-13,2023-12-13 18:07:00,2023,12,Wednesday,18,35.11741,-89.94256,Possible Injury,Pedestrian,Intersection-On Roadway Crosswalk availability Unknown,Intersection,Dark-Lighted,Not Collision with Motor Vehicle in Transport,Pedestrian,1,True,,,,,,,1058.909464352069,MYNDERS AVE,35.74145069683987,30.0,2,B,MEMPHIS,SHELBY,5805,35.741450696485664,City of Memphis,city_residual,city: no state-route overlap,MYNDERS AVE,False,False,False,City of Memphis,True,,1154.7,True,no_signal_coverage
300934493,2024-01-08,2024-01-08 18:00:00,2024,1,Monday,18,35.137287,-90.02113,Unknown,Pedestrian,Not Intersection-On Roadway Not In Crosswalk,AccelDecelLane,Dark-Lighted,Not Collision with Motor Vehicle in Transport,Pedestrian,1,True,UNION AVE,Principal Arterial,35.0,6.0,3,6.0,4.647149300632669,UNION AVE,0.0668499746222642,35.0,6,B,MEMPHIS,SHELBY,46758,0.066849973210796,TDOT state route,state_route_overlap,"state route: 100% overlap, name=UNION",UNION AVE,False,False,False,TDOT state route,False,23448,49.6,True,
300932272,2023-12-26,2023-12-26 17:42:00,2023,12,Tuesday,17,35.10049,-89.8543,Suspected Minor Injury,Pedestrian,Not Intersection-On Roadway Not In Crosswalk,Non-Junction,Dark-Lighted,Not Collision with Motor Vehicle in Transport,Pedestrian,1,True,,,,,,,53.692539833905016,POPLAR AVE,49.170321255883145,40.0,7,B,MEMPHIS,SHELBY,46250,49.17032125733903,TDOT state route,state_route_overlap,"state route: 100% overlap, name=POPLAR",POPLAR AVE,False,False,False,TDOT state route,False,,220.6,False,
300935624,2024-01-11,2024-01-11 07:30:00,2024,1,Thursday,7,35.10098,-90.01408,Possible Injury,Pedestrian,Not Intersection-Adjacent to Roadway,Non-Junction,Daylight,Angle,Other,1,True,,,,,,,417.7739355296047,E PERSON AVE,25.12693242669108,35.0,4,B,MEMPHIS,SHELBY,50989,25.126932428379195,City of Memphis,city_residual,city: no state-route overlap,E PERSON AVE,False,False,False,City of Memphis,False,,541.8,False,
300932453,2023-12-24,2023-12-24 21:35:00,2023,12,Sunday,21,35.171764,-90.03605,Possible Injury,Pedestrian,Not Intersection-On Roadway Not In Crosswalk,Intersection,Dark-Lighted,Not Collision with Motor Vehicle in Transport,Pedestrian,1,True,THOMAS ST,Minor Arterial,35.0,4.0,3,7.0,0.0557694346682412,ARRINGTON AVE,0.3253598150441659,30.0,2,B,MEMPHIS,SHELBY,3575,0.3253598150441659,City of Memphis,city_residual,city: no state-route overlap,ARRINGTON AVE,False,False,False,City of Memphis,False,1361,670.9,True,
300930370,2023-12-16,2023-12-16 21:50:00,2023,12,Saturday,21,35.140656,-90.05613,Possible Injury,Pedestrian,Intersection-On Roadway Crosswalk availability Unknown,Intersection,Dark-Lighted,Unknown,Other,1,True,,,,,,,249.25954299982752,BEALE ST,0.047459936773018,30.0,3,B,MEMPHIS,SHELBY,80494,0.0474599341010694,City of Memphis,city_residual,city: no state-route overlap,BEALE ST,False,False,False,City of Memphis,True,2678,463.4,False,no
300932015,2023-12-24,2023-12-24 23:50:00,2023,12,Sunday,23,35.055607,-89.85654,Possible Injury,Pedestrian,Not Intersection-On Roadway Not In Crosswalk,SharedUsePathOrTrail,Dark-Unknown Lighting,Not Collision with Motor Vehicle in Transport,Pedestrian,1,True,,,,,,,1612.1345208291514,RIDGEWAY RD,67.69569431440094,45.0,5,B,MEMPHIS,SHELBY,71373,67.69569431439142,City of Memphis,city_residual,city: no state-route overlap,RIDGEWAY RD,False,False,False,City of Memphis,False,,631.2,False,
300932772,2023-12-29,2023-12-29 17:00:00,2023,12,Friday,17,35.073807,-89.94823,Possible Injury,Pedestrian,Intersection-Not on Roadway,Non-Junction,Dark-Lighted,Not Collision with Motor Vehicle in Transport,Pedestrian,1,True,LAMAR AVE,Principal Arterial,40.0,7.0,4,4.0,3.45261473090589,LAMAR AVE,0.9327361023361286,40.0,7,B,MEMPHIS,SHELBY,47856,0.9327361023361286,TDOT state route,state_route_overlap,"state route: 100% overlap, name=LAMAR",LAMAR AVE,False,False,False,TDOT state route,True,,131.1,True,no_signal_coverage
300930392,2023-12-17,2023-12-17 00:48:00,2023,12,Sunday,0,35.2081,-90.00367,Possible Injury,Pedestrian,Intersection-On Roadway Crosswalk availability Unknown,Non-Junction,Dark-Lighted,Not Collision with Motor Vehicle in Transport,Pedestrian,1,True,,,,,,,2559.4360761105727,N WATKINS ST,13.077781132327496,40.0,2,B,MEMPHIS,SHELBY,49872,13.077781132325166,City of Memphis,city_residual,city: no state-route overlap,N WATKINS ST,False,False,False,City of Memphis,True,21005,1693.3,False,no
300940726,2024-02-13,2024-02-13 08:00:00,2024,2,Tuesday,8,35.034355,-90.01449,Possible Injury,Pedestrian,Intersection-In Crosswalk,Intersection,Daylight,Not Collision with Motor Vehicle in Transport,Pedestrian,1,True,,,,,,,974.578440185098,GRACELAND DR,42.18893174132023,30.0,2,B,MEMPHIS,SHELBY,27426,42.188931741282765,City of Memphis,city_residual,city: no state-route overlap,GRACELAND DR,False,False,False,City of Memphis,True,,962.3,True,no_signal_coverage
300935903,2024-01-07,2024-01-07 14:21:00,2024,1,Sunday,14,35.02445,-90.0263,No Injury,Pedestrian,Not Intersection-Unknown,Non-Junction,Daylight,Not Collision with Motor Vehicle in Transport,Other,1,True,,,,,,,100.30010521840369,BLANCHARD RD,28.83072010582409,30.0,2,B,MEMPHIS,SHELBY,72299,28.83072010561574,City of Memphis,city_residual,city: no state-route overlap,BLANCHARD RD,False,False,False,City of Memphis,False,,602.1,False,
300925149,2023-11-20,2023-11-20 13:00:00,2023,11,Monday,13,35.080994,-90.022575,No Injury,Pedestrian,Not Intersection-Unknown,Non-Junction,Daylight,Not Collision with Motor Vehicle in Transport,Other,1,True,,,,,,,334.1866037545536,PRATT ST,24.19423516503567,30.0,2,B,MEMPHIS,SHELBY,82348,24.19423516503567,City of Memphis,city_residual,city: no state-route overlap,PRATT ST,False,False,False,City of Memphis,False,,426.9,False,
300931656,2023-12-22,2023-12-22 13:17:00,2023,12,Friday,13,35.166477,-89.95006,Possible Injury,Pedestrian,Not Intersection-Adjacent to Roadway,Non-Junction,Daylight,Not Collision with Motor Vehicle in Transport,Pedestrian,1,True,,,,,,,43.02052612961994,FARMVILLE AVE,33.11720447522677,30.0,2,B,MEMPHIS,SHELBY,5716,33.117204474832455,City of Memphis,city_residual,city: no state-route overlap,FARMVILLE AVE,False,False,False,City of Memphis,False,,357.0,False,
300937256,2024-01-24,2024-01-24 18:33:00,2024,1,Wednesday,18,35.21021,-90.03286,Possible Injury,Pedestrian,Not Intersection-On Roadway Not In Crosswalk,AccelDecelLane,Dawn,Not Collision with Motor Vehicle in Transport,Pedestrian,1,True,THOMAS ST,,40.0,2.0,3,7.0,25.98064099658865,THOMAS ST,27.07119662084468,40.0,2,B,MEMPHIS,SHELBY,46522,27.07119662104901,TDOT state route,state_route_overlap,"state route: 100% overlap, name=THOMAS",THOMAS ST,False,False,False,TDOT state route,False,,67.2,False,
300936215,2024-01-16,2024-01-16 19:00:00,2024,1,Tuesday,19,35.1721,-89.916954,Possible Injury,Pedestrian,Intersection-On Roadway Crosswalk availability Unknown,Non-Junction,Dark-Not Lighted,Not Collision with Motor Vehicle in Transport,Pedestrian,1,True,,,,,,,1368.8136026673683,GREY RD,0.033555392446371,30.0,2,B,MEMPHIS,SHELBY,73842,0.033555392446371,City of Memphis,city_residual,city: no state-route overlap,GREY RD,False,False,False,City of Memphis,True,14737,1311.7,False,no_signal_coverage
300935698,2024-01-13,2024-01-13 10:29:00,2024,1,Saturday,10,35.245056,-90.00627,Suspected Minor Injury,Pedestrian,Intersection-On Roadway not in Crosswalk,Intersection-Related,Daylight,Not Collision with Motor Vehicle in Transport,Pedestrian,1,True,N US HIGHWAY 51,Principal Arterial,55.0,2.0,3,7.0,24.216061549771062,N US HIGHWAY 51,4.934403354642122,55.0,2,FT,MEMPHIS,SHELBY,48344,4.934403354642122,City of Memphis,city_residual,city: no state-route overlap,N US HIGHWAY 51,False,False,False,City of Memphis,True,,1208.2,True,no_signal_coverage
300929530,2023-12-12,2023-12-12 09:50:00,2023,12,Tuesday,9,35.178947,-90.021279,Possible Injury,Pedestrian,Not Intersection-Adjacent to Roadway,Non-Junction,Daylight,Other,Other,1,True,,,,,,,1311.927928311027,BREEDLOVE ST,0.4135705300959021,35.0,2,B,MEMPHIS,SHELBY,80962,0.4135705300958059,City of Memphis,city_residual,city: no state-route overlap,BREEDLOVE ST,False,False,False,City of Memphis,False,4386,521.2,True,
300932285,2023-12-26,2023-12-26 18:46:00,2023,12,Tuesday,18,35.05005,-89.86638,Possible Injury,Pedestrian,Intersection-On Roadway not in Crosswalk,Non-Junction,Dusk,Not Collision with Motor Vehicle in Transport,Pedestrian,1,True,,,,,,,2541.8172424614736,WINCHESTER RD,0.0975908332706381,45.0,7,B,MEMPHIS,SHELBY,49448,0.0975908332706381,City of Memphis,city_residual,city: no state-route overlap,WINCHESTER RD,False,False,False,City of Memphis,True,15771,26.5,False,yes
300931438,2023-12-21,2023-12-21 22:20:00,2023,12,Thursday,22,35.163002,-89.87765,Suspected Serious Injury,Pedestrian,Not Intersection-Adjacent to Roadway,Intersection,Dark-Lighted,Not Collision with Motor Vehicle in Transport,Pedal-cycle,1,True,SUMMER AVE,Principal Arterial,45.0,4.0,1,1.0,3.038036805042975,SUMMER AVE,0.1608352832863658,45.0,4,B,MEMPHIS,SHELBY,48460,0.1608352832863658,TDOT state route,state_route_overlap,"state route: 100% overlap, name=SUMMER",SUMMER AVE,False,False,False,TDOT state route,False,2405,18.7,True,
300930743,2023-12-15,2023-12-15 14:15:00,2023,12,Friday,14,35.217148,-89.98453,Unknown,Pedestrian,Intersection-Unknown,Intersection,Daylight,Not Collision with Motor Vehicle in Transport,Pedestrian,1,True,,,,,,,3416.3062945961715,FRAYSER BLVD,0.0037576570599505,40.0,4,B,MEMPHIS,SHELBY,49912,0.0037576564590895,City of Memphis,city_residual,city: no state-route overlap,FRAYSER BLVD,False,False,False,City of Memphis,True,13503,2760.5,False,no
300935426,2024-01-12,2024-01-12 07:40:00,2024,1,Friday,7,35.050167,-89.88562,Possible Injury,Pedestrian,Intersection-On Roadway Crosswalk availability Unknown,Intersection,Dark-Lighted,Not Collision with Motor Vehicle in Transport,Pedestrian,1,True,,,,,,,2886.151095406537,WINCHESTER RD,40.573443383246776,45.0,7,B,MEMPHIS,SHELBY,51852,40.57344338443977,City of Memphis,city_residual,city: no state-route overlap,WINCHESTER RD,False,False,False,City of Memphis,True,,69.1,True,no_signal_coverage
300929787,2023-12-13,2023-12-13 21:49:00,2023,12,Wednesday,21,35.11906,-89.94067,Possible Injury,Pedestrian,Intersection-In Crosswalk,Intersection,Dark-Not Lighted,Not Collision with Motor Vehicle in Transport,Pedestrian,1,True,,,,,,,839.085417609747,MIDLAND AVE,0.2758074118041606,35.0,2,B,MEMPHIS,SHELBY,5808,0.2758074117940005,City of Memphis,city_residual,city: no state-route overlap,MIDLAND AVE,False,False,False,City of Memphis,True,19755,1029.9,False,no_signal_coverage
300909242,2023-09-05,2023-09-05 20:00:00,2023,9,Tuesday,20,35.26113,-89.927155,No Injury,Pedestrian,Unknown,Non-Junction,Dark-Lighted,Not Collision with Motor Vehicle in Transport,Other,1,True,,,,,,,4059.610044079952,KINARD CV,31.175205776290305,25.0,2,B,MEMPHIS,SHELBY,17259,31.175205775277597,City of Memphis,city_residual,city: no state-route overlap,KINARD CV,False,False,False,City of Memphis,False,,3390.3,False,
300931181,2023-12-20,2023-12-20 20:08:00,2023,12,Wednesday,20,35.18957,-89.92806,Suspected Serious Injury,Pedestrian,Not Intersection-On Roadway Not In Crosswalk,Non-Junction,Dark-Lighted,Not Collision with Motor Vehicle in Transport,Pedestrian,1,True,,,,,,,37.76091773391071,JACKSON AVE,40.5758883356748,40.0,7,B,MEMPHIS,SHELBY,46538,40.57588833393851,TDOT state route,state_route_overlap,"state route: 100% overlap, name=JACKSON",JACKSON AVE,False,False,False,TDOT state route,False,,524.3,False,
300932221,2023-12-22,2023-12-22 08:15:00,2023,12,Friday,8,35.079124,-90.01563,Possible Injury,Pedestrian,Intersection-On Roadway Crosswalk Not Available,Unknown,Daylight,Not Collision with Motor Vehicle in Transport,Pedestrian,1,True,,,,,,,325.0464523797866,RALSTON AVE,22.819454784557912,30.0,2,B,MEMPHIS,SHELBY,5138,22.81945478705808,City of Memphis,city_residual,city: no state-route overlap,RALSTON AVE,False,False,False,City of Memphis,True,,371.1,True,no_signal_coverage
300930678,2023-12-17,2023-12-17 20:30:00,2023,12,Sunday,20,35.090458,-89.93107,Possible Injury,Pedestrian,Not Intersection-On Roadway Not In Crosswalk,AccelDecelLane,Dark-Lighted,Not Collision with Motor Vehicle in Transport,Pedestrian,1,True,,,,,,,1107.022776411824,GETWELL RD,1.517175437001629,40.0,5,B,MEMPHIS,SHELBY,51331,1.5171754369947066,City of Memphis,city_residual,city: no state-route overlap,GETWELL RD,False,False,False,City of Memphis,False,,990.2,False,
300935626,2024-01-13,2024-01-13 05:45:00,2024,1,Saturday,5,35.051266,-90.00558,Possible Injury,Pedestrian,Intersection-In Crosswalk,AccelDecelLane,Dark-Lighted,Not Collision with Motor Vehicle in Transport,Pedestrian,1,True,,,,,,,1776.5939869276874,COMMONWEALTH DR,16.522156290407175,30.0,2,B,MEMPHIS,SHELBY,33229,16.52215629138202,City of Memphis,city_residual,city: no state-route overlap,COMMONWEALTH DR,False,False,False,City of Memphis,True,7241,304.5,False,no_signal_coverage
300922681,2023-11-08,2023-11-08 20:42:00,2023,11,Wednesday,20,35.143936,-89.89806,Fatal,Pedestrian,Not Intersection-On Roadway Not In Crosswalk,Non-Junction,Dark-Lighted,Not Collision with Motor Vehicle in Transport,Pedestrian,1,True,,,,,,,518.6939325465497,N MENDENHALL RD,2.0115758813675004,40.0,4,B,MEMPHIS,SHELBY,51585,2.0115758814116265,City of Memphis,city_residual,city: no state-route overlap,N MENDENHALL RD,False,False,False,City of Memphis,False,20764,503.5,True,