MstrRecNbrTxt,CollisionDate,CollisionDteTime,YearNmb,Month,DayOfWeek,Hour,Latitude,Longitude,InjuryClass,PersonType,NonMotoristLocation,RelationToJunction,LightCondition,MannerOfCollision,FirstHarmfulEvent,VictimsInCrash,InMemphis,StateRoute_NAME,StateRoute_F_System,StateRoute_SPDLIMIT,StateRoute_LANES,StateRoute_ALTNAME_1,StateRoute_Council_District,DistToStateRoute_m,Street_Name,DistToStreet_m,Street_SPDLIMIT,Street_LANES,Street_ONEWAY,Street_CITY_L,Street_COUNTY_L,Seg_OBJECTID,DistToSeg_m,Ownership,Rule_Fired,Classification_Basis,Matched_Street,is_limited_access,is_override,is_corner_case,Jurisdiction_prev,at_intersection,intersection_node_id,nearest_ped_signal_m,is_ambiguous_intersection,intersection_signalized
300930135,2023-12-15,2023-12-15 18:17:00,2023,12,Friday,18,35.006474,-89.98989,Suspected Serious Injury,Pedestrian,Not Intersection-On Roadway Crosswalk not Available,AccelDecelLane,Dark-Lighted,Not Collision with Motor Vehicle in Transport,Pedestrian,1,True,,,,,,,1621.0658323129085,E HOLMES RD,0.0737450295771866,40.0,2,B,MEMPHIS,SHELBY,49819,0.0737450282035453,City of Memphis,city_residual,city: no state-route overlap,E HOLMES RD,False,False,False,City of Memphis,False,296,1597.3,True,
300929636,2023-12-12,2023-12-12 18:00:00,2023,12,Tuesday,18,35.0687,-89.98752,Possible Injury,Pedestrian,Intersection-On Roadway not in Crosswalk,Intersection,Dark-Lighted,Not Collision with Motor Vehicle in Transport,Pedestrian,1,True,,,,,,,2993.713055209372,DEMOCRAT RD,0.1381165683353014,35.0,7,B,MEMPHIS,SHELBY,72538,0.1381165683334578,City of Memphis,city_residual,city: no state-route overlap,DEMOCRAT RD,False,False,False,City of Memphis,True,315,17.8,False,yes
300933726,2024-01-05,2024-01-05 06:40:00,2024,1,Friday,6,35.21489,-89.894775,Possible Injury,Pedestrian,Intersection-In Crosswalk,Intersection,Daylight,Not Collision with Motor Vehicle in Transport,Pedestrian,1,True,,,,,,,34.381984100556,CRAIGMONT DR,32.0851575089798,35.0,2,B,MEMPHIS,SHELBY,50042,32.085157507079195,City of Memphis,city_residual,city: no state-route overlap,CRAIGMONT DR,False,False,False,City of Memphis,True,,35.5,True,no_signal_coverage
300898436,2023-07-13,2023-07-13 00:52:00,2023,7,Thursday,0,35.20091,-89.912476,Fatal,Pedestrian,Not Intersection-On Roadway Not In Crosswalk,Non-Junction,Dark-Lighted,Not Collision with Motor Vehicle in Transport,Pedestrian,1,True,,,,,,,566.0014016225538,RALEIGH LAGRANGE RD,0.210134278364077,35.0,4,B,MEMPHIS,SHELBY,51806,0.2101342783134777,City of Memphis,city_residual,city: no state-route overlap,RALEIGH LAGRANGE RD,False,False,False,City of Memphis,False,7518,545.2,True,
300935901,2024-01-14,2024-01-14 05:00:00,2024,1,Sunday,5,35.09865,-89.91224,Possible Injury,Pedestrian,Intersection-In Crosswalk,Intersection,Dark-Not Lighted,Not Collision with Motor Vehicle in Transport,Pedestrian,1,True,,,,,,,1976.3983991726489,FAIR MEADOW RD,0.8898696833713388,30.0,2,B,MEMPHIS,SHELBY,74104,0.8898696833672474,City of Memphis,city_residual,city: no state-route overlap,FAIR MEADOW RD,False,False,False,City of Memphis,True,12379,1986.6,False,no_signal_coverage
300930948,2023-12-18,2023-12-18 21:40:00,2023,12,Monday,21,35.140484,-89.98288,Suspected Minor Injury,Pedestrian,Intersection-On Roadway not in Crosswalk,Intersection-Related,Dark-Lighted,Other,Other,1,True,E PARKWAY,Principal Arterial,40.0,3.0,277,5.0,3.423257970760932,E PARKWAY N,0.1030574163535228,40.0,3,TF,MEMPHIS,SHELBY,48117,0.1030574163535228,TDOT state route,state_route_overlap,"state route: 100% overlap, name=E PARKWAY",E PARKWAY N,False,False,False,TDOT state route,True,10963,10.7,False,yes
300926176,2023-11-24,2023-11-24 09:22:00,2023,11,Friday,9,35.086906,-89.92768,Fatal,Pedestrian,Not Intersection-On Roadway Crosswalk not Available,Non-Junction,Daylight,Not Collision with Motor Vehicle in Transport,Pedestrian,1,True,,,,,,,785.6250291179132,NEW WILLOW RD,28.55674113422205,35.0,2,B,MEMPHIS,SHELBY,53320,28.556741135529123,City of Memphis,city_residual,city: no state-route overlap,NEW WILLOW RD,False,False,False,City of Memphis,False,,677.5,False,
300941070,2024-02-14,2024-02-14 16:10:00,2024,2,Wednesday,16,35.0104,-90.02526,Possible Injury,Pedestrian,Intersection-On Roadway not in Crosswalk,Intersection-Related,Daylight,Not Collision with Motor Vehicle in Transport,Pedestrian,1,True,ELVIS PRESLEY BLVD,Principal Arterial,40.0,5.0,3,3.0,0.2563123780272443,HESTER RD,0.1498697084476167,35.0,2,B,MEMPHIS,SHELBY,72336,0.1498697084018241,City of Memphis,city_residual,city: no state-route overlap,HESTER RD,False,False,True,City of Memphis,True,11997,427.3,False,no
300940514,2024-02-11,2024-02-11 18:07:00,2024,2,Sunday,18,35.219906,-89.97871,Suspected Serious Injury,Pedestrian,Intersection-On Roadway Crosswalk availability Unknown,Intersection,Daylight,Not Collision with Motor Vehicle in Transport,Pedestrian,1,True,,,,,,,3673.44826115948,FRAYSER BLVD,0.3733473805879249,40.0,4,B,MEMPHIS,SHELBY,49920,0.3733473805942136,City of Memphis,city_residual,city: no state-route overlap,FRAYSER BLVD,False,False,False,City of Memphis,True,13506,2960.0,False,no
300939622,2024-02-06,2024-02-06 13:51:00,2024,2,Tuesday,13,35.206627,-89.90824,Possible Injury,Pedestrian,Intersection-On Roadway not in Crosswalk,Intersection,Daylight,Not Collision with Motor Vehicle in Transport,Pedestrian,1,True,STAGE RD,Principal Arterial,45.0,6.0,15,1.0,4.608335799441317,ROBBIEDON ST,0.0064212701246943,30.0,2,B,MEMPHIS,SHELBY,80213,0.0064212712861476,City of Memphis,city_residual,city: no state-route overlap,ROBBIEDON ST,False,False,True,City of Memphis,True,23175,527.4,False,no
300938545,2024-01-31,2024-01-31 19:36:00,2024,1,Wednesday,19,35.099407,-89.93087,Possible Injury,Pedestrian,Intersection-In Crosswalk,Intersection,Dark-Lighted,Not Collision with Motor Vehicle in Transport,Pedestrian,1,True,,,,,,,2100.043579057684,RHODES AVE,0.2033120863815145,35.0,4,B,MEMPHIS,SHELBY,51318,0.2033120864500252,City of Memphis,city_residual,city: no state-route overlap,RHODES AVE,False,False,False,City of Memphis,True,13946,1983.1,False,no
300927558,2023-12-02,2023-12-02 23:54:00,2023,12,Saturday,23,35.208508,-89.99435,Fatal,Pedestrian,Not Intersection-Other Not On Roadway,Intersection,Dark-Lighted,Not Collision with Motor Vehicle in Transport,Other,2,True,,,,,,,3228.421977285844,OVERTON CROSSING ST,9.62188847319634,40.0,2,B,MEMPHIS,SHELBY,79956,9.621888473125097,City of Memphis,city_residual,city: no state-route overlap,OVERTON CROSSING ST,False,False,False,City of Memphis,False,,2104.5,False,
300937595,2024-01-26,2024-01-26 18:00:00,2024,1,Friday,18,35.082268,-89.97191,Suspected Minor Injury,Pedestrian,Not Intersection-Bike Path,OtherLocation,Dark-Lighted,Not Collision with Motor Vehicle in Transport,Pedestrian,1,True,,,,,,,943.0101409281284,PENDLETON ST,0.6789040302169606,35.0,2,B,MEMPHIS,SHELBY,82579,0.678904030216979,City of Memphis,city_residual,city: no state-route overlap,PENDLETON ST,False,False,False,City of Memphis,False,16977,948.1,True,
300940372,2024-02-11,2024-02-11 02:05:00,2024,2,Sunday,2,35.115723,-89.96846,No Injury,Other Non-Motorist,Unknown,OtherLocation,Dark-Not Lighted,Not Collision with Motor Vehicle in Transport,Other,1,True,,,,,,,1460.603851505565,SOUTHERN AVE,15.05776893072436,35.0,3,B,MEMPHIS,SHELBY,51068,15.05776893257734,City of Memphis,city_residual,city: no state-route overlap,SOUTHERN AVE,False,False,False,City of Memphis,False,18753,1473.1,True,
300940554,2024-02-12,2024-02-12 11:28:00,2024,2,Monday,11,35.030006,-90.02422,Possible Injury,Pedestrian,Not Intersection-Other Not On Roadway,Non-Junction,Daylight,Not Collision with Motor Vehicle in Transport,Pedestrian,1,True,,,,,,,87.68376938291281,FINLEY RD,29.93311666811461,35.0,2,B,MEMPHIS,SHELBY,72343,29.93311666944381,City of Memphis,city_residual,city: no state-route overlap,FINLEY RD,False,False,False,City of Memphis,False,,83.7,False,
300938377,2024-01-30,2024-01-30 00:00:00,2024,1,Tuesday,99,35.13146,-90.02999,Unknown,Other Non-Motorist,Intersection-Unknown,AccelDecelLane,Unknown,Angle,Other,1,True,,,,,,,43.14217674220798,E E H CRUMP BLVD,38.51633784251954,40.0,7,B,MEMPHIS,SHELBY,47413,38.51633784001479,TDOT state route,state_route_overlap,"state route: 100% overlap, name=E E H CRUMP",E E H CRUMP BLVD,False,False,False,TDOT state route,True,,108.1,True,no_signal_coverage
300966598,2024-07-17,2024-07-17 07:20:00,2024,7,Wednesday,7,35.1367,-90.019356,Possible Injury,Pedestrian,Intersection-In Crosswalk,Unknown,Daylight,Not Collision with Motor Vehicle in Transport,Pedestrian,1,True,,,,,,,49.93936790364001,UNION AVE,45.35767035810835,35.0,6,B,MEMPHIS,SHELBY,46770,45.35767035860971,TDOT state route,state_route_overlap,"state route: 100% overlap, name=UNION",UNION AVE,False,False,False,TDOT state route,True,,133.3,True,no_signal_coverage
300966573,2024-07-17,2024-07-17 00:00:00,2024,7,Wednesday,99,35.138954,-90.0459,Suspected Serious Injury,Pedestrian,Intersection-In Crosswalk,Intersection,Unknown,Not Collision with Motor Vehicle in Transport,Pedestrian,1,True,S DANNY THOMAS BLVD,Principal Arterial,35.0,4.0,1,6.0,0.7020976177878029,BEALE ST,0.1919867622151174,35.0,2,B,MEMPHIS,SHELBY,84354,0.1919867623978706,City of Memphis,city_residual,city: no state-route overlap,BEALE ST,False,False,True,City of Memphis,True,2675,19.8,False,yes
300858189,2023-01-01,2023-01-01 10:08:00,2023,1,Sunday,10,35.08672,-89.931175,Suspected Serious Injury,Pedestrian,Intersection-In Crosswalk,Intersection,Daylight,Not Collision with Motor Vehicle in Transport,Pedestrian,1,True,,,,,,,692.2017551267472,ELLISTON RD,0.3785896588458956,35.0,3,B,MEMPHIS,SHELBY,73694,0.3785896588856594,City of Memphis,city_residual,city: no state-route overlap,ELLISTON RD,False,False,False,City of Memphis,True,11898,575.5,False,no
300861245,2023-01-16,2023-01-16 19:03:00,2023,1,Monday,19,35.05556,-90.07048,Suspected Serious Injury,Pedestrian,Intersection-In Crosswalk,Intersection,Dark-Lighted,Not Collision with Motor Vehicle in Transport,Pedestrian,1,True,,,,,,,934.951519190071,W MITCHELL RD,0.472884465331182,35.0,2,B,MEMPHIS,SHELBY,49608,0.4728844681615107,City of Memphis,city_residual,city: no state-route overlap,W MITCHELL RD,False,False,False,City of Memphis,True,16157,921.8,False,no
300858766,2023-01-04,2023-01-04 00:00:00,2023,1,Wednesday,0,35.209473,-90.032715,Suspected Serious Injury,Pedestrian,Intersection-On Roadway not in Crosswalk,Non-Junction,Dark-Not Lighted,Not Collision with Motor Vehicle in Transport,Pedestrian,1,True,THOMAS ST,,40.0,2.0,3,7.0,0.6292259868481577,WHITNEY AVE,0.1330750311370967,35.0,2,B,MEMPHIS,SHELBY,2672,0.1330750337102091,City of Memphis,city_residual,city: no state-route overlap,WHITNEY AVE,False,False,True,City of Memphis,True,24759,16.6,False,yes
300859362,2023-01-06,2023-01-06 16:45:00,2023,1,Friday,16,35.0261,-90.00753,Possible Injury,Pedestrian,Not Intersection-On Roadway Not In Crosswalk,AccelDecelLane,Daylight,Not Collision with Motor Vehicle in Transport,Pedestrian,3,True,,,,,,,558.3440889313058,MILL STREAM DR,0.2535245681646892,30.0,2,B,MEMPHIS,SHELBY,34846,0.2535245695473866,City of Memphis,city_residual,city: no state-route overlap,MILL STREAM DR,False,False,False,City of Memphis,False,19816,546.0,True,
300860362,2023-01-11,2023-01-11 19:58:00,2023,1,Wednesday,19,35.1757,-89.89697,Suspected Serious Injury,Pedestrian,Not Intersection-On Roadway Crosswalk not Available,AccelDecelLane,Dark-Not Lighted,Not Collision with Motor Vehicle in Transport,Pedestrian,1,True,COVINGTON PIKE,Principal Arterial,45.0,2.0,204,1.0,1.1044918418610985,COVINGTON PIKE,0.0837183256763394,45.0,2,FT,MEMPHIS,SHELBY,47968,0.0837183264192898,TDOT state route,state_route_overlap,"state route: 100% overlap, name=COVINGTON",COVINGTON PIKE,False,False,False,TDOT state route,False,8277,16.7,True,
300860817,2023-01-12,2023-01-12 14:00:00,2023,1,Thursday,14,35.151516,-89.89816,No Injury,Other Non-Motorist,Intersection-Unknown,Intersection,Daylight,Not Collision with Motor Vehicle in Transport,Other,1,True,,,,,,,319.5450831720526,BOWEN AVE,21.00925470496488,30.0,2,B,MEMPHIS,SHELBY,6841,21.00925470540871,City of Memphis,city_residual,city: no state-route overlap,BOWEN AVE,False,False,False,City of Memphis,True,,307.4,True,no_signal_coverage
300861535,2023-01-18,2023-01-18 09:20:00,2023,1,Wednesday,9,35.086098,-89.9416,Possible Injury,Pedestrian,Unknown,Non-Junction,Daylight,Not Collision with Motor Vehicle in Transport,Other,2,True,,,,,,,1126.9386984706755,SHARPE AVE,20.70109216792221,35.0,2,B,MEMPHIS,SHELBY,5723,20.701092167153263,City of Memphis,city_residual,city: no state-route overlap,SHARPE AVE,False,False,False,City of Memphis,False,,1051.9,False,
300858269,2023-01-01,2023-01-01 21:41:00,2023,1,Sunday,21,35.02959,-90.01794,Possible Injury,Pedestrian,Not Intersection-On Roadway Not In Crosswalk,AccelDecelLane,Dark-Not Lighted,Not Collision with Motor Vehicle in Transport,Pedestrian,1,True,,,,,,,660.7740506685366,FINLEY RD,21.99465774786994,35.0,2,B,MEMPHIS,SHELBY,72380,21.99465774786994,City of Memphis,city_residual,city: no state-route overlap,FINLEY RD,False,False,False,City of Memphis,False,10523,653.5,True,
300860889,2023-01-14,2023-01-14 16:05:00,2023,1,Saturday,16,35.136528,-90.05566,Possible Injury,Pedestrian,Intersection-In Crosswalk,Intersection-Related,Daylight,Not Collision with Motor Vehicle in Transport,Pedestrian,1,True,S SECOND ST,Minor Arterial,35.0,2.0,14,6.0,2.2253796857439303,VANCE AVE,0.411549568357195,30.0,3,B,MEMPHIS,SHELBY,3305,0.4115495671088851,City of Memphis,city_residual,city: no state-route overlap,VANCE AVE,False,False,True,City of Memphis,True,23708,12.7,False,yes
300859928,2023-01-09,2023-01-09 12:40:00,2023,1,Monday,12,35.066715,-89.83936,Possible Injury,Pedestrian,Not Intersection-Adjacent to Roadway,SharedUsePathOrTrail,Daylight,Not Collision with Motor Vehicle in Transport,Pedestrian,1,True,,,,,,,201.2033522555243,QUINCE RD,5.450015158932939,45.0,3,B,MEMPHIS,SHELBY,52341,5.450015158690501,City of Memphis,city_residual,city: no state-route overlap,QUINCE RD,False,False,False,City of Memphis,False,,364.1,False,
300859924,2023-01-09,2023-01-09 15:52:00,2023,1,Monday,15,35.04934,-89.88578,No Injury,Pedestrian,Not Intersection-On Roadway Not In Crosswalk,AccelDecelLane,Daylight,Not Collision with Motor Vehicle in Transport,Pedestrian,1,True,,,,,,,2814.3362697195826,S MENDENHALL RD,42.31899446190003,45.0,7,B,MEMPHIS,SHELBY,49405,42.31899446190818,City of Memphis,city_residual,city: no state-route overlap,S MENDENHALL RD,False,False,False,City of Memphis,False,,139.8,False,
300861083,2023-01-15,2023-01-15 03:04:00,2023,1,Sunday,3,35.19199,-90.007965,Possible Injury,Pedestrian,Not Intersection-Unknown,Unknown,Dark-Not Lighted,Not Collision with Motor Vehicle in Transport,Pedestrian,1,True,,,,,,,2466.16193169006,N WATKINS ST,0.1967875824360946,50.0,5,B,MEMPHIS,SHELBY,52585,0.1967875824648736,City of Memphis,city_residual,city: no state-route overlap,N WATKINS ST,False,False,False,City of Memphis,False,,60.1,False,
300861622,2023-01-16,2023-01-16 20:10:00,2023,1,Monday,20,35.085697,-89.90716,Suspected Serious Injury,Pedestrian,Intersection-On Roadway Crosswalk Not Available,Non-Junction,Dark-Lighted,Front to Rear,Other,1,True,,,,,,,2276.6273295216047,WILLOW RD,0.1848576927063887,35.0,2,B,MEMPHIS,SHELBY,51486,0.1848576955106446,City of Memphis,city_residual,city: no state-route overlap,WILLOW RD,False,False,False,City of Memphis,True,23682,722.0,False,no
300859656,2023-01-07,2023-01-07 19:40:00,2023,1,Saturday,19,35.099323,-89.84542,Possible Injury,Pedestrian,Intersection-On Roadway Crosswalk availability Unknown,Intersection,Dark-Lighted,Not Collision with Motor Vehicle in Transport,Pedestrian,2,True,POPLAR AVE,Principal Arterial,40.0,7.0,57,2.0,3.6282573727104,POPLAR AVE,0.8959596700966981,40.0,7,B,MEMPHIS,SHELBY,46254,0.8959596741728121,TDOT state route,state_route_overlap,"state route: 100% overlap, name=POPLAR",POPLAR AVE,False,False,False,TDOT state route,True,25,15.9,False,yes
300859667,2023-01-07,2023-01-07 18:55:00,2023,1,Saturday,18,35.033012,-90.02144,Possible Injury,Pedestrian,Intersection-On Roadway Crosswalk Not Available,Intersection,Dark-Not Lighted,Not Collision with Motor Vehicle in Transport,Pedestrian,1,True,,,,,,,340.6193832991055,WESLEY DR,70.68336639177157,30.0,2,B,MEMPHIS,SHELBY,27304,70.68336639177157,City of Memphis,city_residual,city: no state-route overlap,WESLEY DR,False,False,False,City of Memphis,True,,344.1,True,no_signal_coverage
300858949,2023-01-04,2023-01-04 15:10:00,2023,1,Wednesday,15,35.11676,-90.03054,Possible Injury,Pedestrian,Not Intersection-On Roadway Crosswalk not Available,SharedUsePathOrTrail,Daylight,Not Collision with Motor Vehicle in Transport,Pedestrian,1,True,,,,,,,816.8513402500857,SAXON AVE,17.62857019427685,30.0,2,B,MEMPHIS,SHELBY,5066,17.628570195410195,City of Memphis,city_residual,city: no state-route overlap,SAXON AVE,False,False,False,City of Memphis,False,,749.4,False,
300859466,2023-01-07,2023-01-07 00:03:00,2023,1,Saturday,0,35.14826,-90.043564,Possible Injury,Pedestrian,Intersection-On Roadway Crosswalk availability Unknown,Intersection,Dark-Lighted,Not Collision with Motor Vehicle in Transport,Pedestrian,1,True,N DANNY THOMAS BLVD,Principal Arterial,35.0,7.0,1,7.0,1.394637586416222,POPLAR AVE,0.1784069825667112,35.0,5,B,MEMPHIS,SHELBY,50319,0.1784069852752176,City of Memphis,city_residual,city: no state-route overlap,POPLAR AVE,False,False,False,City of Memphis,True,20500,25.1,False,yes
300858660,2023-01-02,2023-01-02 22:45:00,2023,1,Monday,22,35.234222,-89.925735,Suspected Serious Injury,Pedestrian,Not Intersection-On Roadway Not In Crosswalk,Intersection,Dark-Lighted,Not Collision with Motor Vehicle in Transport,Pedestrian,1,True,,,,,,,2082.267352723347,RALEIGH MILLINGTON RD,0.1658858622650912,45.0,5,B,MEMPHIS,SHELBY,47393,0.1658858622649551,City of Memphis,city_residual,city: no state-route overlap,RALEIGH MILLINGTON RD,False,False,False,City of Memphis,False,22760,2066.8,True,
300860961,2023-01-14,2023-01-14 18:35:00,2023,1,Saturday,18,35.06228,-89.88635,Possible Injury,Pedestrian,Not Intersection-On Roadway Not In Crosswalk,Intersection,Dark-Lighted,Not Collision with Motor Vehicle in Transport,Pedestrian,1,True,,,,,,,2241.208860033212,KNIGHT ARNOLD RD,39.03630843992335,40.0,4,B,MEMPHIS,SHELBY,52839,39.03630843905163,City of Memphis,city_residual,city: no state-route overlap,KNIGHT ARNOLD RD,False,False,False,City of Memphis,False,,1301.8,False,
300860031,2023-01-03,2023-01-03 12:00:00,2023,1,Tuesday,12,35.077984,-90.02098,No Injury,Other Non-Motorist,Unknown,Non-Junction,Daylight,Not Collision with Motor Vehicle in Transport,Other,1,True,,,,,,,129.39967633498196,E ALCY RD,16.149314039419714,35.0,2,B,MEMPHIS,SHELBY,75728,16.149314038544926,City of Memphis,city_residual,city: no state-route overlap,E ALCY RD,False,False,False,City of Memphis,False,,135.5,False,
300860549,2023-01-12,2023-01-12 20:20:00,2023,1,Thursday,20,35.06016,-89.84379,Possible Injury,Pedestrian,Intersection-In Crosswalk,Intersection-Related,Dark-Not Lighted,Not Collision with Motor Vehicle in Transport,Pedestrian,1,True,,,,,,,561.9511437548804,KNIGHT ARNOLD RD,0.5733442806773509,40.0,7,B,MEMPHIS,SHELBY,76434,0.5733442807272718,City of Memphis,city_residual,city: no state-route overlap,KNIGHT ARNOLD RD,False,False,False,City of Memphis,True,17624,696.1,False,no
300859497,2023-01-07,2023-01-07 17:54:00,2023,1,Saturday,17,35.048244,-90.082054,Unknown,Pedestrian,Intersection-Unknown,Intersection,Dark-Lighted,Not Collision with Motor Vehicle in Transport,Pedestrian,1,True,,,,,,,1525.0835637256698,FORD RD,34.95430274214538,30.0,2,B,MEMPHIS,SHELBY,71849,34.95430274266801,City of Memphis,city_residual,city: no state-route overlap,FORD RD,False,False,False,City of Memphis,True,,1511.3,True,no_signal_coverage
300860561,2023-01-11,2023-01-11 20:00:00,2023,1,Wednesday,20,35.055153,-89.856476,Possible Injury,Pedestrian,Intersection-On Roadway Crosswalk Not Available,Non-Junction,Dawn,Not Collision with Motor Vehicle in Transport,Pedestrian,1,True,,,,,,,1655.8834074223232,VILLAGE GREEN LN,67.36080291942329,25.0,2,B,MEMPHIS,SHELBY,44271,67.36080291663858,City of Memphis,city_residual,city: no state-route overlap,VILLAGE GREEN LN,False,False,False,City of Memphis,True,,582.2,True,no_signal_coverage
300864771,2023-02-02,2023-02-02 22:00:00,2023,2,Thursday,22,35.046165,-90.0574,No Injury,Pedestrian,Not Intersection-Other Not On Roadway,Unknown,Unknown,Not Collision with Motor Vehicle in Transport,Other,1,True,,,,,,,523.3576985319885,MARTY ST,22.002396932629185,30.0,2,B,MEMPHIS,SHELBY,84084,22.002396932806825,City of Memphis,city_residual,city: no state-route overlap,MARTY ST,False,False,False,City of Memphis,False,,506.4,False,
300863294,2023-01-26,2023-01-26 18:44:00,2023,1,Thursday,18,35.221054,-89.96052,Possible Injury,Pedestrian,Intersection-On Roadway not in Crosswalk,Intersection,Dawn,Not Collision with Motor Vehicle in Transport,Pedestrian,1,True,,,,,,,3781.197386858452,FRAYSER RALEIGH RD,0.1778811969004743,30.0,2,B,MEMPHIS,SHELBY,72644,0.1778811968923268,City of Memphis,city_residual,city: no state-route overlap,FRAYSER RALEIGH RD,False,False,False,City of Memphis,True,13532,3372.3,False,no_signal_coverage
300867899,2023-02-18,2023-02-18 19:47:00,2023,2,Saturday,19,35.128242,-90.06182,Possible Injury,Pedestrian,Intersection-In Crosswalk,Intersection,Dark-Lighted,Not Collision with Motor Vehicle in Transport,Pedestrian,1,True,,,,,,,394.4880919375932,W CAROLINA AVE,0.2491862449188062,30.0,2,B,MEMPHIS,SHELBY,6603,0.2491862434955176,City of Memphis,city_residual,city: no state-route overlap,W CAROLINA AVE,False,False,False,City of Memphis,True,10363,382.1,False,no
300862283,2023-01-21,2023-01-21 19:47:00,2023,1,Saturday,19,35.13463,-90.04869,Possible Injury,Pedestrian,Not Intersection-Bike Path,AccelDecelLane,Dark-Lighted,Not Collision with Motor Vehicle in Transport,Pedestrian,1,True,,,,,,,191.351397248328,FOOTE PARK PL,0.2291092473891776,25.0,2,B,MEMPHIS,SHELBY,55483,0.2291092465200555,City of Memphis,city_residual,city: no state-route overlap,FOOTE PARK PL,False,False,False,City of Memphis,False,,194.0,False,
300866809,2023-02-12,2023-02-12 21:03:00,2023,2,Sunday,21,35.16381,-90.0092,Possible Injury,Pedestrian,Intersection-On Roadway Crosswalk Not Available,AccelDecelLane,Unknown,Not Collision with Motor Vehicle in Transport,Pedestrian,1,True,,,,,,,538.5587598279825,GARLAND ST,23.83733268115269,30.0,2,B,MEMPHIS,SHELBY,81179,23.83733268098312,City of Memphis,city_residual,city: no state-route overlap,GARLAND ST,False,False,False,City of Memphis,True,,642.4,True,no_signal_coverage
300862071,2023-01-20,2023-01-20 17:00:00,2023,1,Friday,17,35.061424,-90.023605,Possible Injury,Pedestrian,Intersection-In Crosswalk,Intersection,Dusk,Not Collision with Motor Vehicle in Transport,Pedestrian,1,True,ELVIS PRESLEY BLVD,Principal Arterial,40.0,6.0,3,6.0,1.88989526332768,ELVIS PRESLEY BLVD,0.7930746934791529,40.0,6,B,MEMPHIS,SHELBY,46512,0.7930746934791529,TDOT state route,state_route_overlap,"state route: 100% overlap, name=ELVIS PRESLEY",ELVIS PRESLEY BLVD,False,False,False,TDOT state route,True,10325,22.8,False,yes
300868423,2023-02-21,2023-02-21 09:40:00,2023,2,Tuesday,9,35.124565,-89.90786,Possible Injury,Pedestrian,Not Intersection-Adjacent to Roadway,Intersection,Daylight,Not Collision with Motor Vehicle in Transport,Pedestrian,1,True,,,,,,,728.9457465203587,WOODMONT DR,6.227763191459252,30.0,2,B,MEMPHIS,SHELBY,29639,6.227763191459252,City of Memphis,city_residual,city: no state-route overlap,WOODMONT DR,False,False,False,City of Memphis,False,24085,728.9,True,
300867695,2023-02-17,2023-02-17 19:00:00,2023,2,Friday,19,35.06423,-89.845,Suspected Serious Injury,Pedestrian,Not Intersection-On Roadway Not In Crosswalk,Non-Junction,Dawn,Not Collision with Motor Vehicle in Transport,Pedestrian,1,True,,,,,,,307.4659022138898,MOUNT MORIAH ROAD EXT,6.72747575134795,45.0,5,B,MEMPHIS,SHELBY,49519,6.72747575007792,City of Memphis,city_residual,city: no state-route overlap,MOUNT MORIAH ROAD EXT,False,False,False,City of Memphis,False,,283.7,False,
300863323,2023-01-26,2023-01-26 22:40:00,2023,1,Thursday,22,35.010193,-90.00763,No Injury,Pedestrian,Not Intersection-Unknown,Intersection-Related,Dark-Not Lighted,Angle,Other,1,True,,,,,,,1206.1447141587255,HESTER RD,0.1181928549852505,30.0,2,B,MEMPHIS,SHELBY,72409,0.1181928549852505,City of Memphis,city_residual,city: no state-route overlap,HESTER RD,False,False,False,City of Memphis,False,15699,1185.6,True,
300867946,2023-02-19,2023-02-19 00:20:00,2023,2,Sunday,0,35.15307,-89.88861,Suspected Serious Injury,Pedestrian,Intersection-Unknown,Intersection,Dark-Lighted,Not Collision with Motor Vehicle in Transport,Pedestrian,1,True,SUMMER AVE,Principal Arterial,40.0,7.0,1,5.0,2.9276120821757807,N WHITE STATION RD,0.0447245150045424,40.0,5,B,MEMPHIS,SHELBY,51458,0.0447245139631545,City of Memphis,city_residual,city: no state-route overlap,N WHITE STATION RD,False,False,True,City of Memphis,True,21029,21.4,False,yes
300862832,2023-01-24,2023-01-24 16:05:00,2023,1,Tuesday,16,35.02104,-89.98982,Unknown,Pedestrian,Intersection-On Roadway not in Crosswalk,Intersection,Daylight,Not Collision with Motor Vehicle in Transport,Pedestrian,1,True,E SHELBY DR,Principal Arterial,40.0,7.0,175,3.0,5.227872065290232,AIRWAYS BLVD,0.3459765279712413,45.0,7,B,MEMPHIS,SHELBY,53447,0.3459765279704946,City of Memphis,city_residual,city: no state-route overlap,AIRWAYS BLVD,False,False,False,City of Memphis,True,297,24.9,False,yes
300862344,2023-01-22,2023-01-22 01:30:00,2023,1,Sunday,1,35.083305,-90.01855,Possible Injury,Pedestrian,Not Intersection-On Roadway Not In Crosswalk,Intersection,Dark-Lighted,Not Collision with Motor Vehicle in Transport,Pedestrian,1,True,ELVIS PRESLEY BLVD,Minor Arterial,40.0,4.0,3,6.0,0.025171471139501,NORRIS RD,0.1245076336166819,40.0,4,B,MEMPHIS,SHELBY,50977,0.1245076364265556,City of Memphis,city_residual,city: no state-route overlap,NORRIS RD,False,False,False,City of Memphis,False,12024,0.9,True,