MstrRecNbrTxt,CollisionDate,CollisionDteTime,YearNmb,Month,DayOfWeek,Hour,Latitude,Longitude,InjuryClass,PersonType,NonMotoristLocation,RelationToJunction,LightCondition,MannerOfCollision,FirstHarmfulEvent,VictimsInCrash,InMemphis,StateRoute_NAME,StateRoute_F_System,StateRoute_SPDLIMIT,StateRoute_LANES,StateRoute_ALTNAME_1,StateRoute_Council_District,DistToStateRoute_m,Street_Name,DistToStreet_m,Street_SPDLIMIT,Street_LANES,Street_ONEWAY,Street_CITY_L,Street_COUNTY_L,Seg_OBJECTID,DistToSeg_m,Ownership,Rule_Fired,Classification_Basis,Matched_Street,is_limited_access,is_override,is_corner_case,Jurisdiction_prev,at_intersection,intersection_node_id,nearest_ped_signal_m,is_ambiguous_intersection,intersection_signalized
300861852,2023-01-18,2023-01-18 17:32:00,2023,1,Wednesday,17,35.085995,-89.96237,Possible Injury,Pedestrian,Intersection-On Roadway Crosswalk availability Unknown,Intersection-Related,Dark-Not Lighted,Not Collision with Motor Vehicle in Transport,Pedestrian,1,True,LAMAR AVE,Principal Arterial,40.0,5.0,4,4.0,3.2955919255992128,SEMMES ST,0.2076480411248226,30.0,5,B,MEMPHIS,SHELBY,82735,0.2076480411321189,City of Memphis,city_residual,city: no state-route overlap,SEMMES ST,False,False,True,City of Memphis,True,17982,15.5,False,yes
300862589,2023-01-23,2023-01-23 08:00:00,2023,1,Monday,8,35.057922,-90.08071,Suspected Minor Injury,Other Non-Motorist,Unknown,AccelDecelLane,Daylight,Not Collision with Motor Vehicle in Transport,Pedestrian,2,True,,,,,,,1901.0869151816253,FORD RD,11.837558977431048,35.0,2,B,MEMPHIS,SHELBY,71856,11.837558977426085,City of Memphis,city_residual,city: no state-route overlap,FORD RD,False,False,False,City of Memphis,False,13141,1879.7,True,
300867963,2023-02-16,2023-02-16 18:00:00,2023,2,Thursday,18,35.145138,-90.031746,Possible Injury,Pedestrian,Intersection-Unknown,Unknown,Unknown,Unknown,Other,1,True,,,,,,,740.9813598882411,POPLAR AVE,34.890435608728744,40.0,7,B,MEMPHIS,SHELBY,50350,34.890435608334094,City of Memphis,city_residual,city: no state-route overlap,POPLAR AVE,False,False,False,City of Memphis,True,,97.7,True,no_signal_coverage
300862887,2023-01-23,2023-01-23 17:48:00,2023,1,Monday,17,35.062195,-89.85703,Suspected Serious Injury,Pedestrian,Intersection-In Crosswalk,Intersection,Dawn,Not Collision with Motor Vehicle in Transport,Pedestrian,1,True,,,,,,,961.0805311888058,BELLE FOREST DR,0.9940387012975016,30.0,2,B,MEMPHIS,SHELBY,26254,0.9940387012975016,City of Memphis,city_residual,city: no state-route overlap,BELLE FOREST DR,False,False,False,City of Memphis,True,1191,811.9,False,no
300867496,2023-02-16,2023-02-16 18:10:00,2023,2,Thursday,18,35.158142,-90.01176,Suspected Minor Injury,Pedestrian,Intersection-On Roadway not in Crosswalk,AccelDecelLane,Dark-Not Lighted,Not Collision with Motor Vehicle in Transport,Pedestrian,1,True,JACKSON AVE,Principal Arterial,35.0,4.0,14,7.0,4.859198920869678,JACKSON AVE,0.251910251964106,35.0,4,B,MEMPHIS,SHELBY,46790,0.2519102505833125,TDOT state route,state_route_overlap,"state route: 100% overlap, name=JACKSON",JACKSON AVE,False,False,False,TDOT state route,True,16689,6.4,False,yes
300864461,2023-01-21,2023-01-21 23:19:00,2023,1,Saturday,23,35.083454,-90.02569,Possible Injury,Pedestrian,Not Intersection-Adjacent to Roadway,Entrance/Exit Ramp Related,Dark-Not Lighted,Not Collision with Motor Vehicle in Transport,Pedestrian,1,True,,,,,,,649.8630810089344,NORRIS RD,0.2932612253291314,40.0,5,B,MEMPHIS,SHELBY,50953,0.2932612266820145,City of Memphis,city_residual,city: no state-route overlap,NORRIS RD,False,False,False,City of Memphis,False,,49.4,False,
300862673,2023-01-23,2023-01-23 19:30:00,2023,1,Monday,19,35.21309,-90.00359,Possible Injury,Pedestrian,Intersection-In Crosswalk,Intersection,Dark-Lighted,Not Collision with Motor Vehicle in Transport,Pedestrian,1,True,,,,,,,2247.451389386244,N WATKINS ST,1.4001628904015444,40.0,5,B,MEMPHIS,SHELBY,49874,1.4001628903764431,City of Memphis,city_residual,city: no state-route overlap,N WATKINS ST,False,False,False,City of Memphis,True,9335,2235.9,False,no
300862268,2023-01-21,2023-01-21 15:50:00,2023,1,Saturday,15,35.20146,-90.007744,Suspected Minor Injury,Pedestrian,Not Intersection-On Roadway Not In Crosswalk,Intersection-Related,Daylight,Angle,Other,1,True,,,,,,,2386.900657196444,OBERLE AVE,0.5646018111707996,30.0,2,B,MEMPHIS,SHELBY,2753,0.5646018111707996,City of Memphis,city_residual,city: no state-route overlap,OBERLE AVE,False,False,False,City of Memphis,False,21001,907.7,True,
300865750,2023-02-08,2023-02-08 00:20:00,2023,2,Wednesday,0,35.0533,-89.99128,Suspected Serious Injury,Pedestrian,Not Intersection-On Roadway Not In Crosswalk,Non-Junction,Dark-Lighted,Not Collision with Motor Vehicle in Transport,Pedestrian,1,True,,,,,,,3069.112007722229,WINCHESTER RD,0.243055540990609,40.0,7,B,MEMPHIS,SHELBY,49820,0.2430555409872863,City of Memphis,city_residual,city: no state-route overlap,WINCHESTER RD,False,False,False,City of Memphis,False,298,22.1,True,
300866299,2023-02-10,2023-02-10 14:21:00,2023,2,Friday,14,35.021023,-90.00753,Possible Injury,Pedestrian,Intersection-Not on Roadway,Intersection,Daylight,Angle,Other,1,True,E SHELBY DR,Minor Arterial,40.0,7.0,175,3.0,4.930182143371714,MILLBRANCH RD,0.1033145586825456,40.0,7,B,MEMPHIS,SHELBY,49769,0.103314558725119,City of Memphis,city_residual,city: no state-route overlap,MILLBRANCH RD,False,False,True,City of Memphis,True,11181,16.3,False,yes
300864254,2023-01-30,2023-01-30 20:40:00,2023,1,Monday,20,35.1069,-90.02119,Suspected Minor Injury,Pedestrian,Not Intersection-On Roadway Crosswalk Availability Unknown,Intersection,Dark-Lighted,Not Collision with Motor Vehicle in Transport,Pedestrian,1,True,ELVIS PRESLEY BLVD,Minor Arterial,40.0,4.0,3,4.0,1.141694593306949,KERR AVE,0.0553073224531724,35.0,3,B,MEMPHIS,SHELBY,5121,0.0553073224529378,City of Memphis,city_residual,city: no state-route overlap,KERR AVE,False,False,False,City of Memphis,False,12033,1.2,True,
300864280,2023-01-28,2023-01-28 14:35:00,2023,1,Saturday,14,35.0133,-90.09468,Fatal,Pedestrian,Not Intersection-On Roadway Not In Crosswalk,Non-Junction,Daylight,Not Collision with Motor Vehicle in Transport,Pedestrian,1,True,,,,,,,50.20447705938295,S THIRD ST,47.08365754568184,45.0,4,B,MEMPHIS,SHELBY,46461,47.0836575449381,TDOT state route,state_route_overlap,"state route: 100% overlap, name=S THIRD",S THIRD ST,False,False,False,TDOT state route,False,,236.5,False,
300863500,2023-01-27,2023-01-27 19:13:00,2023,1,Friday,19,35.09297,-89.93103,Suspected Serious Injury,Pedestrian,Intersection-On Roadway not in Crosswalk,AccelDecelLane,Dark-Lighted,Not Collision with Motor Vehicle in Transport,Pedestrian,1,True,,,,,,,1385.7381949570763,KIMBALL AVE,0.3529840043630466,40.0,2,B,MEMPHIS,SHELBY,5893,0.3529840052905967,City of Memphis,city_residual,city: no state-route overlap,KIMBALL AVE,False,False,False,City of Memphis,True,13950,1268.9,False,no
300866060,2023-02-08,2023-02-08 19:00:00,2023,2,Wednesday,19,35.106213,-89.969765,Possible Injury,Pedestrian,Intersection-On Roadway not in Crosswalk,Non-Junction,Dark-Lighted,Not Collision with Motor Vehicle in Transport,Pedestrian,1,True,,,,,,,913.2343312224942,SELECT AVE,0.1283205971042108,30.0,2,B,MEMPHIS,SHELBY,5397,0.1283205971042108,City of Memphis,city_residual,city: no state-route overlap,SELECT AVE,False,False,False,City of Memphis,True,22074,1188.0,False,no
300864284,2023-01-31,2023-01-31 17:30:00,2023,1,Tuesday,17,35.15775,-90.02433,Possible Injury,Pedestrian,Not Intersection-Unknown,Non-Junction,Daylight,Not Collision with Motor Vehicle in Transport,Other,1,True,,,,,,,51.37163207397424,JACKSON AVE,55.935389562079486,35.0,5,B,MEMPHIS,SHELBY,46761,55.93538956212311,TDOT state route,state_route_overlap,"state route: 100% overlap, name=JACKSON",JACKSON AVE,False,False,False,TDOT state route,False,,109.7,False,
300863228,2023-01-26,2023-01-26 16:20:00,2023,1,Thursday,16,35.122772,-89.99094,Possible Injury,Pedestrian,Not Intersection-On Roadway Not In Crosswalk,Intersection,Dawn,Not Collision with Motor Vehicle in Transport,Pedestrian,1,True,,,,,,,607.2186180082374,EVELYN AVE,0.5622560184865704,30.0,2,B,MEMPHIS,SHELBY,4258,0.5622560184938659,City of Memphis,city_residual,city: no state-route overlap,EVELYN AVE,False,False,False,City of Memphis,False,12292,684.1,True,
300863989,2023-01-30,2023-01-30 06:50:00,2023,1,Monday,6,35.175808,-89.76771,No Injury,Pedestrian,Not Intersection-Outside Traffic,Intersection-Related,Daylight,Not Collision with Motor Vehicle in Transport,Other,1,True,,,,,,,2301.3109606333924,OVERLEA CV,0.4827697515851392,25.0,2,B,MEMPHIS,SHELBY,15910,0.4827697515727142,City of Memphis,city_residual,city: no state-route overlap,OVERLEA CV,False,False,False,City of Memphis,False,8945,2282.1,True,
300867018,2023-02-14,2023-02-14 18:05:00,2023,2,Tuesday,18,35.135986,-90.020706,Suspected Serious Injury,Pedestrian,Intersection-On Roadway Crosswalk availability Unknown,Intersection,Dark-Lighted,Not Collision with Motor Vehicle in Transport,Pedestrian,1,True,S BELLEVUE BLVD,Major Collector,35.0,4.0,3,6.0,0.0664531757157517,EASTMORELAND AVE,0.2274062506290874,30.0,2,B,MEMPHIS,SHELBY,3726,0.2274062506179801,City of Memphis,city_residual,city: no state-route overlap,EASTMORELAND AVE,False,False,True,City of Memphis,True,11593,151.2,False,no_signal_coverage
300873679,2023-03-16,2023-03-16 21:30:00,2023,3,Thursday,21,35.10955,-90.021736,Possible Injury,Pedestrian,Not Intersection-On Roadway Not In Crosswalk,Crossover-Related,Dark-Lighted,Not Collision with Motor Vehicle in Transport,Pedestrian,1,True,ELVIS PRESLEY BLVD,Minor Arterial,35.0,5.0,3,4.0,1.237786142674003,S PARKWAY E,0.1733265864097564,35.0,5,B,MEMPHIS,SHELBY,53274,0.1733265836232891,City of Memphis,city_residual,city: no state-route overlap,S PARKWAY E,False,False,False,City of Memphis,False,12037,297.0,True,
300870763,2023-03-03,2023-03-03 08:30:00,2023,3,Friday,8,35.149506,-89.90439,Possible Injury,Pedestrian,Intersection-In Crosswalk,Intersection,Daylight,Not Collision with Motor Vehicle in Transport,Pedestrian,1,True,,,,,,,91.61969892945676,SUMMER AVE,96.27618480023013,40.0,7,B,MEMPHIS,SHELBY,47110,96.27618480023013,TDOT state route,state_route_overlap,"state route: 100% overlap, name=SUMMER",SUMMER AVE,False,False,False,TDOT state route,True,,184.4,True,no_signal_coverage
300869507,2023-02-25,2023-02-25 10:00:00,2023,2,Saturday,10,35.151417,-89.98071,Possible Injury,Pedestrian,Intersection-In Crosswalk,Intersection,Daylight,Not Collision with Motor Vehicle in Transport,Pedestrian,1,True,,,,,,,41.71929117188468,N TREZEVANT ST,40.90126637659609,40.0,4,B,MEMPHIS,SHELBY,48089,40.90126637667247,TDOT state route,state_route_overlap,"state route: 100% overlap, name=N TREZEVANT",N TREZEVANT ST,False,False,False,TDOT state route,True,,57.5,True,no_signal_coverage
300871066,2023-03-04,2023-03-04 10:08:00,2023,3,Saturday,10,35.091415,-89.90695,No Injury,Pedestrian,Not Intersection-Outside Traffic,Intersection,Daylight,Angle,Other,1,True,,,,,,,2530.603829056625,S PERKINS RD,0.3756989138417863,35.0,4,B,MEMPHIS,SHELBY,51498,0.3756989138416414,City of Memphis,city_residual,city: no state-route overlap,S PERKINS RD,False,False,False,City of Memphis,False,22639,1356.3,True,
300870152,2023-02-28,2023-02-28 23:10:00,2023,2,Tuesday,23,35.083065,-89.93171,Suspected Serious Injury,Pedestrian,Not Intersection-On Roadway Not In Crosswalk,Non-Junction,Dark-Lighted,Not Collision with Motor Vehicle in Transport,Pedestrian,1,True,,,,,,,288.9813946539055,GETWELL RD,41.04552473580102,40.0,7,B,MEMPHIS,SHELBY,53672,41.045524735788455,City of Memphis,city_residual,city: no state-route overlap,GETWELL RD,False,False,False,City of Memphis,False,,170.5,False,
300870798,2023-03-01,2023-03-01 20:20:00,2023,3,Wednesday,20,35.02046,-90.0481,Fatal,Pedestrian,Not Intersection-On Roadway Not In Crosswalk,Non-Junction,Dark-Not Lighted,Not Collision with Motor Vehicle in Transport,Pedestrian,1,True,,,,,,,46.24652005857063,DALTON RD,23.872929828948504,30.0,2,B,MEMPHIS,SHELBY,74803,23.87292982948136,City of Memphis,city_residual,city: no state-route overlap,DALTON RD,False,False,False,City of Memphis,False,,2111.8,False,
300870841,2023-03-02,2023-03-02 21:25:00,2023,3,Thursday,21,35.050034,-89.86632,No Injury,Other Non-Motorist,Not Intersection-On Roadway Not In Crosswalk,Intersection,Dark-Lighted,Angle,Other,1,True,,,,,,,2540.978528261106,WINCHESTER RD,1.413892856487427,45.0,7,B,MEMPHIS,SHELBY,53043,1.4138928568286973,City of Memphis,city_residual,city: no state-route overlap,WINCHESTER RD,False,False,False,City of Memphis,False,15771,22.9,True,
300871117,2023-03-05,2023-03-05 01:05:00,2023,3,Sunday,1,35.18188,-89.79283,Possible Injury,Pedestrian,Not Intersection-On Roadway Not In Crosswalk,Non-Junction,Dark-Unknown Lighting,Not Collision with Motor Vehicle in Transport,Pedestrian,1,True,N GERMANTOWN PKWY,Principal Arterial,50.0,6.0,177,1.0,0.2018291166278762,AMBERGATE LN,0.327862581410122,30.0,2,B,MEMPHIS,SHELBY,44146,0.3278625813695996,City of Memphis,city_residual,city: no state-route overlap,AMBERGATE LN,False,False,False,City of Memphis,False,755,17.8,True,
300871977,2023-03-08,2023-03-08 17:05:00,2023,3,Wednesday,17,35.100784,-89.97206,Possible Injury,Pedestrian,Intersection-On Roadway not in Crosswalk,Intersection,Dawn,Not Collision with Motor Vehicle in Transport,Pedestrian,1,True,,,,,,,292.59239367790923,BARRON AVE,0.217343743756556,35.0,2,B,MEMPHIS,SHELBY,51036,0.2173437437576512,City of Memphis,city_residual,city: no state-route overlap,BARRON AVE,False,False,False,City of Memphis,True,2339,603.6,False,no_signal_coverage
300874516,2023-03-21,2023-03-21 15:45:00,2023,3,Tuesday,15,35.139824,-89.80343,Possible Injury,Pedestrian,Intersection-On Roadway not in Crosswalk,Intersection-Related,Daylight,Not Collision with Motor Vehicle in Transport,Pedestrian,1,True,,,,,,,701.1721769699735,TRINITY RD,0.36062558096372,45.0,3,B,MEMPHIS,SHELBY,51741,0.3606255819483805,City of Memphis,city_residual,city: no state-route overlap,TRINITY RD,False,False,False,City of Memphis,True,24149,673.7,False,no
300864056,2023-01-23,2023-01-23 20:15:00,2023,1,Monday,20,35.050297,-89.87499,No Injury,Pedestrian,Not Intersection-Outside Traffic,AccelDecelLane,Dark-Lighted,Not Collision with Motor Vehicle in Transport,Other,1,True,,,,,,,2918.6298902878225,WINCHESTER RD,0.2254515550765765,45.0,7,B,MEMPHIS,SHELBY,49423,0.225451555076387,City of Memphis,city_residual,city: no state-route overlap,WINCHESTER RD,False,False,False,City of Memphis,False,7182,17.2,True,
300870580,2023-03-02,2023-03-02 20:15:00,2023,3,Thursday,20,35.137314,-89.994194,Suspected Serious Injury,Pedestrian,Intersection-In Crosswalk,Intersection,Dark-Lighted,Not Collision with Motor Vehicle in Transport,Pedestrian,1,True,,,,,,,297.3456598905418,N MORRISON ST,23.372840139878672,30.0,2,B,MEMPHIS,SHELBY,81577,23.372840139861648,City of Memphis,city_residual,city: no state-route overlap,N MORRISON ST,False,False,False,City of Memphis,True,,492.8,True,no_signal_coverage
300868788,2023-02-23,2023-02-23 03:15:00,2023,2,Thursday,3,35.226337,-90.02248,Possible Injury,Pedestrian,Not Intersection-On Roadway Not In Crosswalk,Non-Junction,Dark-Lighted,Not Collision with Motor Vehicle in Transport,Pedestrian,1,True,THOMAS ST,,40.0,2.0,3,7.0,2.07890929853068,CRESTON AVE,0.2854966907670861,30.0,2,B,MEMPHIS,SHELBY,2698,0.2854966893577004,City of Memphis,city_residual,city: no state-route overlap,CRESTON AVE,False,False,False,City of Memphis,False,8461,927.1,True,
300868671,2023-02-20,2023-02-20 20:00:00,2023,2,Monday,20,35.142185,-89.913795,Possible Injury,Pedestrian,Not Intersection-Adjacent to Roadway,"Driveway, Alley Access, etc",Dark-Unknown Lighting,Other,Other,1,True,,,,,,,742.3751022892592,SEQUOIA AVE,29.389989298360373,30.0,2,B,MEMPHIS,SHELBY,6110,29.38998929965437,City of Memphis,city_residual,city: no state-route overlap,SEQUOIA AVE,False,False,False,City of Memphis,False,,756.9,False,
300873572,2023-03-16,2023-03-16 21:09:00,2023,3,Thursday,21,35.067947,-89.84247,Suspected Serious Injury,Pedestrian,Not Intersection-On Roadway Not In Crosswalk,Non-Junction,Daylight,Not Collision with Motor Vehicle in Transport,Pedestrian,1,True,,,,,,,147.77291105618804,QUINCE RD,40.194638557957205,45.0,4,B,MEMPHIS,SHELBY,52744,40.19463855798544,City of Memphis,city_residual,city: no state-route overlap,QUINCE RD,False,False,False,City of Memphis,False,,138.7,False,
300869980,2023-02-28,2023-02-28 07:30:00,2023,2,Tuesday,7,35.09506,-90.07175,Suspected Serious Injury,Pedestrian,Intersection-In Crosswalk,Non-Junction,Daylight,Not Collision with Motor Vehicle in Transport,Pedestrian,1,True,,,,,,,1440.6327302365282,JOUBERT AVE,50.13762149723461,30.0,2,B,MEMPHIS,SHELBY,4596,50.13762149848935,City of Memphis,city_residual,city: no state-route overlap,JOUBERT AVE,False,False,False,City of Memphis,True,,901.5,True,no_signal_coverage
300869437,2023-02-25,2023-02-25 21:29:00,2023,2,Saturday,21,35.053326,-90.02045,Possible Injury,Pedestrian,Intersection-On Roadway not in Crosswalk,Intersection,Dark-Lighted,Not Collision with Motor Vehicle in Transport,Pedestrian,1,True,,,,,,,418.37472352027993,ROYAL OAKS CV,62.58265034706266,35.0,2,B,MEMPHIS,SHELBY,15075,62.5826503475072,City of Memphis,city_residual,city: no state-route overlap,ROYAL OAKS CV,False,False,False,City of Memphis,True,,406.9,True,no_signal_coverage
300869117,2023-02-20,2023-02-20 18:30:00,2023,2,Monday,18,35.06238,-89.90577,Possible Injury,Pedestrian,Intersection-On Roadway not in Crosswalk,Intersection,Dawn,Not Collision with Motor Vehicle in Transport,Pedestrian,1,True,,,,,,,2133.1923531889306,S PERKINS RD,0.2129291738938984,40.0,2,FT,MEMPHIS,SHELBY,49376,0.2129291730174939,City of Memphis,city_residual,city: no state-route overlap,S PERKINS RD,False,False,False,City of Memphis,True,17726,16.9,False,yes
300871759,2023-03-08,2023-03-08 00:15:00,2023,3,Wednesday,0,35.127785,-89.94525,Suspected Serious Injury,Pedestrian,Intersection-In Crosswalk,Intersection,Dark-Lighted,Not Collision with Motor Vehicle in Transport,Pedestrian,1,True,POPLAR AVE,Principal Arterial,40.0,7.0,57,5.0,4.8265396384912655,POPLAR AVE,0.3687807402887316,40.0,7,B,MEMPHIS,SHELBY,48496,0.3687807403754469,TDOT state route,state_route_overlap,"state route: 100% overlap, name=POPLAR",POPLAR AVE,False,False,False,TDOT state route,True,22405,21.0,False,yes
300873088,2023-03-14,2023-03-14 06:02:00,2023,3,Tuesday,6,35.216984,-89.90984,Possible Injury,Pedestrian,Not Intersection-Outside Traffic,Intersection,Dark-Lighted,Not Collision with Motor Vehicle in Transport,Pedestrian,1,True,,,,,,,248.13680391952343,PLATO AVE,100.87993894050962,30.0,2,B,MEMPHIS,SHELBY,3107,100.87993894231852,City of Memphis,city_residual,city: no state-route overlap,PLATO AVE,False,False,False,City of Memphis,False,,258.8,False,
300869176,2023-02-20,2023-02-20 20:51:00,2023,2,Monday,20,35.23399,-89.89301,Possible Injury,Pedestrian,Intersection-Unknown,AccelDecelLane,Dawn,Not Collision with Motor Vehicle in Transport,Pedestrian,1,True,,,,,,,62.9896923887765,NEW COVINGTON PIKE,65.9515079247413,45.0,5,B,MEMPHIS,SHELBY,48076,65.95150792571387,TDOT state route,state_route_overlap,"state route: 100% overlap, name=NEW COVINGTON",NEW COVINGTON PIKE,False,False,False,TDOT state route,True,,56.9,True,no_signal_coverage
300868831,2023-02-17,2023-02-17 20:00:00,2023,2,Friday,20,35.14714,-90.050514,Possible Injury,Pedestrian,Intersection-On Roadway Crosswalk availability Unknown,Non-Junction,Dark-Lighted,Not Collision with Motor Vehicle in Transport,Pedestrian,1,True,N SECOND ST,Minor Arterial,35.0,3.0,3,6.0,12.139923353682878,N SECOND ST,10.458325464266128,35.0,3,TF,MEMPHIS,SHELBY,50292,10.458325464386062,TDOT state route,state_route_overlap,"state route: 100% overlap, name=N SECOND",N SECOND ST,False,False,False,TDOT state route,True,,292.5,True,no_signal_coverage
300868833,2023-02-23,2023-02-23 08:00:00,2023,2,Thursday,8,35.07851,-89.85198,Possible Injury,Pedestrian,Intersection-In Crosswalk,Intersection,Daylight,Not Collision with Motor Vehicle in Transport,Pedestrian,1,True,,,,,,,828.846204649922,QUINCE RD,83.07281604125146,40.0,5,B,MEMPHIS,SHELBY,52876,83.07281604092029,City of Memphis,city_residual,city: no state-route overlap,QUINCE RD,False,False,False,City of Memphis,True,,1007.6,True,no_signal_coverage
300870934,2023-03-03,2023-03-03 13:29:00,2023,3,Friday,13,35.061687,-90.02356,No Injury,Pedestrian,Intersection-In Crosswalk,Intersection,Daylight,Not Collision with Motor Vehicle in Transport,Pedestrian,1,True,ELVIS PRESLEY BLVD,Principal Arterial,40.0,6.0,3,6.0,0.3988418671522159,E BROOKS RD,0.337237215664418,45.0,5,B,MEMPHIS,SHELBY,49725,0.3372372157346045,City of Memphis,city_residual,city: no state-route overlap,E BROOKS RD,False,False,True,City of Memphis,True,10325,27.4,False,yes
300872885,2023-03-13,2023-03-13 09:05:00,2023,3,Monday,9,35.11621,-89.94114,Possible Injury,Pedestrian,Intersection-On Roadway Crosswalk availability Unknown,Unknown,Daylight,Not Collision with Motor Vehicle in Transport,Pedestrian,1,True,,,,,,,1156.135705316395,PATTERSON ST,6.055403031686756,30.0,2,B,MEMPHIS,SHELBY,84853,6.055403031674783,City of Memphis,city_residual,city: no state-route overlap,PATTERSON ST,False,False,False,City of Memphis,True,21958,1314.6,False,no_signal_coverage
300872411,2023-03-09,2023-03-09 20:00:00,2023,3,Thursday,20,35.138493,-90.04675,Possible Injury,Pedestrian,Intersection-Unknown,OtherLocation,Dark-Lighted,Not Collision with Motor Vehicle in Transport,Pedestrian,1,True,,,,,,,81.02270173520364,BEALE ST,60.42436680958916,35.0,2,B,MEMPHIS,SHELBY,84354,60.42436681008121,City of Memphis,city_residual,city: no state-route overlap,BEALE ST,False,False,False,City of Memphis,True,,80.5,True,no_signal_coverage
300873132,2023-03-14,2023-03-14 16:25:00,2023,3,Tuesday,16,35.145554,-90.0541,Possible Injury,Pedestrian,Intersection-In Crosswalk,Intersection,Daylight,Not Collision with Motor Vehicle in Transport,Pedestrian,1,True,,,,,,,244.60647152698743,S FRONT ST,0.0807195508923664,30.0,5,B,MEMPHIS,SHELBY,80516,0.0807195508942051,City of Memphis,city_residual,city: no state-route overlap,S FRONT ST,False,False,False,City of Memphis,True,18947,268.7,False,no
300874120,2023-03-19,2023-03-19 20:00:00,2023,3,Sunday,20,35.05527,-90.06011,Possible Injury,Pedestrian,Intersection-On Roadway Crosswalk Not Available,Intersection,Dark-Lighted,Not Collision with Motor Vehicle in Transport,Pedestrian,1,True,S THIRD ST,Principal Arterial,45.0,7.0,14,6.0,0.6584498041918765,E MITCHELL RD,0.2642259429324237,45.0,7,B,MEMPHIS,SHELBY,49641,0.2642259386886376,City of Memphis,city_residual,city: no state-route overlap,E MITCHELL RD,False,False,True,City of Memphis,True,10867,24.4,False,yes
300870394,2023-03-01,2023-03-01 19:51:00,2023,3,Wednesday,19,35.161568,-89.911835,Suspected Serious Injury,Pedestrian,Not Intersection-On Roadway Crosswalk not Available,Non-Junction,Dark-Lighted,Not Collision with Motor Vehicle in Transport,Pedestrian,1,True,,,,,,,1209.6563479836586,MACON RD,39.859701284880266,40.0,4,B,MEMPHIS,SHELBY,51426,39.85970128284309,City of Memphis,city_residual,city: no state-route overlap,MACON RD,False,False,False,City of Memphis,False,,1099.8,False,
300871258,2023-03-05,2023-03-05 15:30:00,2023,3,Sunday,15,35.217564,-90.00319,Possible Injury,Pedestrian,Intersection-Not on Roadway,Unknown,Daylight,Not Collision with Motor Vehicle in Transport,Pedestrian,1,True,,,,,,,2000.122896875299,FRAYSER BLVD,2.32846196544491,40.0,5,B,MEMPHIS,SHELBY,49878,2.3284619668612097,City of Memphis,city_residual,city: no state-route overlap,FRAYSER BLVD,False,False,False,City of Memphis,True,13520,2277.4,False,no
300869750,2023-02-27,2023-02-27 12:49:00,2023,2,Monday,12,35.079403,-89.98616,Possible Injury,Pedestrian,Intersection-In Crosswalk,Intersection,Daylight,Not Collision with Motor Vehicle in Transport,Pedestrian,1,True,,,,,,,2205.6649140461814,KETCHUM RD,39.616737592099,40.0,4,B,MEMPHIS,SHELBY,51003,39.616737591087,City of Memphis,city_residual,city: no state-route overlap,KETCHUM RD,False,False,False,City of Memphis,True,,133.0,True,no_signal_coverage
300869268,2023-02-25,2023-02-25 03:00:00,2023,2,Saturday,3,35.14938,-89.95565,Suspected Serious Injury,Pedestrian,Not Intersection-On Roadway Not In Crosswalk,Non-Junction,Dark-Lighted,Not Collision with Motor Vehicle in Transport,Pedestrian,1,True,SUMMER AVE,Principal Arterial,35.0,5.0,1,5.0,4.891167395213143,SUMMER AVE,0.2370091643193906,35.0,5,B,MEMPHIS,SHELBY,47032,0.2370091643193906,TDOT state route,state_route_overlap,"state route: 100% overlap, name=SUMMER",SUMMER AVE,False,False,False,TDOT state route,False,,34.3,False,
300868932,2023-02-23,2023-02-23 16:20:00,2023,2,Thursday,16,35.11564,-90.054596,Suspected Minor Injury,Pedestrian,Intersection-On Roadway not in Crosswalk,Intersection,Daylight,Not Collision with Motor Vehicle in Transport,Pedestrian,1,True,,,,,,,57.15375680002511,E MCLEMORE AVE,43.36710712343107,35.0,2,B,MEMPHIS,SHELBY,53309,43.367107124027214,City of Memphis,city_residual,city: no state-route overlap,E MCLEMORE AVE,False,False,False,City of Memphis,True,,72.2,True,no_signal_coverage
300880468,2023-04-17,2023-04-17 02:14:00,2023,4,Monday,2,35.174213,-89.9309,No Injury,Pedestrian,Not Intersection-Outside Traffic,Non-Junction,Dark-Lighted,Not Collision with Motor Vehicle in Transport,Other,1,True,,,,,,,723.4522179328081,TENNYSON RD,0.1813840820708152,30.0,2,B,MEMPHIS,SHELBY,76968,0.1813840812096569,City of Memphis,city_residual,city: no state-route overlap,TENNYSON RD,False,False,False,City of Memphis,False,21704,718.9,True,
300876479,2023-03-30,2023-03-30 00:00:00,2023,3,Thursday,99,35.14544,-89.97798,Possible Injury,Pedestrian,Intersection-On Roadway not in Crosswalk,Intersection,Unknown,Not Collision with Motor Vehicle in Transport,Pedestrian,1,True,,,,,,,378.9935011078309,N HOLLYWOOD ST,0.002229432195207,35.0,2,B,MEMPHIS,SHELBY,84634,0.0022294320132949,City of Memphis,city_residual,city: no state-route overlap,N HOLLYWOOD ST,False,False,False,City of Memphis,True,15279,444.7,False,no