MstrRecNbrTxt,CollisionDate,CollisionDteTime,YearNmb,Month,DayOfWeek,Hour,Latitude,Longitude,InjuryClass,PersonType,NonMotoristLocation,RelationToJunction,LightCondition,MannerOfCollision,FirstHarmfulEvent,VictimsInCrash,InMemphis,StateRoute_NAME,StateRoute_F_System,StateRoute_SPDLIMIT,StateRoute_LANES,StateRoute_ALTNAME_1,StateRoute_Council_District,DistToStateRoute_m,Street_Name,DistToStreet_m,Street_SPDLIMIT,Street_LANES,Street_ONEWAY,Street_CITY_L,Street_COUNTY_L,Seg_OBJECTID,DistToSeg_m,Ownership,Rule_Fired,Classification_Basis,Matched_Street,is_limited_access,is_override,is_corner_case,Jurisdiction_prev,at_intersection,intersection_node_id,nearest_ped_signal_m,is_ambiguous_intersection,intersection_signalized
300878793,2023-04-02,2023-04-02 21:10:00,2023,4,Sunday,21,35.182835,-89.87134,Suspected Serious Injury,Pedestrian,Not Intersection-On Roadway Crosswalk not Available,AccelDecelLane,Dark-Lighted,Not Collision with Motor Vehicle in Transport,Pedestrian,1,True,,,,,,,970.4658877226198,RALEIGH LAGRANGE RD,0.2150422711989839,45.0,5,B,MEMPHIS,SHELBY,52275,0.2150422724478922,City of Memphis,city_residual,city: no state-route overlap,RALEIGH LAGRANGE RD,False,False,False,City of Memphis,False,22733,24.2,True,
300879049,2023-04-10,2023-04-10 17:00:00,2023,4,Monday,17,35.211857,-90.03223,Possible Injury,Pedestrian,Intersection-On Roadway not in Crosswalk,Unknown,Daylight,Not Collision with Motor Vehicle in Transport,Pedestrian,1,True,THOMAS ST,,40.0,2.0,3,7.0,0.1308764148219398,MARSH AVE,0.0138907516441958,30.0,2,B,MEMPHIS,SHELBY,2674,0.0138907488222284,City of Memphis,city_residual,city: no state-route overlap,MARSH AVE,False,False,True,City of Memphis,True,19232,17.1,False,yes
300875404,2023-03-25,2023-03-25 05:47:00,2023,3,Saturday,5,35.064396,-90.05854,Possible Injury,Pedestrian,Intersection-Unknown,Unknown,Dark-Lighted,Not Collision with Motor Vehicle in Transport,Pedestrian,1,True,,,,,,,48.61238176517109,EASTMAN RD,39.34380139640311,30.0,2,B,MEMPHIS,SHELBY,72109,39.343801394153935,City of Memphis,city_residual,city: no state-route overlap,EASTMAN RD,False,False,False,City of Memphis,True,,151.1,True,no_signal_coverage
300874593,2023-03-21,2023-03-21 19:58:00,2023,3,Tuesday,19,35.1364,-90.0123,Possible Injury,Pedestrian,Not Intersection-On Roadway Not In Crosswalk,Non-Junction,Dark-Not Lighted,Not Collision with Motor Vehicle in Transport,Pedestrian,1,True,UNION AVE,Principal Arterial,35.0,6.0,23,5.0,4.789465351720647,UNION AVE,0.2050990084569544,35.0,6,B,MEMPHIS,SHELBY,46785,0.2050990084569544,TDOT state route,state_route_overlap,"state route: 100% overlap, name=UNION",UNION AVE,False,False,False,TDOT state route,False,17454,1.9,True,
300875439,2023-03-21,2023-03-21 19:51:00,2023,3,Tuesday,19,35.136389,-90.012102,Fatal,Pedestrian,Intersection-On Roadway not in Crosswalk,Non-Junction,Dark-Not Lighted,Not Collision with Motor Vehicle in Transport,Pedestrian,1,True,UNION AVE,Principal Arterial,35.0,6.0,23,5.0,3.893781361960777,UNION AVE,0.697002401984803,35.0,6,B,MEMPHIS,SHELBY,46786,0.6970024022087988,TDOT state route,state_route_overlap,"state route: 100% overlap, name=UNION",UNION AVE,False,False,False,TDOT state route,True,17454,19.7,False,yes
300880044,2023-04-13,2023-04-13 18:15:00,2023,4,Thursday,18,35.21955,-90.019714,Suspected Serious Injury,Pedestrian,Not Intersection-On Roadway Not In Crosswalk,Non-Junction,Daylight,Not Collision with Motor Vehicle in Transport,Pedestrian,2,True,,,,,,,633.6922081122914,MADEWELL DR,9.49776854998523,30.0,2,B,MEMPHIS,SHELBY,27726,9.49776854861942,City of Memphis,city_residual,city: no state-route overlap,MADEWELL DR,False,False,False,City of Memphis,False,1536,791.0,True,
300879716,2023-04-12,2023-04-12 19:20:00,2023,4,Wednesday,19,35.233414,-89.96662,Suspected Serious Injury,Pedestrian,Not Intersection-On Roadway Not In Crosswalk,Non-Junction,Dark-Lighted,Not Collision with Motor Vehicle in Transport,Pedestrian,1,True,,,,,,,3719.372030467208,SAINT ELMO AVE,0.1922765538474777,35.0,2,B,MEMPHIS,SHELBY,3006,0.1922765551911725,City of Memphis,city_residual,city: no state-route overlap,SAINT ELMO AVE,False,False,False,City of Memphis,False,22349,4312.2,True,
300875686,2023-03-26,2023-03-26 16:55:00,2023,3,Sunday,16,35.216885,-90.03026,Suspected Serious Injury,Pedestrian,Not Intersection-On Roadway Not In Crosswalk,Intersection-Related,Daylight,Not Collision with Motor Vehicle in Transport,Pedestrian,1,True,THOMAS ST,,40.0,2.0,3,7.0,1.8470710670347965,FRAYSER BLVD,0.4952404768637196,35.0,2,B,MEMPHIS,SHELBY,8086,0.4952404768214689,City of Memphis,city_residual,city: no state-route overlap,FRAYSER BLVD,False,False,False,City of Memphis,False,13507,17.5,True,
300875440,2023-03-24,2023-03-24 19:05:00,2023,3,Friday,19,35.06031,-90.059875,Suspected Serious Injury,Pedestrian,Not Intersection-On Roadway Not In Crosswalk,Non-Junction,Dark-Lighted,Not Collision with Motor Vehicle in Transport,Pedestrian,1,True,,,,,,,34.935709416551944,E ROLLINS RD,30.340131593298672,30.0,2,B,MEMPHIS,SHELBY,72080,30.340131593298672,City of Memphis,city_residual,city: no state-route overlap,E ROLLINS RD,False,False,False,City of Memphis,False,,314.8,False,
300875441,2023-03-24,2023-03-24 19:06:00,2023,3,Friday,19,35.06031,-90.059875,Suspected Serious Injury,Pedestrian,Not Intersection-On Roadway Not In Crosswalk,Non-Junction,Dark-Lighted,Not Collision with Motor Vehicle in Transport,Pedestrian,1,True,,,,,,,34.935709416551944,E ROLLINS RD,30.340131593298672,30.0,2,B,MEMPHIS,SHELBY,72080,30.340131593298672,City of Memphis,city_residual,city: no state-route overlap,E ROLLINS RD,False,False,False,City of Memphis,False,,314.8,False,
300876593,2023-03-30,2023-03-30 16:50:00,2023,3,Thursday,16,35.22097,-89.909355,No Injury,Pedestrian,Intersection-On Roadway Crosswalk availability Unknown,Intersection-Related,Daylight,Not Collision with Motor Vehicle in Transport,Pedestrian,1,True,AUSTIN PEAY HWY,Principal Arterial,45.0,7.0,14,1.0,2.825632746179556,AUSTIN PEAY HWY,0.3169482305871651,45.0,7,B,MEMPHIS,SHELBY,48661,0.3169482296930619,TDOT state route,state_route_overlap,"state route: 100% overlap, name=AUSTIN PEAY",AUSTIN PEAY HWY,False,False,False,TDOT state route,True,,72.1,True,no_signal_coverage
300880304,2023-04-15,2023-04-15 11:20:00,2023,4,Saturday,11,35.133396,-89.98055,Suspected Serious Injury,Pedestrian,Not Intersection-Outside Traffic,Intersection,Daylight,Not Collision with Motor Vehicle in Transport,Pedestrian,1,True,UNION AVE,Principal Arterial,35.0,7.0,23,5.0,5.056229106128405,SAINT AGNES DR,0.2514138911867998,30.0,2,B,MEMPHIS,SHELBY,29407,0.251413891121978,City of Memphis,city_residual,city: no state-route overlap,SAINT AGNES DR,False,False,False,City of Memphis,False,21946,257.8,True,
300878657,2023-04-08,2023-04-08 15:00:00,2023,4,Saturday,15,35.093174,-89.977615,Suspected Minor Injury,Pedestrian,Not Intersection-On Roadway Not In Crosswalk,Non-Junction,Daylight,Not Collision with Motor Vehicle in Transport,Pedestrian,1,True,,,,,,,674.0651701802766,HUGENOT ST,9.100686682996985,35.0,2,B,MEMPHIS,SHELBY,82548,9.10068668299417,City of Memphis,city_residual,city: no state-route overlap,HUGENOT ST,False,False,False,City of Memphis,False,4939,706.5,True,
300876625,2023-03-29,2023-03-29 22:05:00,2023,3,Wednesday,22,35.078083,-90.0195,Possible Injury,Pedestrian,Not Intersection-On Roadway Not In Crosswalk,Non-Junction,Dark-Lighted,Not Collision with Motor Vehicle in Transport,Pedestrian,1,True,ELVIS PRESLEY BLVD,Minor Arterial,40.0,4.0,3,6.0,0.7868663802562404,E ALCY RD,0.2660507945210927,35.0,2,B,MEMPHIS,SHELBY,75728,0.2660507931108725,City of Memphis,city_residual,city: no state-route overlap,E ALCY RD,False,False,False,City of Memphis,False,10239,1.1,True,
300877778,2023-04-04,2023-04-04 20:20:00,2023,4,Tuesday,20,35.17464,-89.97544,Suspected Serious Injury,Pedestrian,Not Intersection-Unknown,SharedUsePathOrTrail,Dark-Lighted,Not Collision with Motor Vehicle in Transport,Pedestrian,1,True,,,,,,,1846.448552370146,CHELSEA AVE,0.3182920174418681,40.0,4,B,MEMPHIS,SHELBY,50733,0.3182920174418681,City of Memphis,city_residual,city: no state-route overlap,CHELSEA AVE,False,False,False,City of Memphis,False,6696,1696.3,True,
300875712,2023-03-25,2023-03-25 22:30:00,2023,3,Saturday,22,35.138195,-90.05444,Possible Injury,Pedestrian,Intersection-In Crosswalk,Intersection,Dark-Lighted,Not Collision with Motor Vehicle in Transport,Pedestrian,1,True,S SECOND ST,Minor Arterial,35.0,2.0,14,6.0,2.9458362255467905,DR MARTIN LUTHER KING JR AVE,0.2390395793437804,35.0,3,B,MEMPHIS,SHELBY,3325,0.2390395768611536,TDOT state route,state_route_overlap,"state route: 100% overlap, name=DR MARTIN LUTHER KING JR",DR MARTIN LUTHER KING JR AVE,False,False,False,TDOT state route,True,9952,225.8,False,no_signal_coverage
300873798,2023-03-17,2023-03-17 21:00:00,2023,3,Friday,21,35.110672,-90.0162,No Injury,Pedestrian,Not Intersection-Other Not On Roadway,Non-Junction,Dark-Lighted,Angle,Other,1,True,,,,,,,506.7414760568316,GLEASON AVE,15.989706951967758,30.0,2,B,MEMPHIS,SHELBY,5160,15.989706951967758,City of Memphis,city_residual,city: no state-route overlap,GLEASON AVE,False,False,False,City of Memphis,False,,227.5,False,
300880079,2023-04-14,2023-04-14 19:20:00,2023,4,Friday,19,35.14448,-90.021805,Suspected Minor Injury,Pedestrian,Intersection-On Roadway Crosswalk Not Available,AccelDecelLane,Daylight,Not Collision with Motor Vehicle in Transport,Pedestrian,1,True,,,,,,,780.1294485706305,POPLAR AVE,4.113093806496379,40.0,7,B,MEMPHIS,SHELBY,50390,4.113093805362419,City of Memphis,city_residual,city: no state-route overlap,POPLAR AVE,False,False,False,City of Memphis,True,,73.6,True,no_signal_coverage
300877478,2023-04-02,2023-04-02 14:06:00,2023,4,Sunday,14,35.189644,-89.92747,Suspected Serious Injury,Pedestrian,Not Intersection-Adjacent to Roadway,Non-Junction,Daylight,Angle,Other,1,True,JACKSON AVE,Principal Arterial,40.0,7.0,14,7.0,2.2347912199413007,JACKSON AVE,0.5802347316651127,40.0,7,B,MEMPHIS,SHELBY,46538,0.58023472925432,TDOT state route,state_route_overlap,"state route: 100% overlap, name=JACKSON",JACKSON AVE,False,False,False,TDOT state route,False,16679,559.4,True,
300874898,2023-03-22,2023-03-22 12:45:00,2023,3,Wednesday,12,35.20386,-89.82105,Suspected Serious Injury,Pedestrian,Intersection-On Roadway Crosswalk Not Available,Intersection-Related,Daylight,Not Collision with Motor Vehicle in Transport,Pedestrian,1,True,US HIGHWAY 64,Principal Arterial,45.0,6.0,15,1.0,4.986674638979345,US HIGHWAY 64,0.3216169279476005,45.0,6,B,BARTLETT,SHELBY,47486,0.321616927668599,TDOT state route,state_route_overlap,"state route: 100% overlap, name=US HIGHWAY 64",US HIGHWAY 64,False,False,False,TDOT state route,True,,559.3,True,no_signal_coverage
300878097,2023-04-06,2023-04-06 06:27:00,2023,4,Thursday,6,35.085983,-89.85877,Possible Injury,Pedestrian,Intersection-In Crosswalk,Intersection,Dawn,Not Collision with Motor Vehicle in Transport,Pedestrian,1,True,,,,,,,1182.873864420354,RIDGEWAY RD,0.1919258855344501,40.0,7,B,MEMPHIS,SHELBY,48870,0.1919258854796852,City of Memphis,city_residual,city: no state-route overlap,RIDGEWAY RD,False,False,False,City of Memphis,True,22649,17.6,False,yes
300875739,2023-03-26,2023-03-26 21:50:00,2023,3,Sunday,21,35.09989,-90.00228,Suspected Minor Injury,Pedestrian,Intersection-On Roadway Crosswalk Not Available,Non-Junction,Dark-Lighted,Not Collision with Motor Vehicle in Transport,Pedestrian,1,True,,,,,,,1447.3328053001694,E PERSON AVE,23.04782382179048,35.0,2,B,MEMPHIS,SHELBY,50494,23.04782382179048,City of Memphis,city_residual,city: no state-route overlap,E PERSON AVE,False,False,False,City of Memphis,True,,1080.9,True,no_signal_coverage
300875746,2023-03-25,2023-03-25 16:55:00,2023,3,Saturday,16,35.092495,-90.05615,Possible Injury,Pedestrian,Intersection-Not on Roadway,Intersection,Daylight,Not Collision with Motor Vehicle in Transport,Pedestrian,2,True,S THIRD ST,Principal Arterial,40.0,7.0,14,6.0,0.7180355902229851,S THIRD ST,0.0649882386240082,40.0,7,B,MEMPHIS,SHELBY,48136,0.0649882384478229,TDOT state route,state_route_overlap,"state route: 100% overlap, name=S THIRD",S THIRD ST,False,False,False,TDOT state route,True,10524,412.0,False,no
300876380,2023-03-29,2023-03-29 17:00:00,2023,3,Wednesday,17,35.05001,-89.90168,Possible Injury,Pedestrian,Not Intersection-On Roadway Not In Crosswalk,Non-Junction,Daylight,Not Collision with Motor Vehicle in Transport,Pedestrian,1,True,,,,,,,1738.4646345833935,OUTLAND RD,5.802731499647157,40.0,5,B,MEMPHIS,SHELBY,51864,5.802731499647157,City of Memphis,city_residual,city: no state-route overlap,OUTLAND RD,False,False,False,City of Memphis,False,,86.3,False,
300879505,2023-04-12,2023-04-12 18:30:00,2023,4,Wednesday,18,35.142204,-90.03157,Possible Injury,Pedestrian,Not Intersection-Outside Traffic,OtherLocation,Daylight,Not Collision with Motor Vehicle in Transport,Pedestrian,1,True,,,,,,,420.5362771524241,JEFFERSON AVE,47.13312526057278,40.0,4,B,MEMPHIS,SHELBY,7296,47.13312525950835,City of Memphis,city_residual,city: no state-route overlap,JEFFERSON AVE,False,False,False,City of Memphis,False,,370.7,False,
300876395,2023-03-29,2023-03-29 19:48:00,2023,3,Wednesday,19,35.175457,-89.96243,Possible Injury,Pedestrian,Intersection-On Roadway not in Crosswalk,Intersection,Dark-Lighted,Not Collision with Motor Vehicle in Transport,Pedestrian,1,True,,,,,,,1459.0911604216426,WARFORD ST,24.997210524189683,45.0,5,B,MEMPHIS,SHELBY,51142,24.99721052499841,City of Memphis,city_residual,city: no state-route overlap,WARFORD ST,False,False,False,City of Memphis,True,,1474.7,True,no_signal_coverage
300879516,2023-04-12,2023-04-12 18:00:00,2023,4,Wednesday,18,35.168312,-89.93514,Possible Injury,Pedestrian,Intersection-On Roadway not in Crosswalk,Intersection,Daylight,Not Collision with Motor Vehicle in Transport,Pedestrian,1,True,,,,,,,824.7379924141774,FLOWERS ST,20.81446783738688,30.0,2,B,MEMPHIS,SHELBY,84652,20.81446783738688,City of Memphis,city_residual,city: no state-route overlap,FLOWERS ST,False,False,False,City of Memphis,True,,1056.1,True,no_signal_coverage
300880995,2023-04-19,2023-04-19 05:15:00,2023,4,Wednesday,5,35.051125,-89.907745,Suspected Serious Injury,Pedestrian,Not Intersection-Adjacent to Roadway,Intersection-Related,Dark-Lighted,Not Collision with Motor Vehicle in Transport,Pedestrian,1,True,,,,,,,1254.8226421798602,WINCHESTER RD,0.2567894594073934,45.0,7,B,MEMPHIS,SHELBY,53023,0.2567894566598561,City of Memphis,city_residual,city: no state-route overlap,WINCHESTER RD,False,False,False,City of Memphis,False,23676,24.4,True,
300878161,2023-04-06,2023-04-06 11:00:00,2023,4,Thursday,11,35.150368,-90.05196,Possible Injury,Pedestrian,Intersection-In Crosswalk,Intersection,Daylight,Not Collision with Motor Vehicle in Transport,Pedestrian,1,True,,,,,,,223.0766186049701,POPLAR AVE,12.781977373100004,35.0,4,B,MEMPHIS,SHELBY,7473,12.78197737203154,City of Memphis,city_residual,city: no state-route overlap,POPLAR AVE,False,False,False,City of Memphis,True,20558,216.8,False,no
300878467,2023-04-07,2023-04-07 15:38:00,2023,4,Friday,15,35.236225,-89.98338,Possible Injury,Pedestrian,Not Intersection-On Roadway Not In Crosswalk,Non-Junction,Daylight,Not Collision with Motor Vehicle in Transport,Pedestrian,1,True,,,,,,,2291.6043612513336,MOUNTAIN TERRACE ST,25.51544517655557,30.0,2,B,MEMPHIS,SHELBY,80086,25.515445176545025,City of Memphis,city_residual,city: no state-route overlap,MOUNTAIN TERRACE ST,False,False,False,City of Memphis,False,,2776.1,False,
300864587,2023-01-27,2023-01-27 16:30:00,2023,1,Friday,16,35.232872,-89.99795,Possible Injury,Pedestrian,Not Intersection-Unknown,Intersection,Daylight,Not Collision with Motor Vehicle in Transport,Pedestrian,1,True,,,,,,,1412.9423465348325,LEWEIR ST,70.83938732004664,30.0,2,B,MEMPHIS,SHELBY,79949,70.83938732004664,City of Memphis,city_residual,city: no state-route overlap,LEWEIR ST,False,False,False,City of Memphis,False,,1494.0,False,
300866127,2023-02-09,2023-02-09 17:07:00,2023,2,Thursday,17,35.123005,-89.939285,Suspected Serious Injury,Pedestrian,Not Intersection-On Roadway Crosswalk Availability Unknown,AccelDecelLane,Daylight,Not Collision with Motor Vehicle in Transport,Pedestrian,1,True,,,,,,,383.81044463995215,INNOVATION DR,0.0638323800189023,30.0,2,B,MEMPHIS,SHELBY,29515,0.0638323802167733,City of Memphis,city_residual,city: no state-route overlap,INNOVATION DR,False,False,False,City of Memphis,False,6311,733.9,True,
300880191,2023-04-10,2023-04-10 16:00:00,2023,4,Monday,16,35.05204,-89.922226,Suspected Serious Injury,Pedestrian,Intersection-On Roadway Crosswalk availability Unknown,Intersection-Related,Daylight,Not Collision with Motor Vehicle in Transport,Pedestrian,1,True,,,,,,,273.6434637772095,GOODLETT RD,25.91084641923736,35.0,2,B,MEMPHIS,SHELBY,52800,25.910846419200816,City of Memphis,city_residual,city: no state-route overlap,GOODLETT RD,False,False,False,City of Memphis,True,,45.2,True,no_signal_coverage
300876719,2023-03-31,2023-03-31 07:00:00,2023,3,Friday,7,35.21745,-89.99367,Possible Injury,Pedestrian,Intersection-On Roadway not in Crosswalk,Intersection,Dawn,Not Collision with Motor Vehicle in Transport,Pedestrian,1,True,,,,,,,2715.563832111741,OVERTON CROSSING ST,21.04510503770793,40.0,5,B,MEMPHIS,SHELBY,79965,21.0451050384496,City of Memphis,city_residual,city: no state-route overlap,OVERTON CROSSING ST,False,False,False,City of Memphis,True,13499,2770.6,False,no
300877888,2023-04-01,2023-04-01 19:06:00,2023,4,Saturday,19,35.108456,-89.98326,Suspected Serious Injury,Pedestrian,Intersection-On Roadway not in Crosswalk,Intersection,Dawn,Not Collision with Motor Vehicle in Transport,Pedestrian,2,True,,,,,,,149.98880460599625,PARK AVE,0.1461006470338209,35.0,4,B,MEMPHIS,SHELBY,51017,0.1461006470487938,City of Memphis,city_residual,city: no state-route overlap,PARK AVE,False,False,False,City of Memphis,True,12254,149.0,False,no
300883690,2023-04-30,2023-04-30 21:30:00,2023,4,Sunday,21,35.020493,-89.93138,Suspected Serious Injury,Pedestrian,Not Intersection-On Roadway Not In Crosswalk,Intersection,Dark-Lighted,Not Collision with Motor Vehicle in Transport,Pedestrian,1,True,E SHELBY DR,Principal Arterial,45.0,7.0,175,3.0,17.808493459967785,E SHELBY DR,13.125180792028068,45.0,7,B,MEMPHIS,SHELBY,46410,13.125180788619168,TDOT state route,state_route_overlap,"state route: 100% overlap, name=E SHELBY",E SHELBY DR,False,False,False,TDOT state route,False,9348,485.4,True,
300887182,2023-05-16,2023-05-16 11:30:00,2023,5,Tuesday,11,35.16737,-89.93907,No Injury,Pedestrian,Not Intersection-Other Not On Roadway,Non-Junction,Daylight,Not Collision with Motor Vehicle in Transport,Other,2,True,,,,,,,636.7884202915016,HOMER ST,24.3835719201171,30.0,2,B,MEMPHIS,SHELBY,83238,24.383571920070427,City of Memphis,city_residual,city: no state-route overlap,HOMER ST,False,False,False,City of Memphis,False,,898.3,False,
300883187,2023-04-28,2023-04-28 14:00:00,2023,4,Friday,14,35.133823,-90.019356,Possible Injury,Pedestrian,Intersection-On Roadway not in Crosswalk,AccelDecelLane,Daylight,Not Collision with Motor Vehicle in Transport,Pedestrian,1,True,,,,,,,131.11641483180767,ALLEY,65.63471832246435,25.0,2,B,MEMPHIS,SHELBY,240,65.63471832354242,City of Memphis,city_residual,city: no state-route overlap,ALLEY,False,False,False,City of Memphis,True,,406.7,True,no_signal_coverage
300881771,2023-04-21,2023-04-21 18:49:00,2023,4,Friday,18,35.083454,-90.02569,Suspected Serious Injury,Pedestrian,Intersection-On Roadway not in Crosswalk,Non-Junction,Daylight,Not Collision with Motor Vehicle in Transport,Pedestrian,1,True,,,,,,,649.8630810089344,NORRIS RD,0.2932612253291314,40.0,5,B,MEMPHIS,SHELBY,50953,0.2932612266820145,City of Memphis,city_residual,city: no state-route overlap,NORRIS RD,False,False,False,City of Memphis,True,,49.4,True,no_signal_coverage
300886095,2023-05-04,2023-05-04 15:30:00,2023,5,Thursday,15,35.14951,-89.961494,Possible Injury,Pedestrian,Intersection-On Roadway not in Crosswalk,Intersection,Daylight,Not Collision with Motor Vehicle in Transport,Pedestrian,1,True,SUMMER AVE,Principal Arterial,35.0,5.0,1,5.0,4.379760083222899,TILLMAN ST,0.0948639028601961,30.0,2,B,MEMPHIS,SHELBY,82831,0.0948639028594762,City of Memphis,city_residual,city: no state-route overlap,TILLMAN ST,False,False,True,City of Memphis,True,24546,22.7,False,yes
300886894,2023-05-15,2023-05-15 09:33:00,2023,5,Monday,9,35.045006,-89.86637,Possible Injury,Pedestrian,Not Intersection-Adjacent to Roadway,AccelDecelLane,Daylight,Not Collision with Motor Vehicle in Transport,Pedestrian,2,True,,,,,,,2730.077532146185,MYERS RD,0.2722784570517453,30.0,2,B,MEMPHIS,SHELBY,76554,0.2722784570480522,City of Memphis,city_residual,city: no state-route overlap,MYERS RD,False,False,False,City of Memphis,False,15772,541.9,True,
300882927,2023-04-26,2023-04-26 20:32:00,2023,4,Wednesday,20,35.02035,-90.11504,Fatal,Pedestrian,Not Intersection-On Roadway Not In Crosswalk,SharedUsePathOrTrail,Dark-Not Lighted,Not Collision with Motor Vehicle in Transport,Pedestrian,1,True,,,,,,,1831.7998956271344,W SHELBY DR,19.54318625919867,35.0,2,B,MEMPHIS,SHELBY,26950,19.54318625814482,City of Memphis,city_residual,city: no state-route overlap,W SHELBY DR,False,False,False,City of Memphis,False,,1864.0,False,
300885805,2023-05-04,2023-05-04 17:06:00,2023,5,Thursday,17,35.070385,-89.84312,No Injury,Other Non-Motorist,Not Intersection-Unknown,Intersection,Dawn,Angle,Other,1,True,,,,,,,364.3680266616457,PRIVATE DR,41.52490193036893,25.0,2,B,MEMPHIS,SHELBY,35102,41.52490193104962,City of Memphis,city_residual,city: no state-route overlap,PRIVATE DR,False,False,False,City of Memphis,False,,367.7,False,
300886915,2023-05-15,2023-05-15 08:05:00,2023,5,Monday,8,35.173313,-89.79301,Suspected Minor Injury,Pedestrian,Intersection-In Crosswalk,Intersection,Daylight,Not Collision with Motor Vehicle in Transport,Pedestrian,1,True,N GERMANTOWN PKWY,Principal Arterial,50.0,6.0,177,1.0,0.6877599334041639,DEXTER RD,0.4442400477296758,35.0,4,B,MEMPHIS,SHELBY,49128,0.4442400449468233,City of Memphis,city_residual,city: no state-route overlap,DEXTER RD,False,False,True,City of Memphis,True,9547,34.2,False,no
300883776,2023-04-30,2023-04-30 10:20:00,2023,4,Sunday,10,35.083588,-89.88082,No Injury,Other Non-Motorist,Not Intersection-Adjacent to Roadway,Non-Junction,Daylight,Front to Rear,Other,1,True,,,,,,,451.7764123559363,240 E TO 385 E,1.00956408039387,45.0,2,FT,MEMPHIS,SHELBY,47710,1.0095640796508234,Interstate ramp (TDOT),interstate_ramp,interstate ramp: MTFCC S1630,240 E TO 385 E,True,False,False,Interstate ramp,False,,679.3,False,
300883794,2023-05-01,2023-05-01 13:02:00,2023,5,Monday,13,35.11925,-90.03312,Possible Injury,Pedestrian,Intersection-In Crosswalk,AccelDecelLane,Daylight,Not Collision with Motor Vehicle in Transport,Pedestrian,1,True,,,,,,,834.1197290314699,WALKER AVE,9.15402461884946,35.0,2,B,MEMPHIS,SHELBY,5067,9.154024618129576,City of Memphis,city_residual,city: no state-route overlap,WALKER AVE,False,False,False,City of Memphis,True,7548,938.5,False,no_signal_coverage
300885832,2023-05-10,2023-05-10 02:00:00,2023,5,Wednesday,2,35.145138,-90.031746,Possible Injury,Pedestrian,Not Intersection-Unknown,Non-Junction,Dark-Unknown Lighting,Not Collision with Motor Vehicle in Transport,Pedestrian,1,True,,,,,,,740.9813598882411,POPLAR AVE,34.890435608728744,40.0,7,B,MEMPHIS,SHELBY,50350,34.890435608334094,City of Memphis,city_residual,city: no state-route overlap,POPLAR AVE,False,False,False,City of Memphis,False,,97.7,False,
300882979,2023-04-27,2023-04-27 17:55:00,2023,4,Thursday,17,35.14949,-89.96524,Suspected Serious Injury,Pedestrian,Not Intersection-On Roadway Not In Crosswalk,Non-Junction,Daylight,Not Collision with Motor Vehicle in Transport,Pedestrian,1,True,SUMMER AVE,Principal Arterial,35.0,5.0,1,5.0,13.063300450973047,LESTER ST,4.449412205411543,30.0,2,B,MEMPHIS,SHELBY,82768,4.44941220549505,City of Memphis,city_residual,city: no state-route overlap,LESTER ST,False,False,False,City of Memphis,False,18361,363.2,True,
300882415,2023-04-25,2023-04-25 05:23:00,2023,4,Tuesday,5,35.02104,-89.98982,Possible Injury,Pedestrian,Intersection-On Roadway not in Crosswalk,AccelDecelLane,Dark-Not Lighted,Not Collision with Motor Vehicle in Transport,Pedestrian,1,True,E SHELBY DR,Principal Arterial,40.0,7.0,175,3.0,5.227872065290232,AIRWAYS BLVD,0.3459765279712413,45.0,7,B,MEMPHIS,SHELBY,53447,0.3459765279704946,City of Memphis,city_residual,city: no state-route overlap,AIRWAYS BLVD,False,False,False,City of Memphis,True,297,24.9,False,yes
300883849,2023-05-01,2023-05-01 17:42:00,2023,5,Monday,17,35.115032,-90.02167,Possible Injury,Pedestrian,Not Intersection-In Parking Lane,Intersection,Daylight,Not Collision with Motor Vehicle in Transport,Pedestrian,1,True,S BELLEVUE BLVD,Minor Arterial,35.0,5.0,3,4.0,0.2592798869869621,S BELLEVUE BLVD,0.6733476929207506,35.0,5,B,MEMPHIS,SHELBY,46965,0.6733476930183874,TDOT state route,state_route_overlap,"state route: 100% overlap, name=S BELLEVUE",S BELLEVUE BLVD,False,False,False,TDOT state route,False,,668.3,False,
300882747,2023-04-26,2023-04-26 17:37:00,2023,4,Wednesday,17,35.135654,-89.96237,Possible Injury,Pedestrian,Intersection-On Roadway not in Crosswalk,Intersection-Related,Dawn,Not Collision with Motor Vehicle in Transport,Pedestrian,1,True,WALNUT GROVE RD,Minor Arterial,35.0,5.0,23,5.0,4.942329606597582,TILLMAN ST,0.3566738060974942,35.0,4,B,MEMPHIS,SHELBY,51109,0.3566738060974942,City of Memphis,city_residual,city: no state-route overlap,TILLMAN ST,False,False,True,City of Memphis,True,24789,260.8,False,no
300886211,2023-05-12,2023-05-12 02:00:00,2023,5,Friday,2,35.061047,-90.03236,Possible Injury,Pedestrian,Not Intersection-On Roadway Not In Crosswalk,Non-Junction,Dark-Lighted,Not Collision with Motor Vehicle in Transport,Pedestrian,1,True,,,,,,,774.4398231757965,DOGWOOD LN,62.69375377334878,30.0,2,B,MEMPHIS,SHELBY,42201,62.69375377436665,City of Memphis,city_residual,city: no state-route overlap,DOGWOOD LN,False,False,False,City of Memphis,False,,749.8,False,