MstrRecNbrTxt,CollisionDate,CollisionDteTime,YearNmb,Month,DayOfWeek,Hour,Latitude,Longitude,InjuryClass,PersonType,NonMotoristLocation,RelationToJunction,LightCondition,MannerOfCollision,FirstHarmfulEvent,VictimsInCrash,InMemphis,StateRoute_NAME,StateRoute_F_System,StateRoute_SPDLIMIT,StateRoute_LANES,StateRoute_ALTNAME_1,StateRoute_Council_District,DistToStateRoute_m,Street_Name,DistToStreet_m,Street_SPDLIMIT,Street_LANES,Street_ONEWAY,Street_CITY_L,Street_COUNTY_L,Seg_OBJECTID,DistToSeg_m,Ownership,Rule_Fired,Classification_Basis,Matched_Street,is_limited_access,is_override,is_corner_case,Jurisdiction_prev,at_intersection,intersection_node_id,nearest_ped_signal_m,is_ambiguous_intersection,intersection_signalized
300886213,2023-05-12,2023-05-12 03:03:00,2023,5,Friday,3,35.123184,-89.945435,Possible Injury,Pedestrian,Not Intersection-Unknown,Non-Junction,Dark-Lighted,Not Collision with Motor Vehicle in Transport,Pedestrian,1,True,,,,,,,503.8738062172139,S HIGHLAND ST,0.1497153507671754,35.0,5,B,MEMPHIS,SHELBY,51227,0.1497153507669641,City of Memphis,city_residual,city: no state-route overlap,S HIGHLAND ST,False,False,False,City of Memphis,False,6303,492.5,True,
300882167,2023-04-24,2023-04-24 08:10:00,2023,4,Monday,8,35.097244,-89.93988,No Injury,Pedestrian,Not Intersection-Unknown,Unknown,Daylight,HeadOn,Other,1,True,,,,,,,2017.459557894182,BARRON AVE,0.2304172263670851,30.0,2,B,MEMPHIS,SHELBY,5794,0.2304172263670851,City of Memphis,city_residual,city: no state-route overlap,BARRON AVE,False,False,False,City of Memphis,False,2305,1903.1,True,
300884189,2023-04-30,2023-04-30 01:00:00,2023,4,Sunday,1,35.084129,-89.889633,Possible Injury,Pedestrian,Intersection-Not on Roadway,Non-Junction,Dark-Lighted,Not Collision with Motor Vehicle in Transport,Pedestrian,1,True,,,,,,,1226.0700920209035,INTERSTATE 240 W,1.8438147863837315,65.0,3,TF,MEMPHIS,SHELBY,39793,1.8438147870155248,Interstate (TDOT),interstate_mainline,interstate: MTFCC S1100,INTERSTATE 240 W,True,False,False,Interstate (TDOT),True,,255.5,True,no_signal_coverage
300884824,2023-05-05,2023-05-05 21:00:00,2023,5,Friday,21,35.128174,-90.02656,Possible Injury,Pedestrian,Not Intersection-On Roadway Not In Crosswalk,AccelDecelLane,Dark-Lighted,Not Collision with Motor Vehicle in Transport,Pedestrian,1,True,,,,,,,339.20356708600536,PRIVATE DR,14.062815578659574,30.0,2,B,MEMPHIS,SHELBY,35410,14.062815578569316,City of Memphis,city_residual,city: no state-route overlap,PRIVATE DR,False,False,False,City of Memphis,False,,401.6,False,
300883632,2023-04-30,2023-04-30 16:49:00,2023,4,Sunday,16,35.036205,-90.1047,Fatal,Pedestrian,Intersection-On Roadway Crosswalk Not Available,Intersection,Daylight,Not Collision with Motor Vehicle in Transport,Pedestrian,1,True,,,,,,,2271.6741023848263,TAHOE RD,22.44672738980538,30.0,2,B,MEMPHIS,SHELBY,76916,22.44672739251719,City of Memphis,city_residual,city: no state-route overlap,TAHOE RD,False,False,False,City of Memphis,True,19358,2282.3,False,no_signal_coverage
300883634,2023-04-30,2023-04-30 13:30:00,2023,4,Sunday,13,35.184483,-89.9309,Possible Injury,Pedestrian,Not Intersection-On Roadway Not In Crosswalk,Intersection-Related,Daylight,Not Collision with Motor Vehicle in Transport,Pedestrian,1,True,,,,,,,62.02245407450655,JACKSON AVE,59.23539798426891,40.0,7,B,MEMPHIS,SHELBY,48212,59.23539798431529,TDOT state route,state_route_overlap,"state route: 100% overlap, name=JACKSON",JACKSON AVE,False,False,False,TDOT state route,False,,107.7,False,
300885689,2023-05-09,2023-05-09 17:19:00,2023,5,Tuesday,17,35.211357,-89.918915,Suspected Minor Injury,Pedestrian,Not Intersection-Adjacent to Roadway,OtherLocation,Daylight,Angle,Other,1,True,AUSTIN PEAY HWY,,50.0,3.0,14,1.0,0.5969438634319845,AUSTIN PEAY HWY,0.0038971965457001,50.0,3,TF,MEMPHIS,SHELBY,47642,0.0038971969212297,City of Memphis,city_residual,city: no state-route overlap,AUSTIN PEAY HWY,False,False,False,City of Memphis,False,1704,19.9,True,
300873442,2023-03-16,2023-03-16 04:59:00,2023,3,Thursday,4,35.068768,-89.96913,Fatal,Pedestrian,Intersection-On Roadway Crosswalk availability Unknown,Intersection,Dark-Lighted,Not Collision with Motor Vehicle in Transport,Pedestrian,1,True,,,,,,,1779.4498281343597,DEMOCRAT RD,36.40056010930375,45.0,5,B,MEMPHIS,SHELBY,53687,36.40056011213965,City of Memphis,city_residual,city: no state-route overlap,DEMOCRAT RD,False,False,False,City of Memphis,True,,55.4,True,no_signal_coverage
300883914,2023-05-01,2023-05-01 22:40:00,2023,5,Monday,22,35.128716,-90.02108,Suspected Minor Injury,Pedestrian,Intersection-On Roadway not in Crosswalk,Intersection,Dark-Lighted,Not Collision with Motor Vehicle in Transport,Pedestrian,1,True,S BELLEVUE BLVD,Minor Arterial,35.0,4.0,3,6.0,0.1613578382113724,LAMAR AVE,0.364993029068438,40.0,7,B,MEMPHIS,SHELBY,47391,0.3649930302199551,TDOT state route,state_route_overlap,"state route: 100% overlap, name=LAMAR",LAMAR AVE,False,False,False,TDOT state route,True,17995,150.5,False,no
300881360,2023-04-20,2023-04-20 15:45:00,2023,4,Thursday,15,35.15624,-90.02306,Possible Injury,Pedestrian,Intersection-In Crosswalk,Intersection,Daylight,Not Collision with Motor Vehicle in Transport,Pedestrian,1,True,,,,,,,140.6321142621142,GREENLAW AVE,22.222246280486708,30.0,2,B,MEMPHIS,SHELBY,3737,22.222246280486708,City of Memphis,city_residual,city: no state-route overlap,GREENLAW AVE,False,False,False,City of Memphis,True,,121.1,True,no_signal_coverage
300885717,2023-05-09,2023-05-09 15:30:00,2023,5,Tuesday,15,35.15953,-90.026505,Possible Injury,Pedestrian,Not Intersection-On Roadway Not In Crosswalk,Non-Junction,Daylight,"Sideswipe, Opposite Direction",Other,1,True,,,,,,,258.677216884228,HASTINGS ST,0.3903067029957662,30.0,2,B,MEMPHIS,SHELBY,80889,0.3903067033040474,City of Memphis,city_residual,city: no state-route overlap,HASTINGS ST,False,False,False,City of Memphis,False,15323,317.6,True,
300885125,2023-05-06,2023-05-06 14:55:00,2023,5,Saturday,14,35.104343,-90.009415,Possible Injury,Pedestrian,Intersection-On Roadway not in Crosswalk,Intersection,Daylight,Not Collision with Motor Vehicle in Transport,Pedestrian,1,True,,,,,,,947.1017940908438,CANE MEADOW CIR,15.928819808829076,30.0,2,B,MEMPHIS,SHELBY,9888,15.928819808829076,City of Memphis,city_residual,city: no state-route overlap,CANE MEADOW CIR,False,False,False,City of Memphis,True,5526,981.7,False,no_signal_coverage
300881376,2023-04-19,2023-04-19 21:15:00,2023,4,Wednesday,21,35.138245,-90.00941,Possible Injury,Pedestrian,Not Intersection-On Roadway Not In Crosswalk,Non-Junction,Dark-Lighted,Not Collision with Motor Vehicle in Transport,Pedestrian,1,True,,,,,,,229.2227628318616,MADISON AVE,0.0171067331268222,35.0,3,B,MEMPHIS,SHELBY,50443,0.0171067331268222,City of Memphis,city_residual,city: no state-route overlap,MADISON AVE,False,False,False,City of Memphis,False,,334.0,False,
300881379,2023-04-20,2023-04-20 15:21:00,2023,4,Thursday,15,35.100845,-90.016815,Suspected Minor Injury,Pedestrian,Intersection-On Roadway Crosswalk Not Available,Intersection,Daylight,Not Collision with Motor Vehicle in Transport,Pedestrian,1,True,,,,,,,177.98696988015993,E PERSON AVE,0.1134886087346628,35.0,4,B,MEMPHIS,SHELBY,50983,0.1134886081891468,City of Memphis,city_residual,city: no state-route overlap,E PERSON AVE,False,False,False,City of Memphis,True,,397.8,True,no_signal_coverage
300887796,2023-05-18,2023-05-18 19:01:00,2023,5,Thursday,19,35.001698,-89.9577,Possible Injury,Pedestrian,Not Intersection-On Roadway Not In Crosswalk,Non-Junction,Dawn,Not Collision with Motor Vehicle in Transport,Pedestrian,1,True,,,,,,,1907.9727581209672,SPUTNIK DR,26.46825140944148,30.0,2,B,MEMPHIS,SHELBY,25935,26.468251408586088,City of Memphis,city_residual,city: no state-route overlap,SPUTNIK DR,False,False,False,City of Memphis,False,,2109.5,False,
300889442,2023-05-26,2023-05-26 01:16:00,2023,5,Friday,1,35.11612,-89.969864,Suspected Serious Injury,Pedestrian,Not Intersection-On Roadway Not In Crosswalk,Unknown,Dark-Lighted,Not Collision with Motor Vehicle in Transport,Pedestrian,1,True,,,,,,,1331.4333182837845,JOSEPHINE ST,23.86565925293956,35.0,2,B,MEMPHIS,SHELBY,82714,23.86565925297449,City of Memphis,city_residual,city: no state-route overlap,JOSEPHINE ST,False,False,False,City of Memphis,False,,1351.4,False,
300889892,2023-05-24,2023-05-24 00:00:00,2023,5,Wednesday,99,35.167114,-89.9454,Possible Injury,Pedestrian,Not Intersection-Other Not On Roadway,Intersection,Dawn,"Sideswipe, Opposite Direction",Other,1,True,,,,,,,281.7541181001424,VERNON AVE,0.4031298883600003,30.0,2,B,MEMPHIS,SHELBY,5776,0.403129888322384,City of Memphis,city_residual,city: no state-route overlap,VERNON AVE,False,False,False,City of Memphis,False,21079,765.0,True,
300890107,2023-05-31,2023-05-31 04:02:00,2023,5,Wednesday,4,35.062046,-89.91006,Possible Injury,Pedestrian,Intersection-On Roadway Crosswalk availability Unknown,Intersection,Dark-Lighted,Not Collision with Motor Vehicle in Transport,Pedestrian,1,True,,,,,,,1843.2127154282348,KNIGHT RD,35.35441284579829,35.0,2,B,MEMPHIS,SHELBY,71207,35.35441284591943,City of Memphis,city_residual,city: no state-route overlap,KNIGHT RD,False,False,False,City of Memphis,True,,409.9,True,no_signal_coverage
300865709,2023-02-07,2023-02-07 19:46:00,2023,2,Tuesday,19,35.13095,-89.86776,Fatal,Pedestrian,Not Intersection-On Roadway Crosswalk not Available,Non-Junction,Dark-Lighted,Not Collision with Motor Vehicle in Transport,Pedestrian,1,True,WALNUT GROVE RD,Minor Arterial,40.0,6.0,23,5.0,4.897919657560549,WALNUT GROVE RD,0.2402138884598577,40.0,6,B,MEMPHIS,SHELBY,47708,0.2402138884598577,TDOT state route,state_route_overlap,"state route: 100% overlap, name=WALNUT GROVE",WALNUT GROVE RD,False,False,False,TDOT state route,False,,106.9,False,
300861906,2023-01-19,2023-01-19 18:26:00,2023,1,Thursday,18,35.04917,-89.83001,Suspected Serious Injury,Pedestrian,Not Intersection-On Roadway Not In Crosswalk,Non-Junction,Dark-Unknown Lighting,Not Collision with Motor Vehicle in Transport,Pedestrian,1,True,,,,,,,536.2340062107872,RIVERDALE RD,0.4472952746157089,45.0,6,B,MEMPHIS,SHELBY,51968,0.4472952746161206,City of Memphis,city_residual,city: no state-route overlap,RIVERDALE RD,False,False,False,City of Memphis,False,23127,25.4,True,
300888463,2023-05-21,2023-05-21 10:00:00,2023,5,Sunday,10,35.087784,-89.96907,Suspected Serious Injury,Pedestrian,Intersection-On Roadway not in Crosswalk,Non-Junction,Daylight,Not Collision with Motor Vehicle in Transport,Pedestrian,1,True,,,,,,,391.9249514401141,MONTAGUE AVE,21.562794200870613,30.0,2,B,MEMPHIS,SHELBY,5387,21.562794200870613,City of Memphis,city_residual,city: no state-route overlap,MONTAGUE AVE,False,False,False,City of Memphis,True,,386.4,True,no_signal_coverage
300889493,2023-05-25,2023-05-25 22:15:00,2023,5,Thursday,22,35.134224,-89.98875,Possible Injury,Pedestrian,Intersection-In Crosswalk,Intersection,Dark-Lighted,Not Collision with Motor Vehicle in Transport,Pedestrian,1,True,UNION AVE,Principal Arterial,35.0,6.0,23,5.0,19.99073857537406,UNION AVE,24.598125880879987,35.0,6,B,MEMPHIS,SHELBY,46845,24.598125881546736,TDOT state route,state_route_overlap,"state route: 100% overlap, name=UNION",UNION AVE,False,False,False,TDOT state route,True,,148.1,True,no_signal_coverage
300889027,2023-05-24,2023-05-24 16:00:00,2023,5,Wednesday,16,35.074326,-89.871605,Possible Injury,Pedestrian,Intersection-On Roadway Crosswalk Not Available,Intersection-Related,Daylight,Not Collision with Motor Vehicle in Transport,Pedestrian,2,True,,,,,,,432.0611283342378,MOUNT MORIAH ROAD EXT,0.2450475520792341,40.0,7,B,MEMPHIS,SHELBY,49433,0.2450475535108222,City of Memphis,city_residual,city: no state-route overlap,MOUNT MORIAH ROAD EXT,False,False,False,City of Memphis,True,,335.4,True,no_signal_coverage
300889749,2023-05-28,2023-05-28 20:00:00,2023,5,Sunday,20,35.108067,-89.969696,Suspected Minor Injury,Pedestrian,Not Intersection-On Roadway Not In Crosswalk,Non-Junction,Dark-Lighted,Not Collision with Motor Vehicle in Transport,Pedestrian,1,True,,,,,,,1090.5999809914656,PARK AVE,0.3804193903314367,35.0,4,B,MEMPHIS,SHELBY,51049,0.3804193903181437,City of Memphis,city_residual,city: no state-route overlap,PARK AVE,False,False,False,City of Memphis,False,21852,1386.3,True,
300889043,2023-05-24,2023-05-24 16:19:00,2023,5,Wednesday,16,35.131836,-90.0311,Suspected Serious Injury,Pedestrian,Not Intersection-On Roadway Not In Crosswalk,AccelDecelLane,Daylight,Not Collision with Motor Vehicle in Transport,Pedestrian,1,True,E E H CRUMP BLVD,Principal Arterial,40.0,6.0,4,6.0,4.72711541312517,E E H CRUMP BLVD,0.0808809500155531,40.0,6,B,MEMPHIS,SHELBY,48111,0.0808809500155531,TDOT state route,state_route_overlap,"state route: 100% overlap, name=E E H CRUMP",E E H CRUMP BLVD,False,False,False,TDOT state route,False,10465,2.3,True,
300889533,2023-05-26,2023-05-26 21:15:00,2023,5,Friday,21,35.085995,-89.96237,Possible Injury,Pedestrian,Intersection-On Roadway Crosswalk availability Unknown,Intersection-Related,Dark-Not Lighted,Not Collision with Motor Vehicle in Transport,Pedestrian,1,True,LAMAR AVE,Principal Arterial,40.0,5.0,4,4.0,3.2955919255992128,SEMMES ST,0.2076480411248226,30.0,5,B,MEMPHIS,SHELBY,82735,0.2076480411321189,City of Memphis,city_residual,city: no state-route overlap,SEMMES ST,False,False,True,City of Memphis,True,17982,15.5,False,yes
300869204,2023-02-24,2023-02-24 16:38:00,2023,2,Friday,16,35.081142,-89.99122,Possible Injury,Pedestrian,Not Intersection-Other Not On Roadway,Intersection,Daylight,Not Collision with Motor Vehicle in Transport,Other,1,True,,,,,,,2465.122345344643,BALL RD,0.7192496717713114,40.0,4,B,MEMPHIS,SHELBY,52311,0.7192496717560503,City of Memphis,city_residual,city: no state-route overlap,BALL RD,False,False,False,City of Memphis,False,2058,623.2,True,
300890961,2023-06-04,2023-06-04 02:20:00,2023,6,Sunday,2,35.141262,-90.055725,Possible Injury,Pedestrian,Intersection-In Crosswalk,Intersection,Dark-Lighted,Not Collision with Motor Vehicle in Transport,Pedestrian,1,True,,,,,,,235.7354679663576,PEABODY PL,0.922697921809676,30.0,2,B,MEMPHIS,SHELBY,55577,0.9226979221669392,City of Memphis,city_residual,city: no state-route overlap,PEABODY PL,False,False,False,City of Memphis,True,22009,436.8,False,no_signal_coverage
300894274,2023-06-20,2023-06-20 22:54:00,2023,6,Tuesday,22,35.118996,-89.89572,No Injury,Pedestrian,Not Intersection-Other Not On Roadway,OtherLocation,Dark-Lighted,Not Collision with Motor Vehicle in Transport,Other,1,True,,,,,,,627.3172950480547,DEVONSHIRE AVE,28.71679596169409,30.0,2,B,MEMPHIS,SHELBY,6337,28.716795965821383,City of Memphis,city_residual,city: no state-route overlap,DEVONSHIRE AVE,False,False,False,City of Memphis,False,,641.4,False,
300893034,2023-06-14,2023-06-14 14:19:00,2023,6,Wednesday,14,35.128716,-90.02108,Possible Injury,Pedestrian,Not Intersection-On Roadway Not In Crosswalk,AccelDecelLane,Daylight,Not Collision with Motor Vehicle in Transport,Pedestrian,1,True,S BELLEVUE BLVD,Minor Arterial,35.0,4.0,3,6.0,0.1613578382113724,LAMAR AVE,0.364993029068438,40.0,7,B,MEMPHIS,SHELBY,47391,0.3649930302199551,TDOT state route,state_route_overlap,"state route: 100% overlap, name=LAMAR",LAMAR AVE,False,False,False,TDOT state route,False,17995,150.5,True,
300892265,2023-06-11,2023-06-11 00:00:00,2023,6,Sunday,99,35.16209,-89.91707,Possible Injury,Pedestrian,Not Intersection-Outside Traffic,Intersection,Unknown,Unknown,Other,1,True,,,,,,,1457.6639980715925,MACON RD,8.38873260251977,40.0,4,B,MEMPHIS,SHELBY,51423,8.388732602910618,City of Memphis,city_residual,city: no state-route overlap,MACON RD,False,False,False,City of Memphis,False,18857,1450.7,True,
300892030,2023-06-06,2023-06-06 19:11:00,2023,6,Tuesday,19,35.20584,-89.913925,Possible Injury,Pedestrian,Intersection-On Roadway not in Crosswalk,Intersection,Daylight,Not Collision with Motor Vehicle in Transport,Pedestrian,1,True,STAGE RD,Principal Arterial,45.0,6.0,15,1.0,5.017184342605892,STAGE RD,0.3881955683301575,45.0,6,B,MEMPHIS,SHELBY,46562,0.3881955698066095,TDOT state route,state_route_overlap,"state route: 100% overlap, name=STAGE",STAGE RD,False,False,False,TDOT state route,True,7525,17.8,False,yes
300872217,2023-03-09,2023-03-09 18:57:00,2023,3,Thursday,18,35.013317,-89.84866,Suspected Serious Injury,Pedestrian,Not Intersection-On Roadway Not In Crosswalk,Non-Junction,Dark-Lighted,Not Collision with Motor Vehicle in Transport,Pedestrian,1,True,,,,,,,790.4155858757538,CRUMPLER RD,0.8845405138185862,45.0,2,B,MEMPHIS,SHELBY,51909,0.8845405138203385,City of Memphis,city_residual,city: no state-route overlap,CRUMPLER RD,False,False,False,City of Memphis,False,,765.0,False,
300891777,2023-06-07,2023-06-07 21:20:00,2023,6,Wednesday,21,35.076996,-89.98512,Unknown,Pedestrian,Not Intersection-On Roadway Not In Crosswalk,Non-Junction,Dark-Lighted,Not Collision with Motor Vehicle in Transport,Pedestrian,1,True,,,,,,,2269.2405556273225,INTERSTATE 240 W,1.3464633417283998,65.0,4,TF,MEMPHIS,SHELBY,39479,1.3464633417283998,Interstate (TDOT),interstate_mainline,interstate: MTFCC S1100,INTERSTATE 240 W,True,False,False,Interstate (TDOT),False,,243.6,False,
300876543,2023-03-29,2023-03-29 19:43:00,2023,3,Wednesday,19,35.10074,-89.96993,Suspected Serious Injury,Pedestrian,Intersection-On Roadway Crosswalk Not Available,Intersection-Related,Dark-Lighted,Not Collision with Motor Vehicle in Transport,Pedestrian,1,True,,,,,,,409.0653610414674,PENDLETON ST,0.0287790261856118,40.0,4,B,MEMPHIS,SHELBY,82650,0.0287790261612667,City of Memphis,city_residual,city: no state-route overlap,PENDLETON ST,False,False,False,City of Memphis,True,2325,581.0,False,no
300863821,2023-01-29,2023-01-29 17:40:00,2023,1,Sunday,17,35.05482,-89.92932,Fatal,Pedestrian,Not Intersection-On Roadway Not In Crosswalk,Non-Junction,Dark-Lighted,Not Collision with Motor Vehicle in Transport,Pedestrian,1,True,,,,,,,30.121890042861253,LAMAR AVE,33.24881500423025,40.0,4,B,MEMPHIS,SHELBY,46420,33.24881500508124,TDOT state route,state_route_overlap,"state route: 100% overlap, name=LAMAR",LAMAR AVE,False,False,False,TDOT state route,False,,430.0,False,
300893336,2023-06-15,2023-06-15 08:24:00,2023,6,Thursday,8,35.21066,-90.025536,Possible Injury,Pedestrian,Intersection-On Roadway Crosswalk Not Available,Intersection,Daylight,Not Collision with Motor Vehicle in Transport,Pedestrian,1,True,,,,,,,623.071079886447,MADEWELL DR,6.064448464136092,30.0,2,B,MEMPHIS,SHELBY,32350,6.064448464162098,City of Memphis,city_residual,city: no state-route overlap,MADEWELL DR,False,False,False,City of Memphis,True,,607.5,True,no_signal_coverage
300892821,2023-06-09,2023-06-09 21:15:00,2023,6,Friday,21,35.09124,-89.899216,Possible Injury,Pedestrian,Intersection-Unknown,Intersection,Dark-Lighted,Not Collision with Motor Vehicle in Transport,Pedestrian,1,True,,,,,,,2213.79705149534,QUINCE RD,0.0786856899893289,40.0,4,B,MEMPHIS,SHELBY,51540,0.0786856899855238,City of Memphis,city_residual,city: no state-route overlap,QUINCE RD,False,False,False,City of Memphis,True,16627,885.0,False,no
300890314,2023-05-31,2023-05-31 22:29:00,2023,5,Wednesday,22,35.1069,-90.02119,Possible Injury,Pedestrian,Intersection-On Roadway Crosswalk availability Unknown,Intersection,Dark-Lighted,Not Collision with Motor Vehicle in Transport,Pedestrian,1,True,ELVIS PRESLEY BLVD,Minor Arterial,40.0,4.0,3,4.0,1.141694593306949,KERR AVE,0.0553073224531724,35.0,3,B,MEMPHIS,SHELBY,5121,0.0553073224529378,City of Memphis,city_residual,city: no state-route overlap,KERR AVE,False,False,True,City of Memphis,True,12033,1.2,False,yes
300893873,2023-06-18,2023-06-18 21:10:00,2023,6,Sunday,21,35.1949,-89.83339,Suspected Minor Injury,Pedestrian,Not Intersection-On Roadway Not In Crosswalk,Non-Junction,Dark-Lighted,Not Collision with Motor Vehicle in Transport,Pedestrian,1,True,,,,,,,1145.459808526624,COUNTRY HAVEN DR,26.53530376897768,30.0,2,B,MEMPHIS,SHELBY,32477,26.53530376794476,City of Memphis,city_residual,city: no state-route overlap,COUNTRY HAVEN DR,False,False,False,City of Memphis,False,,803.3,False,
300893100,2023-06-15,2023-06-15 02:00:00,2023,6,Thursday,2,35.156994,-90.03326,Possible Injury,Pedestrian,Intersection-On Roadway not in Crosswalk,AccelDecelLane,Dark-Lighted,Not Collision with Motor Vehicle in Transport,Pedestrian,1,True,JACKSON AVE,Principal Arterial,35.0,4.0,14,7.0,4.730803507420464,JACKSON AVE,0.1172341736130259,35.0,4,B,MEMPHIS,SHELBY,46706,0.1172341736130259,TDOT state route,state_route_overlap,"state route: 100% overlap, name=JACKSON",JACKSON AVE,False,False,False,TDOT state route,True,16684,1.4,False,yes
300891062,2023-06-05,2023-06-05 00:15:00,2023,6,Monday,0,35.040165,-90.03468,Suspected Serious Injury,Pedestrian,Not Intersection-On Roadway Not In Crosswalk,Non-Junction,Dark-Lighted,Not Collision with Motor Vehicle in Transport,Pedestrian,1,True,,,,,,,870.2246233825533,AUBURN RD,26.37339804995673,35.0,2,B,MEMPHIS,SHELBY,72310,26.37339804995673,City of Memphis,city_residual,city: no state-route overlap,AUBURN RD,False,False,False,City of Memphis,False,,971.1,False,
300893127,2023-06-14,2023-06-14 10:35:00,2023,6,Wednesday,10,35.15142,-89.910805,Possible Injury,Pedestrian,Intersection-Unknown,Non-Junction,Daylight,Not Collision with Motor Vehicle in Transport,Pedestrian,1,True,,,,,,,288.5149398560277,TUTWILER AVE,23.175534317863388,35.0,2,B,MEMPHIS,SHELBY,6140,23.17553431803583,City of Memphis,city_residual,city: no state-route overlap,TUTWILER AVE,False,False,False,City of Memphis,True,,299.6,True,no_signal_coverage
300894406,2023-06-21,2023-06-21 17:47:00,2023,6,Wednesday,17,35.057674,-89.933235,Possible Injury,Pedestrian,Not Intersection-On Roadway Not In Crosswalk,AccelDecelLane,Daylight,Not Collision with Motor Vehicle in Transport,Pedestrian,1,True,LAMAR AVE,Principal Arterial,40.0,6.0,4,4.0,11.73702303300814,LAMAR AVE,8.6476813227474,40.0,6,B,MEMPHIS,SHELBY,46416,8.647681323672089,TDOT state route,state_route_overlap,"state route: 100% overlap, name=LAMAR",LAMAR AVE,False,False,False,TDOT state route,False,,54.6,False,
300891647,2023-06-07,2023-06-07 20:40:00,2023,6,Wednesday,20,35.14941,-89.94455,Possible Injury,Pedestrian,Not Intersection-On Roadway Not In Crosswalk,Intersection-Related,Dark-Lighted,Not Collision with Motor Vehicle in Transport,Pedestrian,1,True,SUMMER AVE,Principal Arterial,35.0,5.0,1,5.0,10.87375083560118,N HIGHLAND ST,2.600271624909963,40.0,5,B,MEMPHIS,SHELBY,52440,2.6002716249093227,City of Memphis,city_residual,city: no state-route overlap,N HIGHLAND ST,False,False,False,City of Memphis,False,20638,3.0,True,
300893681,2023-06-18,2023-06-18 00:30:00,2023,6,Sunday,0,35.139973,-90.05351,Possible Injury,Pedestrian,Intersection-In Crosswalk,Intersection,Dark-Lighted,Not Collision with Motor Vehicle in Transport,Pedestrian,1,True,S SECOND ST,Minor Arterial,35.0,3.0,14,6.0,1.2449446033147828,BEALE ST,0.1066992231248587,30.0,2,B,MEMPHIS,SHELBY,80512,0.1066992204283901,City of Memphis,city_residual,city: no state-route overlap,BEALE ST,False,False,True,City of Memphis,True,2677,438.9,False,no
300892397,2023-06-11,2023-06-11 03:00:00,2023,6,Sunday,3,35.167816,-89.864105,Suspected Minor Injury,Pedestrian,Intersection-On Roadway not in Crosswalk,Intersection-Related,Dark-Lighted,Not Collision with Motor Vehicle in Transport,Pedestrian,1,True,,,,,,,603.7465470044197,SYCAMORE VIEW RD,3.0256732071196084,45.0,7,B,MEMPHIS,SHELBY,51746,3.0256732059043667,City of Memphis,city_residual,city: no state-route overlap,SYCAMORE VIEW RD,False,False,False,City of Memphis,True,,49.7,True,no_signal_coverage
300899036,2023-07-15,2023-07-15 11:39:00,2023,7,Saturday,11,35.124573,-90.054924,Suspected Serious Injury,Pedestrian,Intersection-On Roadway not in Crosswalk,Non-Junction,Daylight,Not Collision with Motor Vehicle in Transport,Pedestrian,1,True,S THIRD ST,Principal Arterial,35.0,5.0,14,6.0,0.316198072977221,E E H CRUMP BLVD,0.1444990044937707,40.0,6,B,MEMPHIS,SHELBY,46937,0.1444990030489104,TDOT state route,state_route_overlap,"state route: 100% overlap, name=E E H CRUMP",E E H CRUMP BLVD,False,False,False,TDOT state route,True,10458,0.4,False,yes
300897159,2023-07-06,2023-07-06 08:15:00,2023,7,Thursday,8,35.083622,-89.85254,Possible Injury,Pedestrian,Not Intersection-Adjacent to Roadway,OtherLocation,Daylight,Not Collision with Motor Vehicle in Transport,Pedestrian,1,True,,,,,,,1242.842127301409,HADDINGTON DR,0.1245712263830309,35.0,2,B,MEMPHIS,SHELBY,48883,0.124571224909913,City of Memphis,city_residual,city: no state-route overlap,HADDINGTON DR,False,False,False,City of Memphis,False,14927,605.4,True,
300895751,2023-06-18,2023-06-18 22:10:00,2023,6,Sunday,22,35.056656,-89.906395,Possible Injury,Pedestrian,Intersection-On Roadway not in Crosswalk,AccelDecelLane,Dark-Lighted,Not Collision with Motor Vehicle in Transport,Pedestrian,1,True,,,,,,,1669.5297232580108,CHUCK AVE,0.2778994925583722,30.0,2,B,MEMPHIS,SHELBY,2147,0.2778994953598108,City of Memphis,city_residual,city: no state-route overlap,CHUCK AVE,False,False,False,City of Memphis,True,7048,624.9,False,no
300896267,2023-06-29,2023-06-29 05:00:00,2023,6,Thursday,5,35.16288,-89.94855,Suspected Serious Injury,Pedestrian,Not Intersection-In Parking Lane,AccelDecelLane,Dawn,Not Collision with Motor Vehicle in Transport,Pedestrian,1,True,,,,,,,421.67074675470775,MACON RD,22.975516930456088,35.0,3,B,MEMPHIS,SHELBY,51204,22.975516930456088,City of Memphis,city_residual,city: no state-route overlap,MACON RD,False,False,False,City of Memphis,False,,461.4,False,
300896546,2023-07-02,2023-07-02 18:11:00,2023,7,Sunday,18,35.109516,-90.03287,No Injury,Pedestrian,Not Intersection-Other Not On Roadway,Non-Junction,Daylight,Not Collision with Motor Vehicle in Transport,Other,1,True,,,,,,,1012.2905505027456,RIDGEWAY ST,29.24535491231469,30.0,2,B,MEMPHIS,SHELBY,82307,29.245354912321957,City of Memphis,city_residual,city: no state-route overlap,RIDGEWAY ST,False,False,False,City of Memphis,False,,211.7,False,