MstrRecNbrTxt,CollisionDate,CollisionDteTime,YearNmb,Month,DayOfWeek,Hour,Latitude,Longitude,InjuryClass,PersonType,NonMotoristLocation,RelationToJunction,LightCondition,MannerOfCollision,FirstHarmfulEvent,VictimsInCrash,InMemphis,StateRoute_NAME,StateRoute_F_System,StateRoute_SPDLIMIT,StateRoute_LANES,StateRoute_ALTNAME_1,StateRoute_Council_District,DistToStateRoute_m,Street_Name,DistToStreet_m,Street_SPDLIMIT,Street_LANES,Street_ONEWAY,Street_CITY_L,Street_COUNTY_L,Seg_OBJECTID,DistToSeg_m,Ownership,Rule_Fired,Classification_Basis,Matched_Street,is_limited_access,is_override,is_corner_case,Jurisdiction_prev,at_intersection,intersection_node_id,nearest_ped_signal_m,is_ambiguous_intersection,intersection_signalized
300899096,2023-07-16,2023-07-16 21:01:00,2023,7,Sunday,21,35.074577,-89.93171,Possible Injury,Pedestrian,Not Intersection-On Roadway Not In Crosswalk,Non-Junction,Dark-Lighted,Not Collision with Motor Vehicle in Transport,Pedestrian,1,True,GETWELL RD,Principal Arterial,40.0,7.0,176,4.0,0.6852322040569195,ALLENBROOKE CV,0.1770125777818375,25.0,2,B,MEMPHIS,SHELBY,14428,0.1770125805944964,City of Memphis,city_residual,city: no state-route overlap,ALLENBROOKE CV,False,False,False,City of Memphis,False,536,204.3,True,
300899106,2023-07-16,2023-07-16 19:32:00,2023,7,Sunday,19,35.05417,-90.00857,Possible Injury,Pedestrian,Not Intersection-On Roadway Not In Crosswalk,OtherLocation,Daylight,Not Collision with Motor Vehicle in Transport,Pedestrian,1,True,,,,,,,1494.958809320367,WINCHESTER RD,43.44325419391553,40.0,7,B,MEMPHIS,SHELBY,49753,43.44325419394365,City of Memphis,city_residual,city: no state-route overlap,WINCHESTER RD,False,False,False,City of Memphis,False,,104.1,False,
300897890,2023-07-08,2023-07-08 10:00:00,2023,7,Saturday,10,35.23399,-89.89301,Possible Injury,Pedestrian,Intersection-On Roadway not in Crosswalk,Non-Junction,Daylight,Not Collision with Motor Vehicle in Transport,Pedestrian,1,True,,,,,,,62.9896923887765,NEW COVINGTON PIKE,65.9515079247413,45.0,5,B,MEMPHIS,SHELBY,48076,65.95150792571387,TDOT state route,state_route_overlap,"state route: 100% overlap, name=NEW COVINGTON",NEW COVINGTON PIKE,False,False,False,TDOT state route,True,,56.9,True,no_signal_coverage
300895277,2023-06-23,2023-06-23 21:30:00,2023,6,Friday,21,35.034973,-89.85636,Possible Injury,Pedestrian,Intersection-On Roadway not in Crosswalk,AccelDecelLane,Dark-Not Lighted,Not Collision with Motor Vehicle in Transport,Pedestrian,1,True,,,,,,,1616.154540908215,E RAINES RD,0.2666605637555827,40.0,7,B,MEMPHIS,SHELBY,49470,0.2666605623459662,City of Memphis,city_residual,city: no state-route overlap,E RAINES RD,False,False,False,City of Memphis,True,11127,1625.0,False,no
300898712,2023-07-14,2023-07-14 11:00:00,2023,7,Friday,11,35.14909,-89.88815,Possible Injury,Pedestrian,Intersection-Not on Roadway,Non-Junction,Daylight,Not Collision with Motor Vehicle in Transport,Pedestrian,1,True,,,,,,,339.146147499,N WHITE STATION RD,0.0339673732985285,40.0,5,B,MEMPHIS,SHELBY,52710,0.0339673732975565,City of Memphis,city_residual,city: no state-route overlap,N WHITE STATION RD,False,False,False,City of Memphis,True,21028,422.2,False,no
300895064,2023-06-25,2023-06-25 11:40:00,2023,6,Sunday,11,35.104286,-90.0395,Possible Injury,Pedestrian,Not Intersection-Adjacent to Roadway,Non-Junction,Daylight,Not Collision with Motor Vehicle in Transport,Pedestrian,1,True,,,,,,,1453.7694516393424,GABAY ST,17.12453532111698,30.0,2,B,MEMPHIS,SHELBY,82222,17.124535321072855,City of Memphis,city_residual,city: no state-route overlap,GABAY ST,False,False,False,City of Memphis,False,,1005.2,False,
300895302,2023-06-26,2023-06-26 13:26:00,2023,6,Monday,13,35.144222,-90.03253,Possible Injury,Pedestrian,Intersection-On Roadway Crosswalk availability Unknown,Intersection,Daylight,Not Collision with Motor Vehicle in Transport,Pedestrian,1,True,,,,,,,631.0840408052172,N DUNLAP ST,37.07814265151773,30.0,5,B,MEMPHIS,SHELBY,80760,37.078142651138,City of Memphis,city_residual,city: no state-route overlap,N DUNLAP ST,False,False,False,City of Memphis,True,,152.9,True,no_signal_coverage
300896830,2023-07-04,2023-07-04 10:29:00,2023,7,Tuesday,10,35.06469,-89.92145,No Injury,Pedestrian,Intersection-Not on Roadway,Non-Junction,Daylight,Not Collision with Motor Vehicle in Transport,Other,1,True,,,,,,,944.3524784389712,KNIGHT ARNOLD RD,0.1474522457141805,40.0,5,B,MEMPHIS,SHELBY,49345,0.1474522443054167,City of Memphis,city_residual,city: no state-route overlap,KNIGHT ARNOLD RD,False,False,False,City of Memphis,True,14296,1038.4,False,no
300894881,2023-06-23,2023-06-23 20:54:00,2023,6,Friday,20,35.11341,-89.99694,Possible Injury,Pedestrian,Intersection-On Roadway not in Crosswalk,Intersection-Related,Dark-Lighted,Not Collision with Motor Vehicle in Transport,Other,1,True,,,,,,,47.872133448895255,LAPALOMA ST,7.030459496015981,30.0,2,B,MEMPHIS,SHELBY,81377,7.030459496472157,City of Memphis,city_residual,city: no state-route overlap,LAPALOMA ST,False,False,False,City of Memphis,True,18068,284.9,False,no_signal_coverage
300895017,2023-06-25,2023-06-25 00:53:00,2023,6,Sunday,0,35.10511,-90.055145,Fatal,Pedestrian,Not Intersection-On Roadway Not In Crosswalk,Non-Junction,Dark-Lighted,Not Collision with Motor Vehicle in Transport,Pedestrian,1,True,S THIRD ST,Principal Arterial,40.0,4.0,14,6.0,25.22585543799498,S THIRD ST,24.81239649531621,40.0,4,B,MEMPHIS,SHELBY,46928,24.812396495316214,TDOT state route,state_route_overlap,"state route: 100% overlap, name=S THIRD",S THIRD ST,False,False,False,TDOT state route,False,,261.3,False,
300898226,2023-07-12,2023-07-12 02:50:00,2023,7,Wednesday,2,35.07273,-89.94744,Suspected Serious Injury,Pedestrian,Intersection-In Crosswalk,Intersection,Dark-Lighted,Not Collision with Motor Vehicle in Transport,Pedestrian,1,True,LAMAR AVE,Principal Arterial,40.0,7.0,4,4.0,7.865731505848674,LAMAR AVE,5.539191485119941,40.0,7,B,MEMPHIS,SHELBY,47856,5.539191486219165,TDOT state route,state_route_overlap,"state route: 100% overlap, name=LAMAR",LAMAR AVE,False,False,False,TDOT state route,True,17970,15.3,False,yes
300897793,2023-07-09,2023-07-09 15:30:00,2023,7,Sunday,15,35.054176,-89.85734,Suspected Minor Injury,Pedestrian,Not Intersection-On Roadway Not In Crosswalk,AccelDecelLane,Daylight,Not Collision with Motor Vehicle in Transport,Pedestrian,4,True,,,,,,,1786.8475205282043,RIDGEWAY RD,0.9490865009395127,45.0,5,B,MEMPHIS,SHELBY,71372,0.9490865009651134,City of Memphis,city_residual,city: no state-route overlap,RIDGEWAY RD,False,False,False,City of Memphis,False,23038,467.0,True,
300898803,2023-07-14,2023-07-14 20:50:00,2023,7,Friday,20,35.006474,-89.98989,Suspected Serious Injury,Pedestrian,Not Intersection-On Roadway Not In Crosswalk,AccelDecelLane,Dark-Lighted,Not Collision with Motor Vehicle in Transport,Pedestrian,1,True,,,,,,,1621.0658323129085,E HOLMES RD,0.0737450295771866,40.0,2,B,MEMPHIS,SHELBY,49819,0.0737450282035453,City of Memphis,city_residual,city: no state-route overlap,E HOLMES RD,False,False,False,City of Memphis,False,296,1597.3,True,
300894928,2023-06-23,2023-06-23 21:10:00,2023,6,Friday,21,35.216553,-89.926605,Possible Injury,Pedestrian,Intersection-On Roadway not in Crosswalk,Intersection,Dawn,Not Collision with Motor Vehicle in Transport,Pedestrian,1,True,,,,,,,904.1628869314342,RALEIGH MILLINGTON RD,0.7591516187616528,40.0,4,B,MEMPHIS,SHELBY,46546,0.7591516202307689,City of Memphis,city_residual,city: no state-route overlap,RALEIGH MILLINGTON RD,False,False,False,City of Memphis,True,8350,888.6,False,no_signal_coverage
300899471,2023-07-18,2023-07-18 18:34:00,2023,7,Tuesday,18,35.19989,-89.95876,Suspected Serious Injury,Pedestrian,Intersection-In Crosswalk,Intersection,Dusk,Not Collision with Motor Vehicle in Transport,Pedestrian,1,True,,,,,,,2997.344609607271,JAMES RD,0.3434693399576911,45.0,4,B,MEMPHIS,SHELBY,53156,0.343469338508895,City of Memphis,city_residual,city: no state-route overlap,JAMES RD,False,False,False,City of Memphis,True,16755,1707.6,False,no
300898810,2023-07-14,2023-07-14 00:45:00,2023,7,Friday,0,35.033012,-90.02144,Suspected Serious Injury,Pedestrian,Not Intersection-Unknown,Unknown,Dark-Lighted,Not Collision with Motor Vehicle in Transport,Pedestrian,1,True,,,,,,,340.6193832991055,WESLEY DR,70.68336639177157,30.0,2,B,MEMPHIS,SHELBY,27304,70.68336639177157,City of Memphis,city_residual,city: no state-route overlap,WESLEY DR,False,False,False,City of Memphis,False,,344.1,False,
300893801,2023-06-18,2023-06-18 05:56:00,2023,6,Sunday,5,35.137054,-90.0195,Suspected Serious Injury,Pedestrian,Not Intersection-On Roadway Not In Crosswalk,Non-Junction,Dark-Lighted,Not Collision with Motor Vehicle in Transport,Pedestrian,1,True,UNION AVE,Principal Arterial,35.0,6.0,23,6.0,12.52090060583174,UNION AVE,7.939389023018123,35.0,6,B,MEMPHIS,SHELBY,46770,7.939389023644867,TDOT state route,state_route_overlap,"state route: 100% overlap, name=UNION",UNION AVE,False,False,False,TDOT state route,False,,104.5,False,
300894679,2023-06-23,2023-06-23 09:10:00,2023,6,Friday,9,35.109966,-90.023994,No Injury,Other Non-Motorist,Unknown,AccelDecelLane,Daylight,Angle,Other,1,True,,,,,,,201.795313479938,GREENWOOD ST,30.42263830819331,30.0,2,B,MEMPHIS,SHELBY,82356,30.422638308172694,City of Memphis,city_residual,city: no state-route overlap,GREENWOOD ST,False,False,False,City of Memphis,False,,338.6,False,
300896897,2023-07-04,2023-07-04 18:42:00,2023,7,Tuesday,18,35.031475,-90.00801,Possible Injury,Pedestrian,Not Intersection-Adjacent to Roadway,AccelDecelLane,Daylight,Not Collision with Motor Vehicle in Transport,Pedestrian,1,True,,,,,,,1155.2620209215163,MILLBRANCH RD,45.02062224568561,40.0,4,B,MEMPHIS,SHELBY,49777,45.02062224568561,City of Memphis,city_residual,city: no state-route overlap,MILLBRANCH RD,False,False,False,City of Memphis,False,,1143.2,False,
300902780,2023-08-03,2023-08-03 22:05:00,2023,8,Thursday,22,35.108753,-89.98411,Suspected Minor Injury,Pedestrian,Not Intersection-On Roadway Not In Crosswalk,Non-Junction,Dark-Lighted,Not Collision with Motor Vehicle in Transport,Pedestrian,1,True,,,,,,,71.08484541098375,PARK AVE,25.839620496563764,35.0,4,B,MEMPHIS,SHELBY,51017,25.83962049528081,City of Memphis,city_residual,city: no state-route overlap,PARK AVE,False,False,False,City of Memphis,False,,74.8,False,
300903844,2023-08-08,2023-08-08 15:52:00,2023,8,Tuesday,15,35.243404,-89.94634,Suspected Serious Injury,Pedestrian,Not Intersection-On Roadway Not In Crosswalk,Intersection,Daylight,Unknown,Other,1,True,,,,,,,4179.311043293563,NEW ALLEN RD,0.0114180144797838,50.0,2,FT,MEMPHIS,SHELBY,53629,0.0114180144720376,City of Memphis,city_residual,city: no state-route overlap,NEW ALLEN RD,False,False,False,City of Memphis,False,21179,4164.7,True,
300902017,2023-07-31,2023-07-31 20:20:00,2023,7,Monday,20,35.086636,-90.06302,Unknown,Other Non-Motorist,Unknown,AccelDecelLane,Dark-Lighted,Not Collision with Motor Vehicle in Transport,Other,1,True,,,,,,,567.7375172898078,W MALLORY AVE,0.1580562899836138,40.0,3,B,MEMPHIS,SHELBY,50795,0.1580562885617833,City of Memphis,city_residual,city: no state-route overlap,W MALLORY AVE,False,False,False,City of Memphis,False,10797,164.1,True,
300901100,2023-07-26,2023-07-26 14:06:00,2023,7,Wednesday,14,35.102528,-89.87461,No Injury,Other Non-Motorist,Unknown,OtherLocation,Daylight,Angle,Other,1,True,,,,,,,209.1419240550669,CRESTHAVEN RD,39.377334145123946,30.0,2,B,MEMPHIS,SHELBY,74550,39.37733414526059,City of Memphis,city_residual,city: no state-route overlap,CRESTHAVEN RD,False,False,False,City of Memphis,False,,435.9,False,
300900605,2023-07-22,2023-07-22 23:03:00,2023,7,Saturday,23,35.137165,-90.020584,Possible Injury,Pedestrian,Not Intersection-On Roadway Not In Crosswalk,Non-Junction,Dark-Lighted,Not Collision with Motor Vehicle in Transport,Pedestrian,1,True,S BELLEVUE BLVD,Major Collector,35.0,4.0,3,6.0,9.61851568308231,UNION AVE,7.5554339227901774,35.0,6,B,MEMPHIS,SHELBY,46770,7.5554339241207105,TDOT state route,state_route_overlap,"state route: 100% overlap, name=UNION",UNION AVE,False,False,False,TDOT state route,False,,20.0,False,
300899839,2023-07-20,2023-07-20 09:44:00,2023,7,Thursday,9,35.140484,-89.98288,Possible Injury,Pedestrian,Intersection-Not on Roadway,AccelDecelLane,Daylight,Angle,Other,1,True,E PARKWAY,Principal Arterial,40.0,3.0,277,5.0,3.423257970760932,E PARKWAY N,0.1030574163535228,40.0,3,TF,MEMPHIS,SHELBY,48117,0.1030574163535228,TDOT state route,state_route_overlap,"state route: 100% overlap, name=E PARKWAY",E PARKWAY N,False,False,False,TDOT state route,True,10963,10.7,False,yes
300903891,2023-08-09,2023-08-09 19:52:00,2023,8,Wednesday,19,35.123707,-89.92578,Possible Injury,Pedestrian,Intersection-Unknown,Intersection,Daylight,Not Collision with Motor Vehicle in Transport,Pedestrian,1,True,POPLAR AVE,Principal Arterial,40.0,7.0,57,5.0,4.628842547440235,S GOODLETT ST,0.0534431096270088,40.0,5,B,MEMPHIS,SHELBY,51384,0.0534431095925392,City of Memphis,city_residual,city: no state-route overlap,S GOODLETT ST,False,False,True,City of Memphis,True,22407,0.6,False,yes
300903080,2023-08-06,2023-08-06 00:00:00,2023,8,Sunday,0,35.136135,-90.02826,Suspected Serious Injury,Pedestrian,Not Intersection-Unknown,OtherLocation,Dark-Lighted,Not Collision with Motor Vehicle in Transport,Pedestrian,1,True,,,,,,,138.43271437384115,EASTMORELAND AVE,0.2012331967064091,30.0,2,B,MEMPHIS,SHELBY,3644,0.2012331967064091,City of Memphis,city_residual,city: no state-route overlap,EASTMORELAND AVE,False,False,False,City of Memphis,False,11605,207.4,True,
300900170,2023-07-21,2023-07-21 20:55:00,2023,7,Friday,20,35.06083,-89.99957,Possible Injury,Pedestrian,Intersection-In Crosswalk,Intersection,Dark-Lighted,Not Collision with Motor Vehicle in Transport,Pedestrian,1,True,,,,,,,2163.425239881882,E BROOKS RD,1.0210277977648734,45.0,7,B,MEMPHIS,SHELBY,49813,1.0210277963463277,City of Memphis,city_residual,city: no state-route overlap,E BROOKS RD,False,False,False,City of Memphis,True,10331,17.6,False,yes
300900619,2023-07-24,2023-07-24 08:10:00,2023,7,Monday,8,35.09933,-89.84551,Possible Injury,Pedestrian,Intersection-In Crosswalk,Intersection-Related,Daylight,Not Collision with Motor Vehicle in Transport,Pedestrian,1,True,POPLAR AVE,Principal Arterial,40.0,7.0,57,2.0,4.6595462356932815,POPLAR AVE,0.1330657777459388,40.0,7,B,MEMPHIS,SHELBY,46253,0.1330657733343492,TDOT state route,state_route_overlap,"state route: 100% overlap, name=POPLAR",POPLAR AVE,False,False,False,TDOT state route,True,25,16.1,False,yes
300878831,2023-04-09,2023-04-09 15:31:00,2023,4,Sunday,15,35.11678,-90.00675,Fatal,Pedestrian,Not Intersection-Outside Traffic,Non-Junction,Daylight,Not Collision with Motor Vehicle in Transport,Other,1,True,,,,,,,306.68575222691595,ROZELLE ST,28.694163940743923,30.0,2,B,MEMPHIS,SHELBY,83927,28.694163940793786,City of Memphis,city_residual,city: no state-route overlap,ROZELLE ST,False,False,False,City of Memphis,False,,307.3,False,
300903929,2023-08-09,2023-08-09 23:20:00,2023,8,Wednesday,23,35.13909,-90.01824,Suspected Minor Injury,Pedestrian,Intersection-On Roadway not in Crosswalk,Intersection-Related,Dark-Lighted,Not Collision with Motor Vehicle in Transport,Pedestrian,1,True,,,,,,,225.5003509551065,MADISON AVE,0.3718225633447529,35.0,5,B,MEMPHIS,SHELBY,53244,0.3718225647500228,City of Memphis,city_residual,city: no state-route overlap,MADISON AVE,False,False,False,City of Memphis,True,18957,287.6,False,no
300900416,2023-07-22,2023-07-22 22:00:00,2023,7,Saturday,22,35.15403,-90.057465,Suspected Minor Injury,Pedestrian,Not Intersection-Adjacent to Roadway,Non-Junction,Dark-Lighted,Not Collision with Motor Vehicle in Transport,Pedestrian,1,True,,,,,,,828.4228737441578,ISLAND DR,15.505564045826436,30.0,2,B,MEMPHIS,SHELBY,32353,15.505564045608937,City of Memphis,city_residual,city: no state-route overlap,ISLAND DR,False,False,False,City of Memphis,False,16543,853.6,True,
300901845,2023-07-30,2023-07-30 20:29:00,2023,7,Sunday,20,35.10118,-90.07481,Possible Injury,Pedestrian,Intersection-On Roadway not in Crosswalk,Intersection,Dark-Not Lighted,Not Collision with Motor Vehicle in Transport,Pedestrian,1,True,,,,,,,1752.952256102444,W DISON AVE,19.719215297395504,30.0,2,B,MEMPHIS,SHELBY,4611,19.719215296311823,City of Memphis,city_residual,city: no state-route overlap,W DISON AVE,False,False,False,City of Memphis,True,,1549.6,True,no_signal_coverage
300901156,2023-07-27,2023-07-27 00:50:00,2023,7,Thursday,0,35.07445,-89.90562,Suspected Serious Injury,Pedestrian,Not Intersection-On Roadway Not In Crosswalk,Non-Junction,Dark-Lighted,Not Collision with Motor Vehicle in Transport,Pedestrian,1,True,,,,,,,2372.5169285884454,S PERKINS RD,34.02648666473504,40.0,7,B,MEMPHIS,SHELBY,49381,34.02648666486228,City of Memphis,city_residual,city: no state-route overlap,S PERKINS RD,False,False,False,City of Memphis,False,,377.0,False,
300869139,2023-02-23,2023-02-23 06:21:00,2023,2,Thursday,6,35.166588,-89.86284,Fatal,Pedestrian,Not Intersection-On Roadway Not In Crosswalk,Non-Junction,Dawn,Not Collision with Motor Vehicle in Transport,Pedestrian,1,True,,,,,,,779.4884883471512,SYCAMORE VIEW RD,2.266040216294935,45.0,7,B,MEMPHIS,SHELBY,52670,2.266040214468464,City of Memphis,city_residual,city: no state-route overlap,SYCAMORE VIEW RD,False,False,False,City of Memphis,False,,226.2,False,
300904546,2023-08-12,2023-08-12 20:37:00,2023,8,Saturday,20,35.149094,-89.906364,Possible Injury,Pedestrian,Not Intersection-On Roadway Not In Crosswalk,Intersection,Dark-Lighted,Not Collision with Motor Vehicle in Transport,Pedestrian,1,True,,,,,,,41.39618728179007,STRATFORD RD,20.189410905897777,40.0,4,B,MEMPHIS,SHELBY,73969,20.18941090499618,City of Memphis,city_residual,city: no state-route overlap,STRATFORD RD,False,False,False,City of Memphis,False,,49.5,False,
300902662,2023-08-03,2023-08-03 21:18:00,2023,8,Thursday,21,35.03486,-89.86643,Possible Injury,Pedestrian,Intersection-On Roadway not in Crosswalk,AccelDecelLane,Dark-Lighted,Not Collision with Motor Vehicle in Transport,Pedestrian,1,True,,,,,,,1604.4206166412694,E RAINES RD,0.1875011714317994,45.0,7,B,MEMPHIS,SHELBY,51726,0.187501168614182,City of Memphis,city_residual,city: no state-route overlap,E RAINES RD,False,False,False,City of Memphis,True,11109,1586.3,False,no
300900716,2023-07-23,2023-07-23 22:29:00,2023,7,Sunday,22,35.142204,-90.03157,Suspected Minor Injury,Pedestrian,Not Intersection-Bike Path,Non-Junction,Dark-Not Lighted,Not Collision with Motor Vehicle in Transport,Pedestrian,1,True,,,,,,,420.5362771524241,JEFFERSON AVE,47.13312526057278,40.0,4,B,MEMPHIS,SHELBY,7296,47.13312525950835,City of Memphis,city_residual,city: no state-route overlap,JEFFERSON AVE,False,False,False,City of Memphis,False,,370.7,False,
300901885,2023-07-30,2023-07-30 11:00:00,2023,7,Sunday,11,35.046,-89.82275,Suspected Serious Injury,Pedestrian,Intersection-On Roadway Crosswalk Not Available,Intersection,Daylight,Not Collision with Motor Vehicle in Transport,Pedestrian,1,True,,,,,,,710.9074401901344,ISHERWOOD RD,0.2539418828418867,30.0,2,B,MEMPHIS,SHELBY,71531,0.2539418786009675,City of Memphis,city_residual,city: no state-route overlap,ISHERWOOD RD,False,False,False,City of Memphis,True,11664,308.3,False,no_signal_coverage
300900964,2023-07-25,2023-07-25 22:58:00,2023,7,Tuesday,22,35.053246,-90.00796,Suspected Minor Injury,Pedestrian,Intersection-Unknown,Intersection,Dark-Lighted,Not Collision with Motor Vehicle in Transport,Pedestrian,1,True,,,,,,,1557.6755126300036,MILLBRANCH RD,46.39371838963445,40.0,4,B,MEMPHIS,SHELBY,49793,46.393718389662,City of Memphis,city_residual,city: no state-route overlap,MILLBRANCH RD,False,False,False,City of Memphis,True,,53.2,True,no_signal_coverage
300900967,2023-07-26,2023-07-26 00:48:00,2023,7,Wednesday,0,35.16556,-89.94653,Suspected Serious Injury,Pedestrian,Intersection-On Roadway Crosswalk Not Available,Intersection,Dark-Lighted,Not Collision with Motor Vehicle in Transport,Pedestrian,1,True,,,,,,,342.8975727284737,NATIONAL ST,0.0862205631785025,40.0,4,B,MEMPHIS,SHELBY,51264,0.0862205631785025,City of Memphis,city_residual,city: no state-route overlap,NATIONAL ST,False,False,False,City of Memphis,True,5057,617.3,False,no_signal_coverage
300899759,2023-07-19,2023-07-19 17:15:00,2023,7,Wednesday,17,35.141266,-90.05578,Possible Injury,Pedestrian,Intersection-On Roadway not in Crosswalk,Intersection,Daylight,Not Collision with Motor Vehicle in Transport,Pedestrian,1,True,,,,,,,240.6167557809009,S FRONT ST,0.7152417307937556,30.0,4,B,MEMPHIS,SHELBY,80495,0.7152417298255325,City of Memphis,city_residual,city: no state-route overlap,S FRONT ST,False,False,False,City of Memphis,True,22009,440.4,False,no_signal_coverage
300902719,2023-08-03,2023-08-03 12:05:00,2023,8,Thursday,12,35.143955,-90.01564,Possible Injury,Pedestrian,Not Intersection-Bike Path,Intersection-Related,Daylight,Not Collision with Motor Vehicle in Transport,Pedestrian,1,True,,,,,,,789.8753669485542,POPLAR AVE,0.1332189960499262,40.0,7,B,MEMPHIS,SHELBY,50416,0.1332189988694748,City of Memphis,city_residual,city: no state-route overlap,POPLAR AVE,False,False,False,City of Memphis,False,20480,6.9,True,
300900766,2023-07-23,2023-07-23 23:22:00,2023,7,Sunday,23,35.107105,-89.98499,Suspected Serious Injury,Pedestrian,Intersection-On Roadway Crosswalk Not Available,Non-Junction,Dark-Lighted,Not Collision with Motor Vehicle in Transport,Pedestrian,1,True,AIRWAYS BLVD,Principal Arterial,35.0,5.0,277,4.0,0.542604434771916,AIRWAYS BLVD,0.0450092406148481,35.0,5,B,MEMPHIS,SHELBY,46988,0.0450092406148481,TDOT state route,state_route_overlap,"state route: 100% overlap, name=AIRWAYS",AIRWAYS BLVD,False,False,False,TDOT state route,True,340,159.9,False,no
300904394,2023-08-12,2023-08-12 01:40:00,2023,8,Saturday,1,35.17534,-89.83642,No Injury,Other Non-Motorist,Not Intersection-Unknown,Non-Junction,Dark-Lighted,Other,Other,1,True,,,,,,,2005.1337079199047,INTERSTATE 40 W,0.3972598566677165,65.0,4,TF,MEMPHIS,SHELBY,39695,0.3972598553935597,Interstate (TDOT),interstate_mainline,interstate: MTFCC S1100,INTERSTATE 40 W,True,False,False,Interstate (TDOT),False,,127.2,False,
300901974,2023-07-31,2023-07-31 12:00:00,2023,7,Monday,12,35.149644,-90.050468,Possible Injury,Pedestrian,Intersection-In Crosswalk,Intersection-Related,Daylight,Not Collision with Motor Vehicle in Transport,Pedestrian,1,True,,,,,,,69.70275476939106,POPLAR AVE,46.19330463345867,35.0,4,B,MEMPHIS,SHELBY,7132,46.19330463215973,City of Memphis,city_residual,city: no state-route overlap,POPLAR AVE,False,False,False,City of Memphis,True,,67.9,True,no_signal_coverage
300911560,2023-09-17,2023-09-17 11:25:00,2023,9,Sunday,11,35.168365,-90.01061,Possible Injury,Pedestrian,Not Intersection-Outside Traffic,Non-Junction,Daylight,Angle,Other,1,True,,,,,,,1058.374625351162,S LEXINGTON CIR,22.65958584393236,30.0,2,B,MEMPHIS,SHELBY,9269,22.65958584487104,City of Memphis,city_residual,city: no state-route overlap,S LEXINGTON CIR,False,False,False,City of Memphis,False,,798.1,False,
300908723,2023-09-02,2023-09-02 16:20:00,2023,9,Saturday,16,35.18472,-89.93168,Suspected Minor Injury,Pedestrian,Not Intersection-Outside Traffic,Unknown,Daylight,Not Collision with Motor Vehicle in Transport,Pedestrian,1,True,JACKSON AVE,Principal Arterial,40.0,7.0,14,7.0,11.724000570136225,JACKSON AVE,14.511041850734763,40.0,7,B,MEMPHIS,SHELBY,48212,14.511041850415218,TDOT state route,state_route_overlap,"state route: 100% overlap, name=JACKSON",JACKSON AVE,False,False,False,TDOT state route,False,5597,108.8,True,
300907385,2023-08-27,2023-08-27 09:00:00,2023,8,Sunday,9,35.02,-90.00509,Possible Injury,Pedestrian,Not Intersection-On Roadway Not In Crosswalk,Intersection,Daylight,Not Collision with Motor Vehicle in Transport,Pedestrian,1,True,,,,,,,118.14347508033327,CHANCERY ST,12.907062126438204,30.0,2,B,MEMPHIS,SHELBY,84062,12.907062126438204,City of Memphis,city_residual,city: no state-route overlap,CHANCERY ST,False,False,False,City of Memphis,False,4103,246.0,True,
300906374,2023-08-22,2023-08-22 09:33:00,2023,8,Tuesday,9,35.115482,-89.946815,Possible Injury,Pedestrian,Not Intersection-In Parking Lane,OtherLocation,Daylight,Not Collision with Motor Vehicle in Transport,Pedestrian,1,True,,,,,,,1362.848329485456,SOUTHERN AVE,30.185794426162342,35.0,4,B,MEMPHIS,SHELBY,51200,30.185794423532645,City of Memphis,city_residual,city: no state-route overlap,SOUTHERN AVE,False,False,False,City of Memphis,False,,1355.2,False,
300910383,2023-09-11,2023-09-11 20:44:00,2023,9,Monday,20,35.172894,-89.94124,Possible Injury,Pedestrian,Not Intersection-On Roadway Crosswalk not Available,Non-Junction,Dark-Lighted,Not Collision with Motor Vehicle in Transport,Pedestrian,1,True,,,,,,,74.38677491466665,VIVIA AVE,24.41736277025836,30.0,2,B,MEMPHIS,SHELBY,5881,24.417362770410875,City of Memphis,city_residual,city: no state-route overlap,VIVIA AVE,False,False,False,City of Memphis,False,,307.3,False,
300910386,2023-09-11,2023-09-11 20:01:00,2023,9,Monday,20,35.08439,-90.01848,Possible Injury,Pedestrian,Intersection-On Roadway not in Crosswalk,Non-Junction,Dark-Lighted,Not Collision with Motor Vehicle in Transport,Pedestrian,1,True,ELVIS PRESLEY BLVD,Minor Arterial,40.0,4.0,3,4.0,0.2160039448821872,ELVIS PRESLEY BLVD,0.6750528761757932,40.0,4,B,MEMPHIS,SHELBY,46956,0.6750528761757932,TDOT state route,state_route_overlap,"state route: 100% overlap, name=ELVIS PRESLEY",ELVIS PRESLEY BLVD,False,False,False,TDOT state route,True,10415,119.9,False,no
300911842,2023-09-19,2023-09-19 06:30:00,2023,9,Tuesday,6,35.208244,-90.00381,Possible Injury,Pedestrian,Not Intersection-On Roadway Not In Crosswalk,Non-Junction,Dark-Unknown Lighting,Not Collision with Motor Vehicle in Transport,Pedestrian,1,True,,,,,,,2539.8177096900217,WHITNEY AVE,0.5102784579535494,40.0,2,B,MEMPHIS,SHELBY,2757,0.5102784579500071,City of Memphis,city_residual,city: no state-route overlap,WHITNEY AVE,False,False,False,City of Memphis,False,21005,1705.8,True,
300908227,2023-08-31,2023-08-31 06:50:00,2023,8,Thursday,6,35.125126,-89.89474,Possible Injury,Pedestrian,Intersection-In Crosswalk,Intersection,Dawn,Not Collision with Motor Vehicle in Transport,Pedestrian,1,True,,,,,,,611.7008481085666,SHADY GROVE RD,0.0451008140738755,30.0,2,B,MEMPHIS,SHELBY,74349,0.0451008126621689,City of Memphis,city_residual,city: no state-route overlap,SHADY GROVE RD,False,False,False,City of Memphis,True,23634,688.6,False,no