MstrRecNbrTxt,CollisionDate,CollisionDteTime,YearNmb,Month,DayOfWeek,Hour,Latitude,Longitude,InjuryClass,PersonType,NonMotoristLocation,RelationToJunction,LightCondition,MannerOfCollision,FirstHarmfulEvent,VictimsInCrash,InMemphis,StateRoute_NAME,StateRoute_F_System,StateRoute_SPDLIMIT,StateRoute_LANES,StateRoute_ALTNAME_1,StateRoute_Council_District,DistToStateRoute_m,Street_Name,DistToStreet_m,Street_SPDLIMIT,Street_LANES,Street_ONEWAY,Street_CITY_L,Street_COUNTY_L,Seg_OBJECTID,DistToSeg_m,Ownership,Rule_Fired,Classification_Basis,Matched_Street,is_limited_access,is_override,is_corner_case,Jurisdiction_prev,at_intersection,intersection_node_id,nearest_ped_signal_m,is_ambiguous_intersection,intersection_signalized
300909689,2023-09-07,2023-09-07 23:10:00,2023,9,Thursday,23,35.137257,-90.04971,Suspected Minor Injury,Pedestrian,Intersection-On Roadway not in Crosswalk,Intersection,Dark-Lighted,Not Collision with Motor Vehicle in Transport,Pedestrian,1,True,DR MARTIN LUTHER KING JR AVE,Minor Arterial,35.0,4.0,208,6.0,4.603120449004467,DR MARTIN LUTHER KING JR AVE,0.0388272972784915,35.0,5,B,MEMPHIS,SHELBY,7327,0.0388272930899302,TDOT state route,state_route_overlap,"state route: 100% overlap, name=DR MARTIN LUTHER KING JR",DR MARTIN LUTHER KING JR AVE,False,False,False,TDOT state route,True,9946,380.4,False,no
300911415,2023-09-16,2023-09-16 23:20:00,2023,9,Saturday,23,35.074493,-89.884796,Suspected Serious Injury,Pedestrian,Not Intersection-On Roadway Crosswalk not Available,Non-Junction,Dark-Lighted,Not Collision with Motor Vehicle in Transport,Pedestrian,1,True,,,,,,,1078.2276200389626,S MENDENHALL RD,0.6581677799734978,40.0,7,B,MEMPHIS,SHELBY,51902,0.6581677801660691,City of Memphis,city_residual,city: no state-route overlap,S MENDENHALL RD,False,False,False,City of Memphis,False,13423,380.5,True,
300909193,2023-09-05,2023-09-05 15:00:00,2023,9,Tuesday,15,35.22076,-89.893845,Possible Injury,Pedestrian,Intersection-On Roadway not in Crosswalk,Intersection-Related,Daylight,Not Collision with Motor Vehicle in Transport,Pedestrian,1,True,,,,,,,33.89551837670729,COVINGTON PIKE,33.48801678078276,40.0,5,B,MEMPHIS,SHELBY,46579,33.48801678080488,TDOT state route,state_route_overlap,"state route: 100% overlap, name=COVINGTON",COVINGTON PIKE,False,False,False,TDOT state route,True,,48.9,True,no_signal_coverage
300910201,2023-09-10,2023-09-10 18:50:00,2023,9,Sunday,18,35.02113,-90.0517,Possible Injury,Pedestrian,Intersection-On Roadway not in Crosswalk,Non-Junction,Daylight,Not Collision with Motor Vehicle in Transport,Pedestrian,1,True,E SHELBY DR,Minor Arterial,45.0,5.0,175,6.0,27.985728232186347,E SHELBY DR,32.61570503344548,45.0,5,B,MEMPHIS,SHELBY,49679,32.61570503027286,TDOT state route,state_route_overlap,"state route: 100% overlap, name=E SHELBY",E SHELBY DR,False,False,False,TDOT state route,True,,2448.3,True,no_signal_coverage
300882791,2023-04-26,2023-04-26 16:11:00,2023,4,Wednesday,16,35.082165,-90.04382,Suspected Serious Injury,Pedestrian,Not Intersection-Outside Traffic,Non-Junction,Daylight,Not Collision with Motor Vehicle in Transport,Pedestrian,1,True,,,,,,,1219.2260366736307,COMPRESS DR,67.03213985592315,30.0,2,B,MEMPHIS,SHELBY,32780,67.03213985474186,City of Memphis,city_residual,city: no state-route overlap,COMPRESS DR,False,False,False,City of Memphis,False,,1262.0,False,
300911938,2023-09-19,2023-09-19 00:40:00,2023,9,Tuesday,0,35.019997,-89.83126,Suspected Serious Injury,Pedestrian,Not Intersection-Unknown,AccelDecelLane,Dark-Lighted,Not Collision with Motor Vehicle in Transport,Pedestrian,1,True,,,,,,,47.41490061590631,RIVERDALE RD,1.3463075680913594,45.0,7,B,MEMPHIS,SHELBY,52904,1.3463075680880994,City of Memphis,city_residual,city: no state-route overlap,RIVERDALE RD,False,False,False,City of Memphis,False,,29.1,False,
300906499,2023-08-22,2023-08-22 20:52:00,2023,8,Tuesday,20,35.061123,-90.01004,Suspected Serious Injury,Pedestrian,Intersection-In Crosswalk,Intersection-Related,Dark-Not Lighted,Not Collision with Motor Vehicle in Transport,Pedestrian,1,True,,,,,,,1220.6070475302038,E BROOKS RD,0.1887329567491878,45.0,7,B,MEMPHIS,SHELBY,49756,0.1887329539386909,City of Memphis,city_residual,city: no state-route overlap,E BROOKS RD,False,False,False,City of Memphis,True,,242.2,True,no_signal_coverage
300908081,2023-08-29,2023-08-29 17:48:00,2023,8,Tuesday,17,35.02973,-90.025185,Possible Injury,Pedestrian,Intersection-In Crosswalk,Intersection-Related,Daylight,Not Collision with Motor Vehicle in Transport,Pedestrian,1,True,ELVIS PRESLEY BLVD,Principal Arterial,40.0,5.0,3,6.0,0.3360449616918253,ELVIS PRESLEY BLVD,0.5172081316223035,40.0,5,B,MEMPHIS,SHELBY,46495,0.5172081316223035,TDOT state route,state_route_overlap,"state route: 100% overlap, name=ELVIS PRESLEY",ELVIS PRESLEY BLVD,False,False,False,TDOT state route,True,12010,10.1,False,yes
300908609,2023-09-02,2023-09-02 03:45:00,2023,9,Saturday,3,35.064785,-89.94119,Possible Injury,Pedestrian,Not Intersection-On Roadway Not In Crosswalk,Intersection-Related,Dark-Lighted,Not Collision with Motor Vehicle in Transport,Pedestrian,1,True,LAMAR AVE,Principal Arterial,40.0,7.0,4,4.0,2.864970033585272,LAMAR AVE,0.0119050499313099,40.0,7,B,MEMPHIS,SHELBY,47858,0.011905052633658,TDOT state route,state_route_overlap,"state route: 100% overlap, name=LAMAR",LAMAR AVE,False,False,False,TDOT state route,False,17722,16.9,True,
300910455,2023-09-12,2023-09-12 03:49:00,2023,9,Tuesday,3,35.138603,-90.013145,Possible Injury,Pedestrian,Intersection-Unknown,Intersection,Dark-Lighted,Not Collision with Motor Vehicle in Transport,Pedestrian,1,True,,,,,,,228.1572312995856,MADISON AVE,0.2625869806944265,35.0,4,B,MEMPHIS,SHELBY,50441,0.2625869764887319,City of Memphis,city_residual,city: no state-route overlap,MADISON AVE,False,False,False,City of Memphis,True,18958,254.7,False,no
300909268,2023-09-06,2023-09-06 00:30:00,2023,9,Wednesday,0,35.073807,-89.94823,Suspected Serious Injury,Pedestrian,Not Intersection-On Roadway Not In Crosswalk,Non-Junction,Dark-Lighted,Not Collision with Motor Vehicle in Transport,Pedestrian,1,True,LAMAR AVE,Principal Arterial,40.0,7.0,4,4.0,3.45261473090589,LAMAR AVE,0.9327361023361286,40.0,7,B,MEMPHIS,SHELBY,47856,0.9327361023361286,TDOT state route,state_route_overlap,"state route: 100% overlap, name=LAMAR",LAMAR AVE,False,False,False,TDOT state route,False,,131.1,False,
300906576,2023-08-23,2023-08-23 07:15:00,2023,8,Wednesday,7,35.059383,-89.85548,Possible Injury,Pedestrian,Intersection-On Roadway not in Crosswalk,OtherLocation,Daylight,Not Collision with Motor Vehicle in Transport,Pedestrian,1,True,,,,,,,1189.7544073742108,ARBORWOOD DR,23.88751632272268,30.0,2,B,MEMPHIS,SHELBY,33104,23.887516321343256,City of Memphis,city_residual,city: no state-route overlap,ARBORWOOD DR,False,False,False,City of Memphis,True,,965.1,True,no_signal_coverage
300876881,2023-03-31,2023-03-31 21:25:00,2023,3,Friday,21,35.240345,-89.948456,Suspected Serious Injury,Pedestrian,Not Intersection-On Roadway Not In Crosswalk,Non-Junction,Dark-Lighted,Not Collision with Motor Vehicle in Transport,Pedestrian,1,True,,,,,,,4114.991137222817,NEW ALLEN RD,2.474412081949426,50.0,2,FT,MEMPHIS,SHELBY,53629,2.474412081949426,City of Memphis,city_residual,city: no state-route overlap,NEW ALLEN RD,False,False,False,City of Memphis,False,,4113.0,False,
300911986,2023-09-19,2023-09-19 15:15:00,2023,9,Tuesday,15,35.14753,-90.04919,Suspected Serious Injury,Pedestrian,Intersection-In Crosswalk,Intersection,Daylight,Not Collision with Motor Vehicle in Transport,Pedestrian,1,True,N THIRD ST,Minor Arterial,35.0,3.0,3,6.0,5.007484171241552,ADAMS AVE,0.8733351348604892,30.0,3,B,MEMPHIS,SHELBY,3367,0.8733351331953784,City of Memphis,city_residual,city: no state-route overlap,ADAMS AVE,False,False,True,City of Memphis,True,149,245.2,False,no
300906538,2023-08-23,2023-08-23 02:15:00,2023,8,Wednesday,2,35.060577,-89.99153,Possible Injury,Pedestrian,Intersection-In Crosswalk,Non-Junction,Dark-Lighted,Not Collision with Motor Vehicle in Transport,Pedestrian,1,True,,,,,,,2886.298129823825,E BROOKS RD,0.1745062734613309,45.0,7,B,MEMPHIS,SHELBY,51997,0.1745062706240782,City of Memphis,city_residual,city: no state-route overlap,E BROOKS RD,False,False,False,City of Memphis,True,303,17.9,False,yes
300906020,2023-08-20,2023-08-20 16:15:00,2023,8,Sunday,16,35.205369,-89.931676,Suspected Serious Injury,Pedestrian,Intersection-On Roadway not in Crosswalk,Intersection,Daylight,Not Collision with Motor Vehicle in Transport,Pedestrian,1,True,,,,,,,740.6260449902378,HOMEWOOD DR,39.52760865947615,30.0,2,B,MEMPHIS,SHELBY,34059,39.52760865947615,City of Memphis,city_residual,city: no state-route overlap,HOMEWOOD DR,False,False,False,City of Memphis,True,,764.9,True,no_signal_coverage
300907346,2023-08-26,2023-08-26 23:33:00,2023,8,Saturday,23,35.172405,-89.791176,Suspected Serious Injury,Pedestrian,Not Intersection-On Roadway Not In Crosswalk,Non-Junction,Dark-Not Lighted,Not Collision with Motor Vehicle in Transport,Pedestrian,1,True,,,,,,,167.78699311875715,BONNIE LN,38.11614267250502,35.0,2,B,MEMPHIS,SHELBY,41705,38.11614267250502,City of Memphis,city_residual,city: no state-route overlap,BONNIE LN,False,False,False,City of Memphis,False,,160.9,False,
300906039,2023-08-20,2023-08-20 17:30:00,2023,8,Sunday,17,35.2082,-90.0011,Suspected Serious Injury,Pedestrian,Not Intersection-On Roadway Not In Crosswalk,Non-Junction,Daylight,Not Collision with Motor Vehicle in Transport,Pedestrian,1,True,,,,,,,2744.405016987463,WHITNEY AVE,26.019667458755126,40.0,2,B,MEMPHIS,SHELBY,2788,26.01966745886878,City of Memphis,city_residual,city: no state-route overlap,WHITNEY AVE,False,False,False,City of Memphis,False,,1774.5,False,
300879062,2023-04-10,2023-04-10 18:46:00,2023,4,Monday,18,35.05018,-89.99976,Fatal,Pedestrian,Not Intersection-On Roadway Not In Crosswalk,OtherLocation,Daylight,Not Collision with Motor Vehicle in Transport,Pedestrian,1,True,,,,,,,2309.482818378534,TACOMA AVE,25.114044026295325,30.0,2,B,MEMPHIS,SHELBY,2582,25.11404403011464,City of Memphis,city_residual,city: no state-route overlap,TACOMA AVE,False,False,False,City of Memphis,False,,376.6,False,
300906290,2023-08-21,2023-08-21 03:48:00,2023,8,Monday,3,35.06071,-89.86594,Possible Injury,Pedestrian,Not Intersection-On Roadway Crosswalk not Available,Intersection-Related,Dark-Lighted,Angle,Other,1,True,,,,,,,1498.8597814121342,KNIGHT ARNOLD RD,2.225604184155148,40.0,7,B,MEMPHIS,SHELBY,49460,2.225604184155148,City of Memphis,city_residual,city: no state-route overlap,KNIGHT ARNOLD RD,False,False,False,City of Memphis,False,15775,49.6,True,
300910784,2023-09-13,2023-09-13 21:10:00,2023,9,Wednesday,21,35.11839,-89.984856,Fatal,Pedestrian,Not Intersection-On Roadway Not In Crosswalk,Non-Junction,Dark-Not Lighted,Not Collision with Motor Vehicle in Transport,Pedestrian,1,True,,,,,,,41.16899674026493,ACCESS RD,27.11693380238773,35.0,1,TF,MEMPHIS,SHELBY,76897,27.116933802339776,City of Memphis,city_residual,city: no state-route overlap,ACCESS RD,False,False,False,City of Memphis,False,,126.4,False,
300870433,2023-03-02,2023-03-02 04:40:00,2023,3,Thursday,4,35.10188,-89.870285,Fatal,Pedestrian,Not Intersection-On Roadway Not In Crosswalk,Non-Junction,Dark-Lighted,Not Collision with Motor Vehicle in Transport,Pedestrian,1,True,POPLAR AVE,Principal Arterial,40.0,3.0,57,5.0,4.854633645179367,POPLAR AVE,0.565768480197426,40.0,2,FT,MEMPHIS,SHELBY,6941,0.565768477651528,TDOT state route,state_route_overlap,"state route: 100% overlap, name=POPLAR",POPLAR AVE,False,False,False,TDOT state route,False,,576.1,False,
300909070,2023-09-01,2023-09-01 12:00:00,2023,9,Friday,12,35.083168,-89.97186,Possible Injury,Pedestrian,Not Intersection-On Roadway Not In Crosswalk,Non-Junction,Daylight,Not Collision with Motor Vehicle in Transport,Pedestrian,1,True,,,,,,,881.9956113068338,PENDLETON ST,0.0084469948385208,35.0,2,B,MEMPHIS,SHELBY,82586,0.0084469947847019,City of Memphis,city_residual,city: no state-route overlap,PENDLETON ST,False,False,False,City of Memphis,False,18559,888.6,True,
300906065,2023-08-20,2023-08-20 00:00:00,2023,8,Sunday,0,35.138485,-90.01186,Possible Injury,Pedestrian,Intersection-In Crosswalk,Unknown,Dark-Lighted,Not Collision with Motor Vehicle in Transport,Pedestrian,1,True,,,,,,,229.6325512179848,MADISON AVE,0.5043957347835193,35.0,3,B,MEMPHIS,SHELBY,50443,0.5043957347835193,City of Memphis,city_residual,city: no state-route overlap,MADISON AVE,False,False,False,City of Memphis,True,18936,233.9,False,no
300915113,2023-10-03,2023-10-03 18:27:00,2023,10,Tuesday,18,35.100945,-89.997475,Possible Injury,Pedestrian,Not Intersection-On Roadway Not In Crosswalk,AccelDecelLane,Dawn,Not Collision with Motor Vehicle in Transport,Pedestrian,1,True,,,,,,,1142.308759478437,GLORY CIR,20.21971140250293,30.0,2,B,MEMPHIS,SHELBY,9996,20.219711405264484,City of Memphis,city_residual,city: no state-route overlap,GLORY CIR,False,False,False,City of Memphis,False,,910.2,False,
300914271,2023-09-30,2023-09-30 19:30:00,2023,9,Saturday,19,35.168327,-89.87949,Possible Injury,Pedestrian,Intersection-Unknown,Non-Junction,Dark-Not Lighted,Not Collision with Motor Vehicle in Transport,Pedestrian,1,True,,,,,,,509.9061317739246,BARTLETT RD,0.3553158659476415,40.0,2,B,MEMPHIS,SHELBY,76284,0.3553158654083255,City of Memphis,city_residual,city: no state-route overlap,BARTLETT RD,False,False,False,City of Memphis,True,,586.7,True,no_signal_coverage
300912916,2023-09-23,2023-09-23 19:12:00,2023,9,Saturday,19,35.006435,-90.00766,Possible Injury,Pedestrian,Not Intersection-In Crosswalk,Intersection,Dark-Lighted,Angle,Other,1,True,,,,,,,1608.2367164603086,E HOLMES RD,0.0932368365284658,40.0,5,B,MEMPHIS,SHELBY,49749,0.0932368337035181,City of Memphis,city_residual,city: no state-route overlap,E HOLMES RD,False,False,False,City of Memphis,False,10669,1589.4,True,
300917321,2023-10-15,2023-10-15 22:20:00,2023,10,Sunday,22,35.073807,-89.94823,Possible Injury,Pedestrian,Not Intersection-Unknown,Unknown,Dark-Lighted,Not Collision with Motor Vehicle in Transport,Pedestrian,1,True,LAMAR AVE,Principal Arterial,40.0,7.0,4,4.0,3.45261473090589,LAMAR AVE,0.9327361023361286,40.0,7,B,MEMPHIS,SHELBY,47856,0.9327361023361286,TDOT state route,state_route_overlap,"state route: 100% overlap, name=LAMAR",LAMAR AVE,False,False,False,TDOT state route,False,,131.1,False,
300916172,2023-10-09,2023-10-09 18:11:00,2023,10,Monday,18,35.17366,-89.9595,Possible Injury,Pedestrian,Intersection-Not on Roadway,Intersection,Dawn,Not Collision with Motor Vehicle in Transport,Pedestrian,1,True,,,,,,,1129.0707161937396,SUNSET ST,10.916381703712185,30.0,2,B,MEMPHIS,SHELBY,82884,10.916381703851595,City of Memphis,city_residual,city: no state-route overlap,SUNSET ST,False,False,False,City of Memphis,True,6644,1163.4,False,no
300913153,2023-09-21,2023-09-21 03:30:00,2023,9,Thursday,3,35.1069,-90.02119,Possible Injury,Pedestrian,Not Intersection-Outside Traffic,Non-Junction,Dark-Lighted,Not Collision with Motor Vehicle in Transport,Pedestrian,1,True,ELVIS PRESLEY BLVD,Minor Arterial,40.0,4.0,3,4.0,1.141694593306949,KERR AVE,0.0553073224531724,35.0,3,B,MEMPHIS,SHELBY,5121,0.0553073224529378,City of Memphis,city_residual,city: no state-route overlap,KERR AVE,False,False,False,City of Memphis,False,12033,1.2,True,
300913464,2023-09-26,2023-09-26 08:00:00,2023,9,Tuesday,8,35.182613,-89.848045,Possible Injury,Pedestrian,Intersection-On Roadway not in Crosswalk,Intersection-Related,Daylight,Not Collision with Motor Vehicle in Transport,Pedestrian,1,True,,,,,,,675.2034507863434,GOLDBRIER LN,22.794389191578382,30.0,2,B,MEMPHIS,SHELBY,42370,22.79438919157017,City of Memphis,city_residual,city: no state-route overlap,GOLDBRIER LN,False,False,False,City of Memphis,True,1529,865.4,False,no_signal_coverage
300917144,2023-10-14,2023-10-14 00:00:00,2023,10,Saturday,99,35.202133,-89.91258,Suspected Minor Injury,Pedestrian,Not Intersection-On Roadway Not In Crosswalk,Non-Junction,Unknown,Not Collision with Motor Vehicle in Transport,Pedestrian,1,True,,,,,,,430.5304113187069,COLEMAN RD,53.8038229312228,45.0,7,B,MEMPHIS,SHELBY,74856,53.8038229312228,City of Memphis,city_residual,city: no state-route overlap,COLEMAN RD,False,False,False,City of Memphis,False,,411.8,False,
300916655,2023-10-11,2023-10-11 19:48:00,2023,10,Wednesday,19,35.054096,-90.019554,Possible Injury,Pedestrian,Intersection-Unknown,AccelDecelLane,Dark-Not Lighted,Not Collision with Motor Vehicle in Transport,Pedestrian,1,True,,,,,,,497.0747547265964,WINCHESTER RD,0.3992157518767019,40.0,7,B,MEMPHIS,SHELBY,49731,0.3992157518540397,City of Memphis,city_residual,city: no state-route overlap,WINCHESTER RD,False,False,False,City of Memphis,True,15645,479.8,False,no
300914112,2023-09-28,2023-09-28 18:58:00,2023,9,Thursday,18,35.111546,-90.02173,Suspected Serious Injury,Pedestrian,Intersection-On Roadway not in Crosswalk,Intersection-Related,Dark-Lighted,Not Collision with Motor Vehicle in Transport,Pedestrian,1,True,S BELLEVUE BLVD,Minor Arterial,35.0,5.0,3,4.0,0.3986047283847808,E TRIGG AVE,0.2264158624828252,35.0,2,B,MEMPHIS,SHELBY,5127,0.2264158624828252,City of Memphis,city_residual,city: no state-route overlap,E TRIGG AVE,False,False,True,City of Memphis,True,11346,371.6,False,no_signal_coverage
300915960,2023-10-05,2023-10-05 17:56:00,2023,10,Thursday,17,35.162354,-89.947014,Possible Injury,Pedestrian,Intersection-On Roadway Crosswalk availability Unknown,Intersection,Daylight,Not Collision with Motor Vehicle in Transport,Pedestrian,1,True,,,,,,,561.5056872756452,NATIONAL ST,0.4485690752906972,40.0,4,B,MEMPHIS,SHELBY,51259,0.4485690759149169,City of Memphis,city_residual,city: no state-route overlap,NATIONAL ST,False,False,False,City of Memphis,True,18864,613.0,False,no
300917180,2023-10-14,2023-10-14 17:00:00,2023,10,Saturday,17,35.04917,-89.83001,Suspected Serious Injury,Pedestrian,Not Intersection-On Roadway Not In Crosswalk,AccelDecelLane,Daylight,Not Collision with Motor Vehicle in Transport,Pedestrian,1,True,,,,,,,536.2340062107872,RIVERDALE RD,0.4472952746157089,45.0,6,B,MEMPHIS,SHELBY,51968,0.4472952746161206,City of Memphis,city_residual,city: no state-route overlap,RIVERDALE RD,False,False,False,City of Memphis,False,23127,25.4,True,
300915768,2023-10-07,2023-10-07 14:27:00,2023,10,Saturday,14,35.21268,-89.892105,Possible Injury,Pedestrian,Not Intersection-Outside Traffic,Intersection-Related,Daylight,"Sideswipe, Opposite Direction",Other,1,True,,,,,,,215.4959495630661,LONGACRE AVE,20.85363035581028,30.0,2,B,MEMPHIS,SHELBY,6916,20.853630353612964,City of Memphis,city_residual,city: no state-route overlap,LONGACRE AVE,False,False,False,City of Memphis,False,,336.7,False,
300916233,2023-10-09,2023-10-09 10:58:00,2023,10,Monday,10,35.094753,-90.0555,Possible Injury,Pedestrian,Not Intersection-On Roadway Not In Crosswalk,Non-Junction,Daylight,Not Collision with Motor Vehicle in Transport,Pedestrian,1,True,,,,,,,38.77644352298611,S THIRD ST,38.12196533553573,40.0,7,B,MEMPHIS,SHELBY,46922,38.12196533546857,TDOT state route,state_route_overlap,"state route: 100% overlap, name=S THIRD",S THIRD ST,False,False,False,TDOT state route,False,,158.5,False,
300917710,2023-10-17,2023-10-17 14:40:00,2023,10,Tuesday,14,35.143208,-90.05363,Possible Injury,Pedestrian,Intersection-On Roadway Crosswalk Not Available,Intersection,Daylight,Not Collision with Motor Vehicle in Transport,Pedestrian,1,True,,,,,,,122.1520751510398,UNION AVE,1.4947529646506907,30.0,4,B,MEMPHIS,SHELBY,7468,1.4947529629784566,City of Memphis,city_residual,city: no state-route overlap,UNION AVE,False,False,False,City of Memphis,True,23608,157.3,False,no
300912257,2023-09-20,2023-09-20 15:43:00,2023,9,Wednesday,15,35.070583,-89.8641,Suspected Serious Injury,Pedestrian,Not Intersection-On Roadway Not In Crosswalk,AccelDecelLane,Daylight,Not Collision with Motor Vehicle in Transport,Pedestrian,1,True,,,,,,,529.1470129408633,HICKORY HILL RD,46.39843837918702,45.0,6,B,MEMPHIS,SHELBY,49464,46.3984383795869,City of Memphis,city_residual,city: no state-route overlap,HICKORY HILL RD,False,False,False,City of Memphis,False,,184.1,False,
300914415,2023-10-01,2023-10-01 13:00:00,2023,10,Sunday,13,35.174286,-89.97595,Possible Injury,Pedestrian,Intersection-In Crosswalk,Intersection,Daylight,Not Collision with Motor Vehicle in Transport,Pedestrian,1,True,,,,,,,1807.94614135627,CHELSEA AVE,40.771905576717096,40.0,4,B,MEMPHIS,SHELBY,50733,40.771905576717096,City of Memphis,city_residual,city: no state-route overlap,CHELSEA AVE,False,False,False,City of Memphis,True,,1734.9,True,no_signal_coverage
300915073,2023-10-04,2023-10-04 07:57:00,2023,10,Wednesday,7,35.16734,-90.0103,No Injury,Other Non-Motorist,Unknown,AccelDecelLane,Daylight,Angle,Other,1,True,,,,,,,941.6264164980358,BROWN AVE,0.3081741584251681,30.0,2,B,MEMPHIS,SHELBY,3989,0.3081741555082112,City of Memphis,city_residual,city: no state-route overlap,BROWN AVE,False,False,False,City of Memphis,False,4919,859.3,True,
300915806,2023-10-07,2023-10-07 01:00:00,2023,10,Saturday,1,35.035595,-89.98982,Possible Injury,Pedestrian,Not Intersection-On Roadway Not In Crosswalk,AccelDecelLane,Dark-Lighted,Not Collision with Motor Vehicle in Transport,Pedestrian,1,True,,,,,,,1609.591903119402,E RAINES RD,0.1311188974856676,40.0,5,B,MEMPHIS,SHELBY,52122,0.1311188988954145,City of Memphis,city_residual,city: no state-route overlap,E RAINES RD,False,False,False,City of Memphis,False,299,25.3,True,
300916751,2023-10-12,2023-10-12 23:19:00,2023,10,Thursday,23,35.04917,-89.83001,Possible Injury,Pedestrian,Intersection-On Roadway not in Crosswalk,Intersection,Dark-Lighted,Not Collision with Motor Vehicle in Transport,Pedestrian,1,True,,,,,,,536.2340062107872,RIVERDALE RD,0.4472952746157089,45.0,6,B,MEMPHIS,SHELBY,51968,0.4472952746161206,City of Memphis,city_residual,city: no state-route overlap,RIVERDALE RD,False,False,False,City of Memphis,True,23127,25.4,False,yes
300895152,2023-06-25,2023-06-25 23:02:00,2023,6,Sunday,23,35.19183,-89.97579,Fatal,Pedestrian,Not Intersection-On Roadway Not In Crosswalk,Non-Junction,Dark-Lighted,Not Collision with Motor Vehicle in Transport,Pedestrian,1,True,,,,,,,3605.960217055703,N HOLLYWOOD ST,0.0202627205540212,40.0,6,B,MEMPHIS,SHELBY,52727,0.0202627205695705,City of Memphis,city_residual,city: no state-route overlap,N HOLLYWOOD ST,False,False,False,City of Memphis,False,,167.5,False,
300913284,2023-09-25,2023-09-25 19:00:00,2023,9,Monday,19,35.01948,-90.08443,Possible Injury,Pedestrian,Intersection-On Roadway Crosswalk Not Available,Intersection,Daylight,Not Collision with Motor Vehicle in Transport,Pedestrian,1,True,,,,,,,155.24451740224643,TWELFTH RD,51.45271810660736,30.0,2,B,MEMPHIS,SHELBY,71794,51.45271810660736,City of Memphis,city_residual,city: no state-route overlap,TWELFTH RD,False,False,False,City of Memphis,True,,360.5,True,no_signal_coverage
300913641,2023-09-26,2023-09-26 14:20:00,2023,9,Tuesday,14,35.219944,-90.035965,Possible Injury,Pedestrian,Not Intersection-On Roadway Not In Crosswalk,AccelDecelLane,Daylight,Not Collision with Motor Vehicle in Transport,Pedestrian,1,True,,,,,,,617.309796262839,DAWN DR,0.1138183467586807,30.0,2,B,MEMPHIS,SHELBY,27704,0.1138183453690881,City of Memphis,city_residual,city: no state-route overlap,DAWN DR,False,False,False,City of Memphis,False,9040,603.3,True,
300917481,2023-10-16,2023-10-16 16:32:00,2023,10,Monday,16,35.139336,-89.964294,Suspected Serious Injury,Pedestrian,Intersection-On Roadway Crosswalk Not Available,Non-Junction,Daylight,Not Collision with Motor Vehicle in Transport,Pedestrian,1,True,,,,,,,344.081158466699,MIMOSA AVE,6.079162948013655,30.0,2,B,MEMPHIS,SHELBY,6644,6.079162948010441,City of Memphis,city_residual,city: no state-route overlap,MIMOSA AVE,False,False,False,City of Memphis,True,5812,571.0,False,no_signal_coverage
300915229,2023-10-05,2023-10-05 07:44:00,2023,10,Thursday,7,35.127537,-89.77441,Possible Injury,Pedestrian,Intersection-In Crosswalk,Unknown,Daylight,Not Collision with Motor Vehicle in Transport,Pedestrian,1,True,,,,,,,2121.440417084735,WALNUT GROVE RD,0.0936421483448861,45.0,5,B,MEMPHIS,SHELBY,49147,0.0936421464553963,City of Memphis,city_residual,city: no state-route overlap,WALNUT GROVE RD,False,False,False,City of Memphis,True,24165,2101.6,False,no
300913665,2023-09-27,2023-09-27 19:20:00,2023,9,Wednesday,19,35.035145,-90.02236,Suspected Minor Injury,Pedestrian,Intersection-Not on Roadway,Intersection,Dark-Not Lighted,Not Collision with Motor Vehicle in Transport,Pedestrian,1,True,,,,,,,256.0115050380837,E RAINES RD,41.4548502814236,40.0,5,B,MEMPHIS,SHELBY,49723,41.45485028018849,City of Memphis,city_residual,city: no state-route overlap,E RAINES RD,False,False,False,City of Memphis,True,,243.8,True,no_signal_coverage
300915610,2023-10-06,2023-10-06 16:20:00,2023,10,Friday,16,35.096157,-90.01803,Possible Injury,Pedestrian,Not Intersection-On Roadway Not In Crosswalk,Non-Junction,Daylight,Not Collision with Motor Vehicle in Transport,Pedestrian,1,True,ELVIS PRESLEY BLVD,Minor Arterial,40.0,5.0,3,6.0,0.1519972548741543,ELVIS PRESLEY BLVD,0.5477293401666181,40.0,5,B,MEMPHIS,SHELBY,46979,0.5477293401669802,TDOT state route,state_route_overlap,"state route: 100% overlap, name=ELVIS PRESLEY",ELVIS PRESLEY BLVD,False,False,False,TDOT state route,False,12031,108.5,True,
300917256,2023-10-15,2023-10-15 15:05:00,2023,10,Sunday,15,35.15432,-89.885544,Possible Injury,Pedestrian,Intersection-On Roadway Crosswalk availability Unknown,Intersection,Daylight,Not Collision with Motor Vehicle in Transport,Pedestrian,1,True,,,,,,,117.42647970751968,40 S TO 240 E,72.52475446093793,45.0,1,FT,MEMPHIS,SHELBY,36522,72.52475446153784,Interstate ramp (TDOT),interstate_ramp,interstate ramp: MTFCC S1630,40 S TO 240 E,True,False,False,Interstate ramp,True,,110.0,True,no_signal_coverage