MstrRecNbrTxt,CollisionDate,CollisionDteTime,YearNmb,Month,DayOfWeek,Hour,Latitude,Longitude,InjuryClass,PersonType,NonMotoristLocation,RelationToJunction,LightCondition,MannerOfCollision,FirstHarmfulEvent,VictimsInCrash,InMemphis,StateRoute_NAME,StateRoute_F_System,StateRoute_SPDLIMIT,StateRoute_LANES,StateRoute_ALTNAME_1,StateRoute_Council_District,DistToStateRoute_m,Street_Name,DistToStreet_m,Street_SPDLIMIT,Street_LANES,Street_ONEWAY,Street_CITY_L,Street_COUNTY_L,Seg_OBJECTID,DistToSeg_m,Ownership,Rule_Fired,Classification_Basis,Matched_Street,is_limited_access,is_override,is_corner_case,Jurisdiction_prev,at_intersection,intersection_node_id,nearest_ped_signal_m,is_ambiguous_intersection,intersection_signalized
300915620,2023-10-06,2023-10-06 18:50:00,2023,10,Friday,18,35.172024,-89.868416,Possible Injury,Pedestrian,Intersection-On Roadway not in Crosswalk,Intersection,Dark-Lighted,Not Collision with Motor Vehicle in Transport,Pedestrian,1,True,SUMMER AVE,Principal Arterial,45.0,4.0,1,1.0,3.0131622456908924,SUMMER AVE,0.141509278514793,45.0,4,B,MEMPHIS,SHELBY,48577,0.1415092803648091,TDOT state route,state_route_overlap,"state route: 100% overlap, name=SUMMER",SUMMER AVE,False,False,False,TDOT state route,True,24550,26.5,False,yes
300914486,2023-09-29,2023-09-29 22:20:00,2023,9,Friday,22,35.107105,-89.98499,Possible Injury,Pedestrian,Intersection-On Roadway not in Crosswalk,Intersection-Related,Dark-Not Lighted,Not Collision with Motor Vehicle in Transport,Pedestrian,1,True,AIRWAYS BLVD,Principal Arterial,35.0,5.0,277,4.0,0.542604434771916,AIRWAYS BLVD,0.0450092406148481,35.0,5,B,MEMPHIS,SHELBY,46988,0.0450092406148481,TDOT state route,state_route_overlap,"state route: 100% overlap, name=AIRWAYS",AIRWAYS BLVD,False,False,False,TDOT state route,True,340,159.9,False,no
300911423,2023-09-15,2023-09-15 11:58:00,2023,9,Friday,11,35.14555,-90.00648,Possible Injury,Pedestrian,Not Intersection-Adjacent to Roadway,Intersection-Related,Daylight,Not Collision with Motor Vehicle in Transport,Pedestrian,1,True,,,,,,,864.3147646171473,N AVALON ST,31.504402918832383,30.0,2,B,MEMPHIS,SHELBY,81239,31.504402918701317,City of Memphis,city_residual,city: no state-route overlap,N AVALON ST,False,False,False,City of Memphis,False,,268.4,False,
300915865,2023-10-05,2023-10-05 10:05:00,2023,10,Thursday,10,35.083305,-90.01855,Suspected Minor Injury,Pedestrian,Intersection-On Roadway not in Crosswalk,Non-Junction,Daylight,Not Collision with Motor Vehicle in Transport,Pedestrian,1,True,ELVIS PRESLEY BLVD,Minor Arterial,40.0,4.0,3,6.0,0.025171471139501,NORRIS RD,0.1245076336166819,40.0,4,B,MEMPHIS,SHELBY,50977,0.1245076364265556,City of Memphis,city_residual,city: no state-route overlap,NORRIS RD,False,False,True,City of Memphis,True,12024,0.9,False,yes
300909326,2023-09-06,2023-09-06 05:51:00,2023,9,Wednesday,5,35.22037,-89.909874,Suspected Serious Injury,Pedestrian,Not Intersection-On Roadway Not In Crosswalk,Non-Junction,Dark-Lighted,Not Collision with Motor Vehicle in Transport,Pedestrian,1,True,AUSTIN PEAY HWY,Principal Arterial,45.0,7.0,14,1.0,8.343270575995717,RALEIGH SPRINGS MALL DR,0.6292989345121631,15.0,2,B,MEMPHIS,SHELBY,35562,0.6292989345121631,City of Memphis,city_residual,city: no state-route overlap,RALEIGH SPRINGS MALL DR,False,False,False,City of Memphis,False,1701,152.9,True,
300914231,2023-09-05,2023-09-05 09:00:00,2023,9,Tuesday,9,35.10106,-89.83937,Possible Injury,Pedestrian,Intersection-On Roadway not in Crosswalk,Intersection,Daylight,Not Collision with Motor Vehicle in Transport,Pedestrian,1,True,,,,,,,303.03445155795674,KIRBY PKWY,0.6404694474974967,40.0,5,B,MEMPHIS,SHELBY,51793,0.6404694465516574,City of Memphis,city_residual,city: no state-route overlap,KIRBY PKWY,False,False,False,City of Memphis,True,14530,290.5,False,no
300914809,2023-10-02,2023-10-02 10:43:00,2023,10,Monday,10,35.04782,-89.77089,Possible Injury,Pedestrian,Not Intersection-Outside Traffic,Non-Junction,Daylight,Not Collision with Motor Vehicle in Transport,Pedestrian,1,True,,,,,,,3420.115607728555,WINCHESTER RD,0.4550326071100755,45.0,6,B,MEMPHIS,SHELBY,52458,0.4550326056927889,City of Memphis,city_residual,city: no state-route overlap,WINCHESTER RD,False,False,False,City of Memphis,False,24838,182.4,True,
300921685,2023-11-04,2023-11-04 17:00:00,2023,11,Saturday,17,35.202286,-90.00732,Possible Injury,Pedestrian,Intersection-On Roadway not in Crosswalk,Non-Junction,Daylight,Not Collision with Motor Vehicle in Transport,Pedestrian,1,True,,,,,,,2410.5386064376567,N WATKINS ST,0.6741716930774301,40.0,4,B,MEMPHIS,SHELBY,49861,0.6741716930774301,City of Memphis,city_residual,city: no state-route overlap,N WATKINS ST,False,False,False,City of Memphis,True,21002,1001.4,False,no
300923127,2023-11-10,2023-11-10 14:10:00,2023,11,Friday,14,35.225494,-89.88692,No Injury,Pedestrian,Intersection-Not on Roadway,AccelDecelLane,Daylight,Not Collision with Motor Vehicle in Transport,Other,1,True,,,,,,,582.9842809533618,SUNNYSIDE ST,21.71682893571909,30.0,2,B,MEMPHIS,SHELBY,80324,21.71682893571909,City of Memphis,city_residual,city: no state-route overlap,SUNNYSIDE ST,False,False,False,City of Memphis,True,,783.5,True,no_signal_coverage
300924942,2023-11-20,2023-11-20 13:35:00,2023,11,Monday,13,35.043865,-89.84237,Suspected Minor Injury,Pedestrian,Intersection-Not on Roadway,"Driveway, Alley Access, etc",Daylight,Not Collision with Motor Vehicle in Transport,Pedestrian,1,True,,,,,,,1682.6752329175915,KIRBY PKWY,95.84146292656064,45.0,6,B,MEMPHIS,SHELBY,49509,95.84146292656064,City of Memphis,city_residual,city: no state-route overlap,KIRBY PKWY,False,False,False,City of Memphis,True,,613.5,True,no_signal_coverage
300870877,2023-03-03,2023-03-03 19:15:00,2023,3,Friday,19,35.115478,-90.030309,Fatal,Pedestrian,Intersection-On Roadway not in Crosswalk,Intersection,Dark-Lighted,Not Collision with Motor Vehicle in Transport,Pedestrian,1,True,,,,,,,789.0456608011793,COLLEGE ST,0.7309732572090105,30.0,2,B,MEMPHIS,SHELBY,82319,0.7309732572090105,City of Memphis,city_residual,city: no state-route overlap,COLLEGE ST,False,False,False,City of Memphis,True,7553,607.4,False,no
300920916,2023-11-01,2023-11-01 20:25:00,2023,11,Wednesday,20,35.047623,-90.05627,Possible Injury,Pedestrian,Not Intersection-Adjacent to Roadway,Intersection,Dark-Not Lighted,Not Collision with Motor Vehicle in Transport,Pedestrian,2,True,,,,,,,559.0102343749284,HILLVIEW AVE,0.0388806085391613,30.0,2,B,MEMPHIS,SHELBY,2446,0.0388806043547051,City of Memphis,city_residual,city: no state-route overlap,HILLVIEW AVE,False,False,False,City of Memphis,False,15941,588.3,True,
300921742,2023-11-05,2023-11-05 15:30:00,2023,11,Sunday,15,35.126884,-89.98523,No Injury,Pedestrian,Unknown,AccelDecelLane,Daylight,Angle,Other,1,True,,,,,,,90.25781163019728,LANDIS ST,22.00010741625259,30.0,2,B,MEMPHIS,SHELBY,81664,22.00010741618595,City of Memphis,city_residual,city: no state-route overlap,LANDIS ST,False,False,False,City of Memphis,False,,117.1,False,
300921667,2023-11-05,2023-11-05 01:40:00,2023,11,Sunday,1,35.07425,-89.94877,Suspected Serious Injury,Pedestrian,Intersection-On Roadway not in Crosswalk,Non-Junction,Dark-Lighted,Angle,Other,1,True,LAMAR AVE,Principal Arterial,40.0,7.0,4,4.0,14.141361448878378,LAMAR AVE,11.408413042247698,40.0,7,B,MEMPHIS,SHELBY,47857,11.408413042247698,TDOT state route,state_route_overlap,"state route: 100% overlap, name=LAMAR",LAMAR AVE,False,False,False,TDOT state route,True,17973,198.1,False,no
300922928,2023-11-10,2023-11-10 17:00:00,2023,11,Friday,17,35.072693,-89.931885,Suspected Serious Injury,Pedestrian,Not Intersection-On Roadway Not In Crosswalk,Non-Junction,Dusk,Not Collision with Motor Vehicle in Transport,Pedestrian,1,True,GETWELL RD,Principal Arterial,40.0,7.0,176,4.0,0.8191315866339804,GETWELL RD,0.50230583105649,40.0,7,B,MEMPHIS,SHELBY,46423,0.50230583105649,TDOT state route,state_route_overlap,"state route: 100% overlap, name=GETWELL",GETWELL RD,False,False,False,TDOT state route,False,7450,382.9,True,
300923625,2023-11-13,2023-11-13 14:00:00,2023,11,Monday,14,35.04997,-89.80959,Suspected Serious Injury,Pedestrian,Not Intersection-Outside Traffic,OtherLocation,Daylight,Not Collision with Motor Vehicle in Transport,Pedestrian,1,True,STATE ROUTE 385,Freeway and Expressway,65.0,2.0,NONCONNAH PKWY,2.0,1.3986087896028592,STATE ROUTE 385 E,0.0007114616903108,65.0,3,FT,MEMPHIS,SHELBY,48210,0.0007114616903108,TDOT state route,state_route_overlap,"state route: 100% overlap, name=STATE ROUTE 385",STATE ROUTE 385 E,False,False,False,TDOT state route,False,,18.8,False,
300923919,2023-11-13,2023-11-13 23:50:00,2023,11,Monday,23,35.16373,-90.0367,Possible Injury,Pedestrian,Intersection-On Roadway Crosswalk Not Available,Intersection,Dark-Not Lighted,Not Collision with Motor Vehicle in Transport,Pedestrian,1,True,THOMAS ST,Principal Arterial,35.0,5.0,3,7.0,1.924310776459004,CHELSEA AVE,0.0724008145645172,35.0,5,B,MEMPHIS,SHELBY,50347,0.0724008145194805,TDOT state route,state_route_overlap,"state route: 100% overlap, name=CHELSEA",CHELSEA AVE,False,False,False,TDOT state route,True,6711,769.7,False,no
300920662,2023-10-30,2023-10-30 18:58:00,2023,10,Monday,18,35.10829,-89.970085,Suspected Serious Injury,Pedestrian,Not Intersection-On Roadway Not In Crosswalk,Non-Junction,Dark-Lighted,Not Collision with Motor Vehicle in Transport,Pedestrian,1,True,,,,,,,1092.3482935212924,PARK AVE,23.469216769298903,35.0,4,B,MEMPHIS,SHELBY,51049,23.469216769955505,City of Memphis,city_residual,city: no state-route overlap,PARK AVE,False,False,False,City of Memphis,False,,1350.1,False,
300918716,2023-10-21,2023-10-21 21:30:00,2023,10,Saturday,21,35.107296,-90.04129,Suspected Serious Injury,Pedestrian,Not Intersection-On Roadway Not In Crosswalk,AccelDecelLane,Dark-Lighted,Not Collision with Motor Vehicle in Transport,Pedestrian,1,True,,,,,,,1280.7037250052265,S PARKWAY E,0.0993316709004744,35.0,5,B,MEMPHIS,SHELBY,50895,0.0993316722459882,City of Memphis,city_residual,city: no state-route overlap,S PARKWAY E,False,False,False,City of Memphis,False,19853,1011.4,True,
300924495,2023-11-17,2023-11-17 19:44:00,2023,11,Friday,19,35.109135,-89.88837,Possible Injury,Pedestrian,Intersection-In Crosswalk,Intersection,Dark-Lighted,Not Collision with Motor Vehicle in Transport,Pedestrian,1,True,POPLAR AVE,Principal Arterial,40.0,7.0,57,5.0,4.354441791235123,S WHITE STATION RD,0.3925654176181126,40.0,5,B,MEMPHIS,SHELBY,53073,0.3925654176181126,City of Memphis,city_residual,city: no state-route overlap,S WHITE STATION RD,False,False,True,City of Memphis,True,22398,1.2,False,yes
300921775,2023-11-05,2023-11-05 19:25:00,2023,11,Sunday,19,35.182,-89.8638,Possible Injury,Pedestrian,Not Intersection-Adjacent to Roadway,Intersection-Related,Dark-Lighted,Not Collision with Motor Vehicle in Transport,Pedestrian,1,True,,,,,,,383.4797261930772,RALEIGH LAGRANGE RD,35.47379154431948,40.0,2,B,MEMPHIS,SHELBY,50118,35.47379154431948,City of Memphis,city_residual,city: no state-route overlap,RALEIGH LAGRANGE RD,False,False,False,City of Memphis,False,,396.8,False,
300923942,2023-11-16,2023-11-16 00:12:00,2023,11,Thursday,0,35.17838,-89.93549,Possible Injury,Pedestrian,Not Intersection-Adjacent to Roadway,Non-Junction,Dark-Lighted,Not Collision with Motor Vehicle in Transport,Pedestrian,1,True,,,,,,,108.90127510440584,VILLA DR,0.7970204729509673,30.0,2,B,MEMPHIS,SHELBY,29523,0.7970204734700228,City of Memphis,city_residual,city: no state-route overlap,VILLA DR,False,False,False,City of Memphis,False,,172.4,False,
300875694,2023-03-25,2023-03-25 23:19:00,2023,3,Saturday,23,35.06969,-89.87566,Suspected Serious Injury,Pedestrian,Not Intersection-On Roadway Not In Crosswalk,Intersection,Dark-Lighted,Not Collision with Motor Vehicle in Transport,Pedestrian,1,True,,,,,,,1050.318144439627,CLARKE RD,0.1800200779208027,35.0,2,B,MEMPHIS,SHELBY,71287,0.1800200779139728,City of Memphis,city_residual,city: no state-route overlap,CLARKE RD,False,False,False,City of Memphis,False,7206,502.1,True,
300914363,2023-10-01,2023-10-01 02:33:00,2023,10,Sunday,2,35.060703,-89.83386,Fatal,Pedestrian,Not Intersection-On Roadway Not In Crosswalk,Non-Junction,Dark-Not Lighted,Not Collision with Motor Vehicle in Transport,Pedestrian,1,True,,,,,,,208.38472000135084,QUINCE RD,0.4279886470580944,45.0,2,B,MEMPHIS,SHELBY,51853,0.4279886463520291,City of Memphis,city_residual,city: no state-route overlap,QUINCE RD,False,False,False,City of Memphis,False,,746.1,False,
300922966,2023-11-09,2023-11-09 15:25:00,2023,11,Thursday,15,35.018738,-90.02509,Possible Injury,Pedestrian,Intersection-In Crosswalk,OtherLocation,Other,Not Collision with Motor Vehicle in Transport,Pedestrian,1,True,ELVIS PRESLEY BLVD,Principal Arterial,40.0,5.0,3,3.0,11.751532176966876,ELVIS PRESLEY BLVD,11.55140424866186,40.0,5,B,MEMPHIS,SHELBY,46488,11.551404248663562,TDOT state route,state_route_overlap,"state route: 100% overlap, name=ELVIS PRESLEY",ELVIS PRESLEY BLVD,False,False,False,TDOT state route,True,,174.0,True,no_signal_coverage
300922682,2023-11-08,2023-11-08 20:35:00,2023,11,Wednesday,20,35.244186,-89.94719,Fatal,Pedestrian,Not Intersection-Adjacent to Roadway,Non-Junction,Dark-Lighted,Not Collision with Motor Vehicle in Transport,Pedestrian,1,True,,,,,,,4294.067791359,RIDGEMONT RD,41.65388928812308,30.0,4,B,MEMPHIS,SHELBY,52106,41.65388928817641,City of Memphis,city_residual,city: no state-route overlap,RIDGEMONT RD,False,False,False,City of Memphis,False,,4279.7,False,
300921575,2023-11-04,2023-11-04 18:30:00,2023,11,Saturday,18,35.177612,-89.95804,Possible Injury,Pedestrian,Not Intersection-In Crosswalk,Intersection,Daylight,Not Collision with Motor Vehicle in Transport,Pedestrian,1,True,,,,,,,1351.700163697603,ORIOLE ST,23.519875876590227,30.0,2,B,MEMPHIS,SHELBY,82980,23.519875876590227,City of Memphis,city_residual,city: no state-route overlap,ORIOLE ST,False,False,False,City of Memphis,False,,1318.5,False,
300922705,2023-11-09,2023-11-09 17:14:00,2023,11,Thursday,17,35.149544,-90.04439,Suspected Minor Injury,Pedestrian,Intersection-In Crosswalk,Intersection,Dark-Lighted,Not Collision with Motor Vehicle in Transport,Pedestrian,1,True,,,,,,,119.7233311976663,EXCHANGE AVE,0.565126252385457,30.0,2,B,MEMPHIS,SHELBY,6544,0.565126252385457,City of Memphis,city_residual,city: no state-route overlap,EXCHANGE AVE,False,False,False,City of Memphis,True,12347,136.3,False,no_signal_coverage
300922709,2023-11-09,2023-11-09 18:20:00,2023,11,Thursday,18,35.136204,-90.016266,Suspected Minor Injury,Pedestrian,Intersection-On Roadway not in Crosswalk,Intersection,Dark-Lighted,Not Collision with Motor Vehicle in Transport,Pedestrian,1,True,,,,,,,70.51544182555966,ALLEY,29.705336399717176,25.0,1,B,MEMPHIS,SHELBY,267,29.705336399752813,City of Memphis,city_residual,city: no state-route overlap,ALLEY,False,False,False,City of Memphis,True,,79.8,True,no_signal_coverage
300920103,2023-10-27,2023-10-27 22:00:00,2023,10,Friday,22,35.018356,-90.06777,Suspected Serious Injury,Pedestrian,Not Intersection-On Roadway Crosswalk not Available,"Driveway, Alley Access, etc",Dark-Lighted,Not Collision with Motor Vehicle in Transport,Pedestrian,1,True,,,,,,,287.1935151816499,W GEETER RD,26.770476748563905,30.0,2,B,MEMPHIS,SHELBY,72010,26.770476748559243,City of Memphis,city_residual,city: no state-route overlap,W GEETER RD,False,False,False,City of Memphis,False,,1581.7,False,
300924559,2023-11-18,2023-11-18 19:50:00,2023,11,Saturday,19,35.035503,-90.090324,Possible Injury,Pedestrian,Intersection-On Roadway Crosswalk availability Unknown,Intersection,Dawn,Not Collision with Motor Vehicle in Transport,Pedestrian,1,True,,,,,,,1209.3255479372792,W RAINES RD,41.85144794264753,40.0,5,B,MEMPHIS,SHELBY,49557,41.851447942898574,City of Memphis,city_residual,city: no state-route overlap,W RAINES RD,False,False,False,City of Memphis,True,,1238.3,True,no_signal_coverage
300922763,2023-11-08,2023-11-08 08:15:00,2023,11,Wednesday,8,35.143147,-90.04417,Possible Injury,Pedestrian,Intersection-On Roadway not in Crosswalk,"Driveway, Alley Access, etc",Daylight,Not Collision with Motor Vehicle in Transport,Pedestrian,1,True,S DANNY THOMAS BLVD,Principal Arterial,35.0,2.0,1,6.0,2.6948324263141448,MADISON AVE,0.0229799369022608,35.0,4,B,MEMPHIS,SHELBY,50307,0.0229799355114905,City of Memphis,city_residual,city: no state-route overlap,MADISON AVE,False,False,True,City of Memphis,True,18944,151.5,False,no
300924350,2023-11-17,2023-11-17 19:00:00,2023,11,Friday,19,35.083065,-89.93171,Possible Injury,Pedestrian,Intersection-Not on Roadway,Intersection-Related,Dark-Lighted,Not Collision with Motor Vehicle in Transport,Pedestrian,1,True,,,,,,,288.9813946539055,GETWELL RD,41.04552473580102,40.0,7,B,MEMPHIS,SHELBY,53672,41.045524735788455,City of Memphis,city_residual,city: no state-route overlap,GETWELL RD,False,False,False,City of Memphis,True,,170.5,True,no_signal_coverage
300922788,2023-11-09,2023-11-09 00:14:00,2023,11,Thursday,0,35.06032,-90.06083,Possible Injury,Pedestrian,Not Intersection-On Roadway Not In Crosswalk,Intersection,Dark-Lighted,Not Collision with Motor Vehicle in Transport,Pedestrian,1,True,,,,,,,121.84819025951022,E ROLLINS RD,31.92495631839188,30.0,2,B,MEMPHIS,SHELBY,72080,31.92495631839188,City of Memphis,city_residual,city: no state-route overlap,E ROLLINS RD,False,False,False,City of Memphis,False,,336.6,False,
300920164,2023-10-27,2023-10-27 20:47:00,2023,10,Friday,20,35.073643,-89.90422,Possible Injury,Pedestrian,Not Intersection-On Roadway Not In Crosswalk,Non-Junction,Dark-Lighted,Not Collision with Motor Vehicle in Transport,Pedestrian,1,True,,,,,,,2506.953665554177,AMERICAN WAY,46.40280206527844,45.0,5,B,MEMPHIS,SHELBY,49380,46.40280206386154,City of Memphis,city_residual,city: no state-route overlap,AMERICAN WAY,False,False,False,City of Memphis,False,,491.2,False,
300918339,2023-10-18,2023-10-18 15:52:00,2023,10,Wednesday,15,35.13079,-90.02165,Possible Injury,Pedestrian,Intersection-On Roadway not in Crosswalk,Intersection,Daylight,Not Collision with Motor Vehicle in Transport,Pedestrian,1,True,,,,,,,65.69058224710349,S BELLEVUE BLVD,66.24547213259919,35.0,4,B,MEMPHIS,SHELBY,46753,66.24547213259919,TDOT state route,state_route_overlap,"state route: 100% overlap, name=S BELLEVUE",S BELLEVUE BLVD,False,False,False,TDOT state route,True,,163.1,True,no_signal_coverage
300924868,2023-11-20,2023-11-20 12:30:00,2023,11,Monday,12,35.084736,-89.98446,Possible Injury,Pedestrian,Not Intersection-On Roadway Not In Crosswalk,Non-Junction,Daylight,Not Collision with Motor Vehicle in Transport,Pedestrian,1,True,,,,,,,1732.1657577649394,DWIGHT RD,1.6822335980467913,35.0,2,B,MEMPHIS,SHELBY,73482,1.6822335980467913,City of Memphis,city_residual,city: no state-route overlap,DWIGHT RD,False,False,False,City of Memphis,False,,357.0,False,
300922220,2023-11-07,2023-11-07 15:48:00,2023,11,Tuesday,15,35.21583,-89.92238,Possible Injury,Pedestrian,Intersection-On Roadway Crosswalk Not Available,Intersection,Daylight,Not Collision with Motor Vehicle in Transport,Pedestrian,1,True,,,,,,,555.990006601053,HANNA DR,23.517808814474417,30.0,2,B,MEMPHIS,SHELBY,28219,23.51780881429649,City of Memphis,city_residual,city: no state-route overlap,HANNA DR,False,False,False,City of Memphis,True,,553.6,True,no_signal_coverage
300927745,2023-12-04,2023-12-04 15:43:00,2023,12,Monday,15,35.09624,-89.85845,Possible Injury,Pedestrian,Not Intersection-On Roadway Not In Crosswalk,Non-Junction,Daylight,Not Collision with Motor Vehicle in Transport,Pedestrian,1,True,,,,,,,596.0702313083611,RIDGEWAY RD,8.557079077231636,40.0,7,B,MEMPHIS,SHELBY,52875,8.557079077231636,City of Memphis,city_residual,city: no state-route overlap,RIDGEWAY RD,False,False,False,City of Memphis,False,,133.8,False,
300929339,2023-12-11,2023-12-11 07:40:00,2023,12,Monday,7,35.210182,-90.02313,Possible Injury,Pedestrian,Not Intersection-On Roadway Not In Crosswalk,Non-Junction,Dusk,Not Collision with Motor Vehicle in Transport,Pedestrian,1,True,,,,,,,847.7697455204042,DELLWOOD AVE,0.53544591821906,35.0,2,B,MEMPHIS,SHELBY,2690,0.53544591821906,City of Memphis,city_residual,city: no state-route overlap,DELLWOOD AVE,False,False,False,City of Memphis,False,,832.9,False,
300927753,2023-12-03,2023-12-03 20:50:00,2023,12,Sunday,20,35.10837,-90.02629,No Injury,Pedestrian,Not Intersection-Outside Traffic,Intersection-Related,Dark-Not Lighted,Angle,Other,1,True,,,,,,,432.2892843387012,ENGLEWOOD ST,18.002966116274457,25.0,2,B,MEMPHIS,SHELBY,82351,18.002966116274457,City of Memphis,city_residual,city: no state-route overlap,ENGLEWOOD ST,False,False,False,City of Memphis,False,,198.3,False,
300927756,2023-12-04,2023-12-04 17:30:00,2023,12,Monday,17,35.02604,-90.00751,Possible Injury,Pedestrian,Intersection-On Roadway not in Crosswalk,Non-Junction,Dusk,Not Collision with Motor Vehicle in Transport,Pedestrian,1,True,,,,,,,551.6889749719535,MILLBRANCH RD,1.1351826930452655,40.0,4,B,MEMPHIS,SHELBY,49772,1.1351826930556943,City of Memphis,city_residual,city: no state-route overlap,MILLBRANCH RD,False,False,False,City of Memphis,True,19816,539.4,False,no
300926936,2023-11-30,2023-11-30 08:10:00,2023,11,Thursday,8,35.035538,-90.023155,Possible Injury,Pedestrian,Intersection-On Roadway not in Crosswalk,Non-Junction,Daylight,Not Collision with Motor Vehicle in Transport,Pedestrian,1,True,,,,,,,183.26490622025744,E RAINES RD,1.9223949159374376,40.0,5,B,MEMPHIS,SHELBY,49723,1.922394916068038,City of Memphis,city_residual,city: no state-route overlap,E RAINES RD,False,False,False,City of Memphis,True,11093,167.9,False,no
300926168,2023-11-27,2023-11-27 08:53:00,2023,11,Monday,8,35.141293,-90.01636,Possible Injury,Pedestrian,Intersection-In Crosswalk,Intersection,Daylight,Not Collision with Motor Vehicle in Transport,Pedestrian,1,True,,,,,,,488.725512612909,N CLEVELAND ST,29.2277131372257,35.0,4,B,MEMPHIS,SHELBY,81001,29.22771313800663,City of Memphis,city_residual,city: no state-route overlap,N CLEVELAND ST,False,False,False,City of Memphis,True,,298.8,True,no_signal_coverage
300926462,2023-11-28,2023-11-28 17:05:00,2023,11,Tuesday,17,35.020824,-90.04911,Possible Injury,Pedestrian,Intersection-On Roadway Crosswalk Not Available,Intersection-Related,Dark-Not Lighted,Not Collision with Motor Vehicle in Transport,Pedestrian,1,True,E SHELBY DR,Minor Arterial,45.0,5.0,175,6.0,4.00799848927666,E SHELBY DR,0.632746904909872,45.0,5,B,MEMPHIS,SHELBY,49678,0.6327469038080792,TDOT state route,state_route_overlap,"state route: 100% overlap, name=E SHELBY",E SHELBY DR,False,False,False,TDOT state route,True,,2209.7,True,no_signal_coverage
300911569,2023-09-14,2023-09-14 08:00:00,2023,9,Thursday,8,35.16373,-90.0367,Fatal,Pedestrian,Not Intersection-Outside Traffic,Intersection,Daylight,Not Collision with Motor Vehicle in Transport,Other,1,True,THOMAS ST,Principal Arterial,35.0,5.0,3,7.0,1.924310776459004,CHELSEA AVE,0.0724008145645172,35.0,5,B,MEMPHIS,SHELBY,50347,0.0724008145194805,TDOT state route,state_route_overlap,"state route: 100% overlap, name=CHELSEA",CHELSEA AVE,False,False,False,TDOT state route,False,6711,769.7,True,
300928921,2023-12-10,2023-12-10 09:30:00,2023,12,Sunday,9,35.145313,-90.03447,Possible Injury,Pedestrian,Intersection-Unknown,Intersection,Daylight,Not Collision with Motor Vehicle in Transport,Pedestrian,1,True,,,,,,,732.22829977973,N MANASSAS ST,39.458731061351294,30.0,4,B,MEMPHIS,SHELBY,80711,39.45873106095824,City of Memphis,city_residual,city: no state-route overlap,N MANASSAS ST,False,False,False,City of Memphis,True,,61.7,True,no_signal_coverage
300925848,2023-11-25,2023-11-25 01:56:00,2023,11,Saturday,1,35.13684,-90.01668,Suspected Minor Injury,Pedestrian,Intersection-Unknown,Non-Junction,Dark-Not Lighted,Not Collision with Motor Vehicle in Transport,Pedestrian,1,True,UNION AVE,Principal Arterial,35.0,6.0,23,6.0,5.167134976568865,UNION AVE,0.585222463273447,35.0,6,B,MEMPHIS,SHELBY,48098,0.5852224632386966,TDOT state route,state_route_overlap,"state route: 100% overlap, name=UNION",UNION AVE,False,False,False,TDOT state route,True,23463,2.3,False,yes
300927352,2023-12-02,2023-12-02 18:00:00,2023,12,Saturday,18,35.091293,-90.076,Suspected Serious Injury,Pedestrian,Not Intersection-On Roadway Crosswalk not Available,"Driveway, Alley Access, etc",Dark-Lighted,Not Collision with Motor Vehicle in Transport,Pedestrian,1,True,,,,,,,1791.5246417648054,RIVERSIDE BLVD,20.21903780463357,35.0,2,B,MEMPHIS,SHELBY,8010,20.219037804509885,City of Memphis,city_residual,city: no state-route overlap,RIVERSIDE BLVD,False,False,False,City of Memphis,False,,447.5,False,
300925131,2023-11-20,2023-11-20 18:23:00,2023,11,Monday,18,35.184135,-89.92008,Suspected Serious Injury,Pedestrian,Not Intersection-On Roadway Not In Crosswalk,Non-Junction,Dark-Lighted,Not Collision with Motor Vehicle in Transport,Pedestrian,1,True,,,,,,,901.9042639485684,DAVIS CIR,26.02925678855238,30.0,2,B,MEMPHIS,SHELBY,9174,26.029256788112185,City of Memphis,city_residual,city: no state-route overlap,DAVIS CIR,False,False,False,City of Memphis,False,,995.1,False,
300922063,2023-11-06,2023-11-06 09:45:00,2023,11,Monday,9,35.046616,-90.01205,No Injury,Pedestrian,Intersection-Not on Roadway,Non-Junction,Daylight,Not Collision with Motor Vehicle in Transport,Other,1,True,,,,,,,1191.59655419426,LEHR DR,4.460657630514634,35.0,2,B,MEMPHIS,SHELBY,27523,4.460657630514634,City of Memphis,city_residual,city: no state-route overlap,LEHR DR,False,False,False,City of Memphis,True,,877.3,True,no_signal_coverage
300905908,2023-08-19,2023-08-19 01:18:00,2023,8,Saturday,1,35.07087,-89.90529,Fatal,Pedestrian,Not Intersection-On Roadway Crosswalk Availability Unknown,Intersection-Related,Dark-Lighted,Not Collision with Motor Vehicle in Transport,Pedestrian,1,True,,,,,,,2433.368811448551,S PERKINS RD,18.12866974563008,40.0,7,B,MEMPHIS,SHELBY,51872,18.12866974563008,City of Memphis,city_residual,city: no state-route overlap,S PERKINS RD,False,False,False,City of Memphis,False,23679,172.5,True,
300927444,2023-12-01,2023-12-01 00:00:00,2023,12,Friday,99,35.13684,-90.01668,Possible Injury,Pedestrian,Intersection-In Crosswalk,Intersection,Unknown,Not Collision with Motor Vehicle in Transport,Pedestrian,1,True,UNION AVE,Principal Arterial,35.0,6.0,23,6.0,5.167134976568865,UNION AVE,0.585222463273447,35.0,6,B,MEMPHIS,SHELBY,48098,0.5852224632386966,TDOT state route,state_route_overlap,"state route: 100% overlap, name=UNION",UNION AVE,False,False,False,TDOT state route,True,23463,2.3,False,yes