MstrRecNbrTxt,CollisionDate,CollisionDteTime,YearNmb,Month,DayOfWeek,Hour,Latitude,Longitude,InjuryClass,PersonType,NonMotoristLocation,RelationToJunction,LightCondition,MannerOfCollision,FirstHarmfulEvent,VictimsInCrash,InMemphis,StateRoute_NAME,StateRoute_F_System,StateRoute_SPDLIMIT,StateRoute_LANES,StateRoute_ALTNAME_1,StateRoute_Council_District,DistToStateRoute_m,Street_Name,DistToStreet_m,Street_SPDLIMIT,Street_LANES,Street_ONEWAY,Street_CITY_L,Street_COUNTY_L,Seg_OBJECTID,DistToSeg_m,Ownership,Rule_Fired,Classification_Basis,Matched_Street,is_limited_access,is_override,is_corner_case,Jurisdiction_prev,at_intersection,intersection_node_id,nearest_ped_signal_m,is_ambiguous_intersection,intersection_signalized
300925897,2023-11-24,2023-11-24 21:00:00,2023,11,Friday,21,35.128716,-90.02108,Suspected Minor Injury,Pedestrian,Intersection-In Crosswalk,Intersection,Dark-Lighted,Not Collision with Motor Vehicle in Transport,Pedestrian,1,True,S BELLEVUE BLVD,Minor Arterial,35.0,4.0,3,6.0,0.1613578382113724,LAMAR AVE,0.364993029068438,40.0,7,B,MEMPHIS,SHELBY,47391,0.3649930302199551,TDOT state route,state_route_overlap,"state route: 100% overlap, name=LAMAR",LAMAR AVE,False,False,False,TDOT state route,True,17995,150.5,False,no
300945569,2024-03-06,2024-03-06 19:00:00,2024,3,Wednesday,19,35.13337,-89.96339,Possible Injury,Pedestrian,Not Intersection-On Roadway Not In Crosswalk,Non-Junction,Dark-Lighted,Not Collision with Motor Vehicle in Transport,Pedestrian,1,True,POPLAR AVE,Principal Arterial,40.0,7.0,57,5.0,4.716625327566114,POPLAR AVE,0.560589018528974,40.0,7,B,MEMPHIS,SHELBY,47004,0.560589018528974,TDOT state route,state_route_overlap,"state route: 100% overlap, name=POPLAR",POPLAR AVE,False,False,False,TDOT state route,False,22420,10.4,True,
300944713,2024-03-06,2024-03-06 14:44:00,2024,3,Wednesday,14,35.03486,-89.86643,Possible Injury,Pedestrian,Not Intersection-On Roadway Not In Crosswalk,Non-Junction,Daylight,Not Collision with Motor Vehicle in Transport,Pedestrian,1,True,,,,,,,1604.4206166412694,E RAINES RD,0.1875011714317994,45.0,7,B,MEMPHIS,SHELBY,51726,0.187501168614182,City of Memphis,city_residual,city: no state-route overlap,E RAINES RD,False,False,False,City of Memphis,False,11109,1586.3,True,
300946427,2024-03-16,2024-03-16 18:05:00,2024,3,Saturday,18,35.131176,-89.94599,Possible Injury,Pedestrian,Intersection-Not on Roadway,Non-Junction,Dawn,Not Collision with Motor Vehicle in Transport,Pedestrian,1,True,,,,,,,95.7360951912625,S HIGHLAND ST,80.90290903881785,40.0,5,B,MEMPHIS,SHELBY,53630,80.90290904058938,City of Memphis,city_residual,city: no state-route overlap,S HIGHLAND ST,False,False,False,City of Memphis,True,,354.0,True,no_signal_coverage
300943138,2024-02-26,2024-02-26 03:00:00,2024,2,Monday,3,35.14826,-90.043564,Suspected Serious Injury,Pedestrian,Intersection-In Crosswalk,Non-Junction,Unknown,Not Collision with Motor Vehicle in Transport,Pedestrian,1,True,N DANNY THOMAS BLVD,Principal Arterial,35.0,7.0,1,7.0,1.394637586416222,POPLAR AVE,0.1784069825667112,35.0,5,B,MEMPHIS,SHELBY,50319,0.1784069852752176,City of Memphis,city_residual,city: no state-route overlap,POPLAR AVE,False,False,False,City of Memphis,True,20500,25.1,False,yes
300943609,2024-02-28,2024-02-28 11:58:00,2024,2,Wednesday,11,35.146214,-90.04428,Possible Injury,Pedestrian,Intersection-On Roadway not in Crosswalk,Intersection-Related,Daylight,Not Collision with Motor Vehicle in Transport,Pedestrian,1,True,N DANNY THOMAS BLVD,Principal Arterial,35.0,7.0,1,7.0,0.0999569035118134,ADAMS AVE,0.3236714706540734,30.0,2,B,MEMPHIS,SHELBY,3399,0.3236714720026071,City of Memphis,city_residual,city: no state-route overlap,ADAMS AVE,False,False,True,City of Memphis,True,144,15.5,False,yes
300944086,2024-03-02,2024-03-02 16:05:00,2024,3,Saturday,16,35.13793,-90.031555,Suspected Minor Injury,Pedestrian,Not Intersection-On Roadway Not In Crosswalk,Non-Junction,Daylight,Not Collision with Motor Vehicle in Transport,Pedestrian,1,True,,,,,,,49.20245343686932,UNION AVE,44.6440201575137,35.0,6,B,MEMPHIS,SHELBY,46704,44.6440201571574,TDOT state route,state_route_overlap,"state route: 100% overlap, name=UNION",UNION AVE,False,False,False,TDOT state route,False,,70.5,False,
300944271,2024-03-03,2024-03-03 03:00:00,2024,3,Sunday,3,35.140358,-90.05173,Suspected Serious Injury,Pedestrian,Intersection-Unknown,Non-Junction,Dark-Lighted,Not Collision with Motor Vehicle in Transport,Pedestrian,1,True,S THIRD ST,Minor Arterial,35.0,3.0,14,6.0,0.3220582526787811,PEABODY PL,0.5394471709462352,30.0,4,B,MEMPHIS,SHELBY,55057,0.5394471709462352,City of Memphis,city_residual,city: no state-route overlap,PEABODY PL,False,False,True,City of Memphis,True,22007,383.4,False,no_signal_coverage
300942946,2024-02-19,2024-02-19 18:26:00,2024,2,Monday,18,35.1347,-89.98194,Suspected Serious Injury,Pedestrian,Intersection-On Roadway not in Crosswalk,Intersection-Related,Daylight,Not Collision with Motor Vehicle in Transport,Pedestrian,1,True,,,,,,,132.69016219471322,PATRICIA DR,114.93270556490468,30.0,2,B,MEMPHIS,SHELBY,29409,114.93270556490468,City of Memphis,city_residual,city: no state-route overlap,PATRICIA DR,False,False,False,City of Memphis,True,,175.4,True,no_signal_coverage
300922820,2023-11-09,2023-11-09 17:14:00,2023,11,Thursday,17,35.10725,-89.9874,Suspected Serious Injury,Pedestrian,Not Intersection-On Roadway Not In Crosswalk,AccelDecelLane,Dark-Lighted,Not Collision with Motor Vehicle in Transport,Pedestrian,1,True,LAMAR AVE,Principal Arterial,40.0,5.0,4,4.0,4.844639429684199,LAMAR AVE,6.903895782513437,40.0,5,B,MEMPHIS,SHELBY,46915,6.903895782513437,TDOT state route,state_route_overlap,"state route: 100% overlap, name=LAMAR",LAMAR AVE,False,False,False,TDOT state route,False,,90.6,False,
300946022,2024-03-14,2024-03-14 06:30:00,2024,3,Thursday,6,35.13608,-90.0245,Suspected Serious Injury,Pedestrian,Not Intersection-On Roadway Crosswalk Availability Unknown,AccelDecelLane,Dawn,Not Collision with Motor Vehicle in Transport,Pedestrian,1,True,,,,,,,174.69288330203923,EASTMORELAND AVE,0.4268931970007385,30.0,2,B,MEMPHIS,SHELBY,6741,0.4268931955702492,City of Memphis,city_residual,city: no state-route overlap,EASTMORELAND AVE,False,False,False,City of Memphis,False,,383.0,False,
300942758,2024-02-24,2024-02-24 08:29:00,2024,2,Saturday,8,35.065323,-90.072075,Possible Injury,Pedestrian,Intersection-Unknown,Intersection,Daylight,Not Collision with Motor Vehicle in Transport,Pedestrian,1,True,,,,,,,1190.320105631597,FLYNN RD,31.35916470441561,30.0,2,B,MEMPHIS,SHELBY,72006,31.35916470583962,City of Memphis,city_residual,city: no state-route overlap,FLYNN RD,False,False,False,City of Memphis,True,,1180.3,True,no_signal_coverage
300946093,2024-03-14,2024-03-14 13:30:00,2024,3,Thursday,13,35.05282,-90.00772,Suspected Serious Injury,Pedestrian,Not Intersection-Other Not On Roadway,Non-Junction,Daylight,Not Collision with Motor Vehicle in Transport,Pedestrian,1,True,,,,,,,1580.0668840325095,MILLBRANCH RD,24.248657962351214,40.0,4,B,MEMPHIS,SHELBY,49793,24.2486579623777,City of Memphis,city_residual,city: no state-route overlap,MILLBRANCH RD,False,False,False,City of Memphis,False,,90.7,False,
300943004,2024-02-25,2024-02-25 21:08:00,2024,2,Sunday,21,35.153065,-89.883156,Possible Injury,Pedestrian,Not Intersection-On Roadway Not In Crosswalk,Non-Junction,Dark-Lighted,Angle,Other,2,True,,,,,,,372.22162486753086,SAM COOPER BLVD W,1.6481511550829215,65.0,2,TF,MEMPHIS,SHELBY,39690,1.6481511554650905,Limited-access (TDOT),limited_access_override,limited-access override: Sam Cooper Blvd W,SAM COOPER BLVD W,True,True,False,City of Memphis,False,,363.9,False,
300946316,2024-03-16,2024-03-16 00:30:00,2024,3,Saturday,0,35.17286,-90.036,Suspected Serious Injury,Pedestrian,Not Intersection-On Roadway Not In Crosswalk,Intersection-Related,Dark-Not Lighted,Not Collision with Motor Vehicle in Transport,Pedestrian,1,True,THOMAS ST,Minor Arterial,35.0,4.0,3,7.0,0.1079038746287813,MARBLE AVE,0.0141789623981717,30.0,2,B,MEMPHIS,SHELBY,3577,0.0141789609906644,City of Memphis,city_residual,city: no state-route overlap,MARBLE AVE,False,False,False,City of Memphis,False,19144,679.4,True,
300943009,2024-02-25,2024-02-25 18:51:00,2024,2,Sunday,18,35.066006,-89.912094,Possible Injury,Pedestrian,Not Intersection-Other Not On Roadway,"Driveway, Alley Access, etc",Dark-Lighted,Not Collision with Motor Vehicle in Transport,Pedestrian,1,True,,,,,,,1801.8772442394704,MEADOWS LN,15.91936108473337,30.0,2,B,MEMPHIS,SHELBY,41957,15.9193610849924,City of Memphis,city_residual,city: no state-route overlap,MEADOWS LN,False,False,False,City of Memphis,False,,715.4,False,
300902280,2023-08-01,2023-08-01 00:00:00,2023,8,Tuesday,0,35.021023,-90.00268,Fatal,Pedestrian,Not Intersection-On Roadway Crosswalk not Available,Non-Junction,Dark-Lighted,Angle,Other,1,True,E SHELBY DR,,40.0,7.0,175,3.0,4.94990160948917,E SHELBY DR,0.2618931729026986,40.0,7,B,MEMPHIS,SHELBY,48145,0.2618931742681243,TDOT state route,state_route_overlap,"state route: 100% overlap, name=E SHELBY",E SHELBY DR,False,False,False,TDOT state route,False,,176.6,False,
300942814,2024-02-23,2024-02-23 14:40:00,2024,2,Friday,14,35.204502,-89.79206,Suspected Minor Injury,Pedestrian,Not Intersection-On Roadway Not In Crosswalk,Intersection,Daylight,Not Collision with Motor Vehicle in Transport,Pedestrian,1,True,N GERMANTOWN PKWY,Principal Arterial,45.0,7.0,177,1.0,0.0834361809957411,N GERMANTOWN PKWY,0.2520866061966679,45.0,7,B,MEMPHIS,SHELBY,48484,0.2520866062122356,TDOT state route,state_route_overlap,"state route: 100% overlap, name=N GERMANTOWN",N GERMANTOWN PKWY,False,False,False,TDOT state route,False,20581,33.6,True,
300942827,2024-02-24,2024-02-24 17:35:00,2024,2,Saturday,17,35.090954,-89.9167,Possible Injury,Pedestrian,Not Intersection-On Roadway Not In Crosswalk,Non-Junction,Daylight,Not Collision with Motor Vehicle in Transport,Pedestrian,1,True,,,,,,,1767.3599265627868,CHERRY RD,0.0599327529073484,40.0,4,B,MEMPHIS,SHELBY,74069,0.0599327529073484,City of Memphis,city_residual,city: no state-route overlap,CHERRY RD,False,False,False,City of Memphis,False,,1562.8,False,
300944418,2024-03-04,2024-03-04 18:58:00,2024,3,Monday,18,35.07585,-89.93103,Possible Injury,Pedestrian,Not Intersection-On Roadway Not In Crosswalk,AccelDecelLane,Dark-Lighted,Not Collision with Motor Vehicle in Transport,Pedestrian,1,True,,,,,,,49.91964123275287,GETWELL RD,50.24153739232893,40.0,7,B,MEMPHIS,SHELBY,47387,50.241537392314,TDOT state route,state_route_overlap,"state route: 100% overlap, name=GETWELL",GETWELL RD,False,False,False,TDOT state route,False,,67.9,False,
300943527,2024-02-28,2024-02-28 15:39:00,2024,2,Wednesday,15,35.19523,-89.83642,Possible Injury,Pedestrian,Not Intersection-On Roadway Not In Crosswalk,Non-Junction,Daylight,Not Collision with Motor Vehicle in Transport,Pedestrian,1,True,,,,,,,1047.6951110562966,REESE RD,0.097033155196534,30.0,2,B,MEMPHIS,SHELBY,77124,0.0970331551214594,City of Memphis,city_residual,city: no state-route overlap,REESE RD,False,False,False,City of Memphis,False,17682,613.6,True,
300945667,2024-03-11,2024-03-11 21:45:00,2024,3,Monday,21,35.061985,-89.8891,Suspected Minor Injury,Pedestrian,Not Intersection-Other Not On Roadway,Intersection-Related,Dark-Lighted,Unknown,Other,1,True,,,,,,,2408.058818383831,KNIGHT ARNOLD RD,0.1302697661176117,40.0,4,B,MEMPHIS,SHELBY,49395,0.1302697647135705,City of Memphis,city_residual,city: no state-route overlap,KNIGHT ARNOLD RD,False,False,False,City of Memphis,False,17715,1259.1,True,
300944655,2024-03-06,2024-03-06 05:45:00,2024,3,Wednesday,5,35.072372,-89.863434,Possible Injury,Pedestrian,Intersection-On Roadway not in Crosswalk,AccelDecelLane,Dark-Not Lighted,Not Collision with Motor Vehicle in Transport,Pedestrian,1,True,,,,,,,332.0053824944714,MOUNT MORIAH ROAD EXT,0.3108306440733531,40.0,7,B,MEMPHIS,SHELBY,53467,0.3108306415541706,City of Memphis,city_residual,city: no state-route overlap,MOUNT MORIAH ROAD EXT,False,False,False,City of Memphis,True,15782,26.6,False,yes
300907355,2023-08-26,2023-08-26 20:48:00,2023,8,Saturday,20,35.046978,-89.954636,Fatal,Pedestrian,Not Intersection-On Roadway Crosswalk not Available,Intersection,Dark-Lighted,Not Collision with Motor Vehicle in Transport,Pedestrian,1,True,,,,,,,1734.8403085107884,NEW TCHULAHOMA RD,12.667910536309236,45.0,4,B,MEMPHIS,SHELBY,77015,12.667910536088568,City of Memphis,city_residual,city: no state-route overlap,NEW TCHULAHOMA RD,False,False,False,City of Memphis,False,21225,619.2,True,
300945491,2024-03-11,2024-03-11 10:55:00,2024,3,Monday,10,35.128063,-90.03553,Possible Injury,Pedestrian,Not Intersection-On Roadway Not In Crosswalk,Intersection,Daylight,Not Collision with Motor Vehicle in Transport,Pedestrian,1,True,,,,,,,35.15636519451827,POLK AVE,14.87967877583438,30.0,2,B,MEMPHIS,SHELBY,3540,14.87967877583438,City of Memphis,city_residual,city: no state-route overlap,POLK AVE,False,False,False,City of Memphis,False,,583.9,False,
300945127,2024-03-08,2024-03-08 08:00:00,2024,3,Friday,8,35.143852,-90.03178,Suspected Serious Injury,Pedestrian,Not Intersection-Adjacent to Roadway,"Driveway, Alley Access, etc",Daylight,Not Collision with Motor Vehicle in Transport,Pedestrian,1,True,,,,,,,599.1727206937802,ADAMS AVE,44.565776431157225,30.0,2,B,MEMPHIS,SHELBY,3598,44.565776431395335,City of Memphis,city_residual,city: no state-route overlap,ADAMS AVE,False,False,False,City of Memphis,False,,209.5,False,
300946567,2024-03-17,2024-03-17 11:30:00,2024,3,Sunday,11,35.035637,-90.098495,Possible Injury,Pedestrian,Not Intersection-In Crosswalk,Intersection,Daylight,Not Collision with Motor Vehicle in Transport,Pedestrian,1,True,,,,,,,1793.9492922721613,W RAINES RD,32.121995409766384,35.0,5,B,MEMPHIS,SHELBY,49555,32.12199540746994,City of Memphis,city_residual,city: no state-route overlap,W RAINES RD,False,False,False,City of Memphis,False,,1781.4,False,
300902266,2023-08-01,2023-08-01 21:39:00,2023,8,Tuesday,21,35.148746,-89.91827,Fatal,Pedestrian,Not Intersection-On Roadway Crosswalk not Available,Non-Junction,Dark-Lighted,Not Collision with Motor Vehicle in Transport,Pedestrian,1,True,SUMMER AVE,Principal Arterial,40.0,7.0,1,5.0,25.02905419108001,SUMMER AVE,20.373133134913783,40.0,7,B,MEMPHIS,SHELBY,47100,20.37313313416385,TDOT state route,state_route_overlap,"state route: 100% overlap, name=SUMMER",SUMMER AVE,False,False,False,TDOT state route,False,,205.4,False,
300943341,2024-02-27,2024-02-27 18:40:00,2024,2,Tuesday,18,35.035255,-90.02121,Suspected Serious Injury,Pedestrian,Not Intersection-On Roadway Not In Crosswalk,AccelDecelLane,Dusk,Not Collision with Motor Vehicle in Transport,Pedestrian,1,True,,,,,,,360.8950575981816,E RAINES RD,29.664838032338704,40.0,5,B,MEMPHIS,SHELBY,49728,29.66483803218581,City of Memphis,city_residual,city: no state-route overlap,E RAINES RD,False,False,False,City of Memphis,False,,346.5,False,
300944004,2024-03-02,2024-03-02 13:28:00,2024,3,Saturday,13,35.024364,-89.950165,Possible Injury,Pedestrian,Not Intersection-On Roadway Not In Crosswalk,AccelDecelLane,Daylight,Not Collision with Motor Vehicle in Transport,Pedestrian,1,True,,,,,,,398.9423135647328,PINEY WOODS AVE,22.09868061414508,30.0,2,B,MEMPHIS,SHELBY,2053,22.098680614447385,City of Memphis,city_residual,city: no state-route overlap,PINEY WOODS AVE,False,False,False,City of Memphis,False,,540.8,False,
300942671,2024-02-23,2024-02-23 19:50:00,2024,2,Friday,19,35.14073,-90.05319,Possible Injury,Pedestrian,Intersection-In Crosswalk,Intersection-Related,Dark-Lighted,Not Collision with Motor Vehicle in Transport,Pedestrian,1,True,S SECOND ST,Minor Arterial,35.0,3.0,14,6.0,1.877387736419108,S SECOND ST,0.0884718064734376,35.0,3,FT,MEMPHIS,SHELBY,50271,0.0884718064682427,TDOT state route,state_route_overlap,"state route: 100% overlap, name=S SECOND",S SECOND ST,False,False,False,TDOT state route,True,22008,356.1,False,no_signal_coverage
300889787,2023-05-28,2023-05-28 22:49:00,2023,5,Sunday,22,34.995293,-89.87912,Fatal,Pedestrian,Not Intersection-Adjacent to Roadway,Non-Junction,Dark-Not Lighted,Angle,Other,1,True,LAMAR AVE,Principal Arterial,55.0,2.0,4,3.0,7.601254283615757,LAMAR AVE,5.30369268658585,55.0,2,TF,MEMPHIS,SHELBY,47519,5.303692685940623,TDOT state route,state_route_overlap,"state route: 100% overlap, name=LAMAR",LAMAR AVE,False,False,False,TDOT state route,False,,2770.8,False,
300949538,2024-04-02,2024-04-02 06:25:00,2024,4,Tuesday,6,35.09345,-89.94938,Suspected Serious Injury,Pedestrian,Not Intersection-On Roadway Not In Crosswalk,Non-Junction,Dark-Lighted,Not Collision with Motor Vehicle in Transport,Pedestrian,1,True,,,,,,,1424.5591819446288,PRESCOTT RD,0.6260938598497995,40.0,4,B,MEMPHIS,SHELBY,51163,0.6260938598497995,City of Memphis,city_residual,city: no state-route overlap,PRESCOTT RD,False,False,False,City of Memphis,False,,1183.8,False,
300949005,2024-03-30,2024-03-30 21:13:00,2024,3,Saturday,21,35.197906,-89.905525,Fatal,Pedestrian,Not Intersection-On Roadway Not In Crosswalk,Non-Junction,Dark-Not Lighted,Not Collision with Motor Vehicle in Transport,Pedestrian,1,True,,,,,,,927.80085350539,COURTNEY DR,26.0818509425056,30.0,2,B,MEMPHIS,SHELBY,28342,26.08185094266767,City of Memphis,city_residual,city: no state-route overlap,COURTNEY DR,False,False,False,City of Memphis,False,,998.5,False,
300950729,2024-04-06,2024-04-06 01:00:00,2024,4,Saturday,1,35.170456,-90.01853,Suspected Serious Injury,Pedestrian,Intersection-On Roadway not in Crosswalk,AccelDecelLane,Dark-Lighted,Not Collision with Motor Vehicle in Transport,Pedestrian,1,True,,,,,,,1314.5835570188535,CHELSEA AVE,0.0869480117255569,40.0,6,B,MEMPHIS,SHELBY,52430,0.0869480142608276,City of Memphis,city_residual,city: no state-route overlap,CHELSEA AVE,False,False,False,City of Memphis,True,,65.3,True,no_signal_coverage
300949183,2024-03-31,2024-03-31 15:50:00,2024,3,Sunday,15,35.047066,-90.0831,Possible Injury,Pedestrian,Not Intersection-On Roadway Not In Crosswalk,Intersection,Daylight,Not Collision with Motor Vehicle in Transport,Pedestrian,1,True,,,,,,,1515.745915311768,DEERSKIN DR,2.174849592684856,30.0,2,B,MEMPHIS,SHELBY,35357,2.1748495944828186,City of Memphis,city_residual,city: no state-route overlap,DEERSKIN DR,False,False,False,City of Memphis,False,5101,1510.0,True,
300927411,2023-12-02,2023-12-02 18:00:00,2023,12,Saturday,18,35.21997,-89.97506,Suspected Serious Injury,Pedestrian,Not Intersection-On Roadway Not In Crosswalk,Non-Junction,Dark-Lighted,Not Collision with Motor Vehicle in Transport,Pedestrian,1,True,,,,,,,3940.917650490673,RANGE LINE RD,42.22943878907444,40.0,4,B,MEMPHIS,SHELBY,49931,42.22943878907842,City of Memphis,city_residual,city: no state-route overlap,RANGE LINE RD,False,False,False,City of Memphis,False,,2955.2,False,
300948828,2024-03-29,2024-03-29 16:20:00,2024,3,Friday,16,35.21044,-90.02334,No Injury,Pedestrian,Not Intersection-Adjacent to Roadway,Non-Junction,Daylight,Not Collision with Motor Vehicle in Transport,Pedestrian,1,True,,,,,,,824.3737243837344,DELLWOOD AVE,24.716654777110083,35.0,2,B,MEMPHIS,SHELBY,2690,24.716654777110083,City of Memphis,city_residual,city: no state-route overlap,DELLWOOD AVE,False,False,False,City of Memphis,False,,808.2,False,
300952277,2024-04-16,2024-04-16 18:07:00,2024,4,Tuesday,18,35.030243,-90.09917,No Injury,Pedestrian,Intersection-Not on Roadway,Non-Junction,Daylight,Not Collision with Motor Vehicle in Transport,Other,1,True,,,,,,,1461.6047759957728,WESTERN PARK DR,0.2455336172068577,30.0,2,B,MEMPHIS,SHELBY,26995,0.2455336172068577,City of Memphis,city_residual,city: no state-route overlap,WESTERN PARK DR,False,False,False,City of Memphis,True,25219,1454.6,False,no_signal_coverage
300951092,2024-04-01,2024-04-01 15:00:00,2024,4,Monday,15,35.12923,-90.02928,Possible Injury,Pedestrian,Intersection-Unknown,Non-Junction,Daylight,Not Collision with Motor Vehicle in Transport,Pedestrian,1,True,,,,,,,288.2002214868341,DUDLEY ST,0.0541871950397245,30.0,2,B,MEMPHIS,SHELBY,84402,0.0541871949673159,City of Memphis,city_residual,city: no state-route overlap,DUDLEY ST,False,False,False,City of Memphis,True,,293.3,True,no_signal_coverage
300912842,2023-09-23,2023-09-23 20:33:00,2023,9,Saturday,20,35.04891,-89.82338,Fatal,Pedestrian,Not Intersection-On Roadway Not In Crosswalk,Non-Junction,Dark-Lighted,Not Collision with Motor Vehicle in Transport,Pedestrian,1,True,,,,,,,389.23281482484566,WINCHESTER RD,0.1829667567269923,45.0,7,B,MEMPHIS,SHELBY,49540,0.1829667553015047,City of Memphis,city_residual,city: no state-route overlap,WINCHESTER RD,False,False,False,City of Memphis,False,23120,20.3,True,
300952100,2024-04-09,2024-04-09 22:20:00,2024,4,Tuesday,22,35.03555,-89.99004,Possible Injury,Pedestrian,Not Intersection-On Roadway Not In Crosswalk,Non-Junction,Dark-Lighted,Not Collision with Motor Vehicle in Transport,Pedestrian,1,True,,,,,,,1604.7273773404108,E RAINES RD,5.08087761432557,40.0,5,B,MEMPHIS,SHELBY,52122,5.080877615108918,City of Memphis,city_residual,city: no state-route overlap,E RAINES RD,False,False,False,City of Memphis,False,299,13.0,True,
300861062,2023-01-15,2023-01-15 17:40:00,2023,1,Sunday,17,35.042774,-90.08509,Fatal,Pedestrian,Not Intersection-On Roadway Not In Crosswalk,Non-Junction,Dark-Not Lighted,Not Collision with Motor Vehicle in Transport,Pedestrian,1,True,,,,,,,1353.3349409694429,W LEVI RD,0.1437664514324173,35.0,2,B,MEMPHIS,SHELBY,74880,0.143766450032637,City of Memphis,city_residual,city: no state-route overlap,W LEVI RD,False,False,False,City of Memphis,False,19247,1338.0,True,
300951627,2024-04-12,2024-04-12 13:50:00,2024,4,Friday,13,35.08155,-89.92097,No Injury,Pedestrian,Unknown,OtherLocation,Daylight,Not Collision with Motor Vehicle in Transport,Other,2,True,,,,,,,949.8641369470814,S GOODLETT RD,15.25626191943506,30.0,2,B,MEMPHIS,SHELBY,74042,15.25626191943506,City of Memphis,city_residual,city: no state-route overlap,S GOODLETT RD,False,False,False,City of Memphis,False,2278,925.5,True,
300949478,2024-04-01,2024-04-01 00:00:00,2024,4,Monday,99,35.01037,-90.03232,No Injury,Other Non-Motorist,Unknown,Non-Junction,Unknown,Unknown,Other,1,True,,,,,,,644.7042004682313,HESTER RD,2.620015197221384,35.0,2,B,MEMPHIS,SHELBY,72283,2.6200151973019183,City of Memphis,city_residual,city: no state-route overlap,HESTER RD,False,False,False,City of Memphis,False,15695,773.9,True,
300950194,2024-03-15,2024-03-15 06:46:00,2024,3,Friday,6,35.152725,-90.04702,Possible Injury,Pedestrian,Intersection-On Roadway not in Crosswalk,Intersection,Dark-Not Lighted,Not Collision with Motor Vehicle in Transport,Pedestrian,1,True,N THIRD ST,Minor Arterial,35.0,3.0,3,7.0,1.5373706192851135,N B B KING BLVD,0.228017628071313,35.0,3,B,MEMPHIS,SHELBY,53246,0.2280176294165122,TDOT state route,state_route_overlap,"state route: 100% overlap, name=N B B KING",N B B KING BLVD,False,False,False,TDOT state route,True,,32.1,True,no_signal_coverage
300947519,2024-03-22,2024-03-22 15:16:00,2024,3,Friday,15,35.11567,-90.03179,Possible Injury,Pedestrian,Not Intersection-In Crosswalk,AccelDecelLane,Daylight,Not Collision with Motor Vehicle in Transport,Pedestrian,1,True,,,,,,,924.7135801969016,E MCLEMORE AVE,16.160038287613094,35.0,2,B,MEMPHIS,SHELBY,50950,16.16003828839713,City of Memphis,city_residual,city: no state-route overlap,E MCLEMORE AVE,False,False,False,City of Memphis,False,,639.8,False,
300950399,2024-04-06,2024-04-06 00:00:00,2024,4,Saturday,99,35.149372,-90.01437,Possible Injury,Pedestrian,Intersection-Unknown,Unknown,Unknown,Not Collision with Motor Vehicle in Transport,Pedestrian,1,True,,,,,,,414.6024225345581,N CLEVELAND ST,0.1076091516354168,35.0,4,B,MEMPHIS,SHELBY,50449,0.1076091516354168,City of Memphis,city_residual,city: no state-route overlap,N CLEVELAND ST,False,False,False,City of Memphis,True,20484,591.4,False,no
300950936,2024-04-08,2024-04-08 17:30:00,2024,4,Monday,17,35.14286,-90.044716,Possible Injury,Pedestrian,Not Intersection-In Parking Lane,Non-Junction,Dawn,Not Collision with Motor Vehicle in Transport,Pedestrian,1,True,S DANNY THOMAS BLVD,Principal Arterial,35.0,2.0,1,6.0,17.24556980665623,MADISON AVE TO S DANNY THOMAS BLVD,10.557879656997084,30.0,2,FT,MEMPHIS,SHELBY,36370,10.557879656172217,Interstate ramp (TDOT),interstate_ramp,interstate ramp: MTFCC S1630,MADISON AVE TO S DANNY THOMAS BLVD,True,False,False,Interstate ramp,False,,102.3,False,
300950023,2024-04-01,2024-04-01 16:15:00,2024,4,Monday,16,35.150452,-90.049215,Possible Injury,Pedestrian,Not Intersection-On Roadway Not In Crosswalk,Non-Junction,Daylight,Not Collision with Motor Vehicle in Transport,Pedestrian,1,True,N SECOND ST,Minor Arterial,35.0,3.0,3,7.0,10.612424796523298,N SECOND ST,8.798286110403701,35.0,3,TF,MEMPHIS,SHELBY,50302,8.798286110403701,TDOT state route,state_route_overlap,"state route: 100% overlap, name=N SECOND",N SECOND ST,False,False,False,TDOT state route,False,,95.9,False,
300920224,2023-10-29,2023-10-29 05:08:00,2023,10,Sunday,5,35.107483,-90.05545,Fatal,Pedestrian,Intersection-In Crosswalk,Non-Junction,Dark-Lighted,Not Collision with Motor Vehicle in Transport,Pedestrian,1,True,S THIRD ST,Principal Arterial,40.0,4.0,14,6.0,10.33659442965494,S THIRD ST,10.745983767933046,40.0,4,B,MEMPHIS,SHELBY,46929,10.745983769077217,TDOT state route,state_route_overlap,"state route: 100% overlap, name=S THIRD",S THIRD ST,False,False,False,TDOT state route,True,23661,8.1,False,yes
300949759,2024-04-03,2024-04-03 10:30:00,2024,4,Wednesday,10,35.09741,-90.01392,Possible Injury,Pedestrian,Intersection-On Roadway Crosswalk Not Available,Intersection,Daylight,Not Collision with Motor Vehicle in Transport,Pedestrian,1,True,,,,,,,370.9748909728633,MENAGER RD,0.1913064958572391,30.0,2,B,MEMPHIS,SHELBY,73401,0.1913064972581565,City of Memphis,city_residual,city: no state-route overlap,MENAGER RD,False,False,False,City of Memphis,True,7081,380.5,False,no_signal_coverage