MstrRecNbrTxt,CollisionDate,CollisionDteTime,YearNmb,Month,DayOfWeek,Hour,Latitude,Longitude,InjuryClass,PersonType,NonMotoristLocation,RelationToJunction,LightCondition,MannerOfCollision,FirstHarmfulEvent,VictimsInCrash,InMemphis,StateRoute_NAME,StateRoute_F_System,StateRoute_SPDLIMIT,StateRoute_LANES,StateRoute_ALTNAME_1,StateRoute_Council_District,DistToStateRoute_m,Street_Name,DistToStreet_m,Street_SPDLIMIT,Street_LANES,Street_ONEWAY,Street_CITY_L,Street_COUNTY_L,Seg_OBJECTID,DistToSeg_m,Ownership,Rule_Fired,Classification_Basis,Matched_Street,is_limited_access,is_override,is_corner_case,Jurisdiction_prev,at_intersection,intersection_node_id,nearest_ped_signal_m,is_ambiguous_intersection,intersection_signalized
300947315,2024-03-08,2024-03-08 04:00:00,2024,3,Friday,4,35.054024,-90.02735,Possible Injury,Pedestrian,Intersection-On Roadway Crosswalk availability Unknown,Intersection,Dark-Lighted,Not Collision with Motor Vehicle in Transport,Pedestrian,1,True,,,,,,,213.3254026862028,WINCHESTER RD,34.28623011412047,40.0,7,B,MEMPHIS,SHELBY,49718,34.28623011164187,City of Memphis,city_residual,city: no state-route overlap,WINCHESTER RD,False,False,False,City of Memphis,True,,195.1,True,no_signal_coverage
300894643,2023-06-23,2023-06-23 03:54:00,2023,6,Friday,3,35.063107,-90.059204,Fatal,Pedestrian,Not Intersection-On Roadway Not In Crosswalk,Non-Junction,Dark-Lighted,Not Collision with Motor Vehicle in Transport,Pedestrian,1,True,S THIRD ST,Principal Arterial,45.0,7.0,14,6.0,0.1552848249360386,E BROOKS RD,0.3604548064112788,35.0,3,B,MEMPHIS,SHELBY,52491,0.3604548064075356,City of Memphis,city_residual,city: no state-route overlap,E BROOKS RD,False,False,False,City of Memphis,False,10335,17.7,True,
300948253,2024-03-26,2024-03-26 16:27:00,2024,3,Tuesday,16,35.091415,-89.90695,Possible Injury,Pedestrian,Intersection-On Roadway not in Crosswalk,Intersection,Daylight,Not Collision with Motor Vehicle in Transport,Pedestrian,1,True,,,,,,,2530.603829056625,S PERKINS RD,0.3756989138417863,35.0,4,B,MEMPHIS,SHELBY,51498,0.3756989138416414,City of Memphis,city_residual,city: no state-route overlap,S PERKINS RD,False,False,False,City of Memphis,True,22639,1356.3,False,no
300952538,2024-04-18,2024-04-18 02:35:00,2024,4,Thursday,2,35.168423,-89.86469,Possible Injury,Pedestrian,Intersection-On Roadway not in Crosswalk,Non-Junction,Dark-Lighted,Not Collision with Motor Vehicle in Transport,Pedestrian,1,True,,,,,,,519.6593058092623,SYCAMORE VIEW RD,0.4816005931572816,45.0,7,B,MEMPHIS,SHELBY,50094,0.4816005923603527,City of Memphis,city_residual,city: no state-route overlap,SYCAMORE VIEW RD,False,False,False,City of Memphis,True,24152,20.7,False,yes
300952777,2024-04-19,2024-04-19 09:30:00,2024,4,Friday,9,35.077015,-89.98536,Suspected Serious Injury,Pedestrian,Not Intersection-Adjacent to Roadway,Non-Junction,Daylight,Front to Rear,Other,1,True,,,,,,,2286.633436834996,INTERSTATE 240 W,0.1619882140171191,65.0,4,TF,MEMPHIS,SHELBY,39852,0.1619882139743399,Interstate (TDOT),interstate_mainline,interstate: MTFCC S1100,INTERSTATE 240 W,True,False,False,Interstate (TDOT),False,,245.7,False,
300952986,2024-04-20,2024-04-20 19:19:00,2024,4,Saturday,19,35.112816,-89.98202,Suspected Minor Injury,Pedestrian,Intersection-Unknown,Intersection,Daylight,Not Collision with Motor Vehicle in Transport,Pedestrian,1,True,,,,,,,245.3275351021528,CARNES AVE,0.3117734842610457,30.0,2,B,MEMPHIS,SHELBY,5268,0.3117734856666407,City of Memphis,city_residual,city: no state-route overlap,CARNES AVE,False,False,False,City of Memphis,True,5738,288.6,False,no_signal_coverage
300917949,2023-10-18,2023-10-18 23:32:00,2023,10,Wednesday,23,35.07429,-90.00193,Fatal,Pedestrian,Not Intersection-On Roadway Not In Crosswalk,Entrance/Exit Ramp Related,Dark-Lighted,Front to Rear,Other,1,True,,,,,,,1654.7624158900214,MILLBRANCH RD OR NONCONNAH BLVD TO 240 E,0.0878367459352642,45.0,2,FT,MEMPHIS,SHELBY,35775,0.0878367459352642,Interstate ramp (TDOT),interstate_ramp,interstate ramp: MTFCC S1630,MILLBRANCH RD OR NONCONNAH BLVD TO 240 E,True,False,False,Interstate ramp,False,,599.8,False,
300956353,2024-05-10,2024-05-10 12:09:00,2024,5,Friday,12,35.072014,-89.86256,Possible Injury,Pedestrian,Not Intersection-On Roadway Not In Crosswalk,Crossover-Related,Daylight,Not Collision with Motor Vehicle in Transport,Pedestrian,1,True,,,,,,,317.9769631481786,MOUNT MORIAH ROAD EXT,1.7870798334752325,45.0,5,B,MEMPHIS,SHELBY,49469,1.787079831244537,City of Memphis,city_residual,city: no state-route overlap,MOUNT MORIAH ROAD EXT,False,False,False,City of Memphis,False,,72.2,False,
300918413,2023-10-21,2023-10-21 06:00:00,2023,10,Saturday,6,35.16826,-89.86452,Suspected Serious Injury,Pedestrian,Not Intersection-On Roadway Not In Crosswalk,Non-Junction,Dark-Not Lighted,Not Collision with Motor Vehicle in Transport,Pedestrian,1,True,,,,,,,543.1408144178649,SHELBY OAKS DR,0.3160451960325066,40.0,4,B,MEMPHIS,SHELBY,35005,0.3160451971136809,City of Memphis,city_residual,city: no state-route overlap,SHELBY OAKS DR,False,False,False,City of Memphis,False,24152,23.4,True,
300955061,2024-05-02,2024-05-02 20:25:00,2024,5,Thursday,20,35.148599,-89.897898,Fatal,Pedestrian,Intersection-In Crosswalk,Unknown,Dark-Lighted,Not Collision with Motor Vehicle in Transport,Pedestrian,1,True,SUMMER AVE,Principal Arterial,40.0,7.0,1,5.0,4.804618292345947,SUMMER AVE,0.1506317671365135,40.0,7,B,MEMPHIS,SHELBY,48493,0.150631765865769,TDOT state route,state_route_overlap,"state route: 100% overlap, name=SUMMER",SUMMER AVE,False,False,False,TDOT state route,True,20773,14.0,False,yes
300957030,2024-05-14,2024-05-14 07:55:00,2024,5,Tuesday,7,35.213177,-90.012955,Possible Injury,Pedestrian,Intersection-In Crosswalk,Intersection,Daylight,Not Collision with Motor Vehicle in Transport,Pedestrian,1,True,,,,,,,1543.8666910403697,DELLWOOD AVE,4.16953532954283,35.0,2,B,MEMPHIS,SHELBY,2733,4.16953532954283,City of Memphis,city_residual,city: no state-route overlap,DELLWOOD AVE,False,False,False,City of Memphis,True,9326,1548.3,False,no_signal_coverage
300958098,2024-05-20,2024-05-20 17:30:00,2024,5,Monday,17,35.04586,-89.85497,Possible Injury,Pedestrian,Not Intersection-Unknown,Intersection-Related,Daylight,Not Collision with Motor Vehicle in Transport,Pedestrian,1,True,,,,,,,2304.7139222461487,RIDGEWAY BLVD,65.08643158390359,40.0,4,B,MEMPHIS,SHELBY,8286,65.08643158288017,City of Memphis,city_residual,city: no state-route overlap,RIDGEWAY BLVD,False,False,False,City of Memphis,False,,472.9,False,
300954829,2024-04-28,2024-04-28 16:00:00,2024,4,Sunday,16,35.134922,-90.046394,Possible Injury,Pedestrian,Intersection-On Roadway Crosswalk Not Available,Intersection-Related,Daylight,Not Collision with Motor Vehicle in Transport,Pedestrian,1,True,S DANNY THOMAS BLVD,Principal Arterial,35.0,5.0,1,6.0,1.4988341882558125,S DANNY THOMAS BLVD,0.0288335771356063,35.0,5,B,MEMPHIS,SHELBY,46628,0.0288335771371794,TDOT state route,state_route_overlap,"state route: 100% overlap, name=S DANNY THOMAS",S DANNY THOMAS BLVD,False,False,False,TDOT state route,True,23484,17.3,False,yes
300955766,2024-05-06,2024-05-06 17:00:00,2024,5,Monday,17,35.042038,-90.089806,Suspected Serious Injury,Pedestrian,Not Intersection-On Roadway Not In Crosswalk,AccelDecelLane,Dawn,Not Collision with Motor Vehicle in Transport,Pedestrian,1,True,,,,,,,1633.8908045088606,W LEVI RD,48.36749226196974,35.0,2,B,MEMPHIS,SHELBY,75542,48.36749226220346,City of Memphis,city_residual,city: no state-route overlap,W LEVI RD,False,False,False,City of Memphis,False,,1658.8,False,
300954341,2024-04-29,2024-04-29 04:55:00,2024,4,Monday,4,35.10512,-89.98553,Possible Injury,Pedestrian,Intersection-On Roadway not in Crosswalk,Intersection,Dark-Lighted,Not Collision with Motor Vehicle in Transport,Pedestrian,1,True,LAMAR AVE,Principal Arterial,40.0,5.0,4,4.0,15.089938288422102,LAMAR AVE,11.535114388359364,40.0,5,B,MEMPHIS,SHELBY,46982,11.535114389456975,TDOT state route,state_route_overlap,"state route: 100% overlap, name=LAMAR",LAMAR AVE,False,False,False,TDOT state route,True,300,27.2,False,yes
300955520,2024-05-04,2024-05-04 15:10:00,2024,5,Saturday,15,35.14082,-89.96703,Possible Injury,Pedestrian,Intersection-On Roadway Crosswalk availability Unknown,Intersection-Related,Daylight,Not Collision with Motor Vehicle in Transport,Pedestrian,1,True,,,,,,,526.3560153739661,SCOTT ST,25.069680019857184,35.0,2,B,MEMPHIS,SHELBY,51085,25.06968001922276,City of Memphis,city_residual,city: no state-route overlap,SCOTT ST,False,False,False,City of Memphis,True,,708.9,True,no_signal_coverage
300953972,2024-04-26,2024-04-26 07:00:00,2024,4,Friday,7,35.02524,-90.050224,No Injury,Other Non-Motorist,Unknown,AccelDecelLane,Dawn,Angle,Other,1,True,,,,,,,485.930991700514,STONEHAM RD,29.861192488117453,30.0,2,B,MEMPHIS,SHELBY,72150,29.861192487744724,City of Memphis,city_residual,city: no state-route overlap,STONEHAM RD,False,False,False,City of Memphis,False,,2321.9,False,
300926954,2023-12-01,2023-12-01 00:59:00,2023,12,Friday,0,35.07478,-89.94915,Fatal,Pedestrian,Not Intersection-On Roadway Not In Crosswalk,Non-Junction,Dark-Lighted,Not Collision with Motor Vehicle in Transport,Pedestrian,1,True,LAMAR AVE,Principal Arterial,40.0,7.0,4,4.0,4.511932423433913,LAMAR AVE,1.6833904117467493,40.0,7,B,MEMPHIS,SHELBY,47668,1.683390411319755,TDOT state route,state_route_overlap,"state route: 100% overlap, name=LAMAR",LAMAR AVE,False,False,False,TDOT state route,False,,251.3,False,
300957781,2024-05-18,2024-05-18 21:20:00,2024,5,Saturday,21,35.083344,-89.98604,Suspected Minor Injury,Pedestrian,Not Intersection-On Roadway Not In Crosswalk,Non-Junction,Dusk,Not Collision with Motor Vehicle in Transport,Pedestrian,1,True,,,,,,,1939.686557943914,CANDLEWYCK CIR,3.7879452653062544,30.0,1,B,MEMPHIS,SHELBY,9671,3.7879452653062544,City of Memphis,city_residual,city: no state-route overlap,CANDLEWYCK CIR,False,False,False,City of Memphis,False,319,373.3,True,
300956441,2024-05-10,2024-05-10 20:56:00,2024,5,Friday,20,35.235962,-90.01259,Suspected Minor Injury,Pedestrian,Intersection-Unknown,Intersection,Dark-Lighted,Not Collision with Motor Vehicle in Transport,Pedestrian,1,True,,,,,,,123.81001675976256,N WATKINS ST,58.62885831573265,40.0,4,B,MEMPHIS,SHELBY,52413,58.62885831573265,City of Memphis,city_residual,city: no state-route overlap,N WATKINS ST,False,False,False,City of Memphis,True,,118.6,True,no_signal_coverage
300954656,2024-04-29,2024-04-29 15:35:00,2024,4,Monday,15,35.06289,-89.91092,Suspected Minor Injury,Pedestrian,Not Intersection-On Roadway Not In Crosswalk,Non-Junction,Daylight,Not Collision with Motor Vehicle in Transport,Pedestrian,1,True,,,,,,,1838.9776250557,KNIGHT RD,35.69700310938261,35.0,2,B,MEMPHIS,SHELBY,71209,35.69700310941049,City of Memphis,city_residual,city: no state-route overlap,KNIGHT RD,False,False,False,City of Memphis,False,,489.9,False,
300954671,2024-04-27,2024-04-27 22:07:00,2024,4,Saturday,22,35.152966,-89.771385,Possible Injury,Pedestrian,Intersection-On Roadway Crosswalk availability Unknown,Non-Junction,Dark-Not Lighted,Not Collision with Motor Vehicle in Transport,Pedestrian,1,True,,,,,,,2176.099698791005,SANGA RD,0.2988173568876779,35.0,2,B,MEMPHIS,SHELBY,70396,0.2988173571923012,City of Memphis,city_residual,city: no state-route overlap,SANGA RD,False,False,False,City of Memphis,True,,2155.3,True,no_signal_coverage
300953997,2024-04-26,2024-04-26 22:30:00,2024,4,Friday,22,35.149506,-89.961494,Suspected Minor Injury,Pedestrian,Not Intersection-On Roadway Not In Crosswalk,Intersection-Related,Dark-Lighted,Not Collision with Motor Vehicle in Transport,Pedestrian,1,True,SUMMER AVE,Principal Arterial,35.0,5.0,1,5.0,4.823484614437708,SUMMER AVE,0.1668134866201844,35.0,5,B,MEMPHIS,SHELBY,47017,0.1668134866201844,TDOT state route,state_route_overlap,"state route: 100% overlap, name=SUMMER",SUMMER AVE,False,False,False,TDOT state route,False,24546,22.5,True,
300955583,2024-05-05,2024-05-05 21:48:00,2024,5,Sunday,21,35.03552,-90.02223,Suspected Serious Injury,Pedestrian,Not Intersection-On Roadway Not In Crosswalk,Intersection-Related,Dark-Lighted,Not Collision with Motor Vehicle in Transport,Pedestrian,1,True,,,,,,,267.6820455761034,BARTON DR,0.1225834334517144,30.0,2,B,MEMPHIS,SHELBY,34408,0.1225834333957088,City of Memphis,city_residual,city: no state-route overlap,BARTON DR,False,False,False,City of Memphis,False,2437,252.3,True,
300955154,2024-05-03,2024-05-03 08:35:00,2024,5,Friday,8,35.13798,-90.02818,Suspected Minor Injury,Pedestrian,Intersection-In Crosswalk,Intersection,Daylight,Not Collision with Motor Vehicle in Transport,Pedestrian,1,True,UNION AVE,Principal Arterial,35.0,6.0,3,6.0,5.134409230404571,S PAULINE ST,0.0671425237946343,30.0,4,B,MEMPHIS,SHELBY,84368,0.0671425237875594,City of Memphis,city_residual,city: no state-route overlap,S PAULINE ST,False,False,True,City of Memphis,True,23674,2.6,False,yes
300924427,2023-11-17,2023-11-17 23:39:00,2023,11,Friday,23,35.12588,-89.981995,Fatal,Pedestrian,Not Intersection-On Roadway Not In Crosswalk,Non-Junction,Dark-Lighted,Not Collision with Motor Vehicle in Transport,Pedestrian,1,True,,,,,,,184.2347012193273,CENTRAL AVE,2.004704782282286,40.0,5,B,MEMPHIS,SHELBY,50677,2.004704782918601,City of Memphis,city_residual,city: no state-route overlap,CENTRAL AVE,False,False,False,City of Memphis,False,,169.4,False,
300956484,2024-05-11,2024-05-11 06:00:00,2024,5,Saturday,6,35.104614,-89.98456,Possible Injury,Pedestrian,Intersection-On Roadway not in Crosswalk,Intersection,Unknown,Front to Rear,Other,1,True,LAMAR AVE,Principal Arterial,40.0,5.0,4,4.0,3.97401984533975,S TREZEVANT ST,0.2932665984901249,35.0,2,B,MEMPHIS,SHELBY,82501,0.293266599206304,City of Memphis,city_residual,city: no state-route overlap,S TREZEVANT ST,False,False,False,City of Memphis,True,9099,1.5,False,yes
300956968,2024-05-12,2024-05-12 00:50:00,2024,5,Sunday,0,35.107162,-90.037094,Unknown,Pedestrian,Intersection-On Roadway not in Crosswalk,Intersection,Dark-Not Lighted,Not Collision with Motor Vehicle in Transport,Pedestrian,1,True,,,,,,,1425.9284534541823,KERR AVE,1.282482165954976,35.0,1,FT,MEMPHIS,SHELBY,50913,1.282482166574101,City of Memphis,city_residual,city: no state-route overlap,KERR AVE,False,False,False,City of Memphis,True,,654.0,True,no_signal_coverage
300955621,2024-05-03,2024-05-03 13:19:00,2024,5,Friday,13,35.21783,-90.00306,Possible Injury,Pedestrian,Not Intersection-On Roadway Not In Crosswalk,Intersection,Daylight,Not Collision with Motor Vehicle in Transport,Pedestrian,1,True,,,,,,,1992.4260594501195,N WATKINS ST,31.533502663109296,40.0,5,B,MEMPHIS,SHELBY,49879,31.53350266327261,City of Memphis,city_residual,city: no state-route overlap,N WATKINS ST,False,False,False,City of Memphis,False,,2255.9,False,
300954963,2024-05-01,2024-05-01 15:27:00,2024,5,Wednesday,15,35.02061,-89.91999,Possible Injury,Pedestrian,Not Intersection-On Roadway Not In Crosswalk,AccelDecelLane,Daylight,Not Collision with Motor Vehicle in Transport,Pedestrian,1,True,E SHELBY DR,Principal Arterial,45.0,6.0,175,3.0,4.840574606046991,E SHELBY DR,0.1588818389291384,45.0,6,B,MEMPHIS,SHELBY,46426,0.1588818389291384,TDOT state route,state_route_overlap,"state route: 100% overlap, name=E SHELBY",E SHELBY DR,False,False,False,TDOT state route,False,,67.9,False,
300954281,2024-04-27,2024-04-27 14:40:00,2024,4,Saturday,14,35.114773,-89.94623,Possible Injury,Pedestrian,Intersection-Not on Roadway,"Driveway, Alley Access, etc",Daylight,Not Collision with Motor Vehicle in Transport,Pedestrian,1,True,,,,,,,1425.9680294173972,SOUTHERN AVE,28.629242914944705,30.0,2,B,MEMPHIS,SHELBY,5696,28.629242913660512,City of Memphis,city_residual,city: no state-route overlap,SOUTHERN AVE,False,False,False,City of Memphis,True,,1428.5,True,no_signal_coverage
300956511,2024-05-09,2024-05-09 15:30:00,2024,5,Thursday,15,35.223324,-89.99916,Suspected Serious Injury,Pedestrian,Intersection-On Roadway Crosswalk Not Available,Intersection,Daylight,Not Collision with Motor Vehicle in Transport,Pedestrian,1,True,,,,,,,1932.4435508463505,BIGELOW ST,21.93025331530606,30.0,2,B,MEMPHIS,SHELBY,79920,21.93025331540647,City of Memphis,city_residual,city: no state-route overlap,BIGELOW ST,False,False,False,City of Memphis,True,,1952.3,True,no_signal_coverage
300952851,2024-04-19,2024-04-19 16:58:00,2024,4,Friday,16,35.071568,-90.02111,Suspected Serious Injury,Pedestrian,Not Intersection-On Roadway Crosswalk not Available,AccelDecelLane,Daylight,Front to Rear,Other,1,True,ELVIS PRESLEY BLVD,Minor Arterial,40.0,4.0,3,6.0,0.7383499099816673,INTERSTATE 240 W,0.2679832359566433,65.0,3,TF,MEMPHIS,SHELBY,39490,0.2679832359566433,Interstate (TDOT),interstate_mainline,interstate: MTFCC S1100,INTERSTATE 240 W,True,False,False,Interstate (TDOT),False,,738.6,False,
300954290,2024-04-27,2024-04-27 21:59:00,2024,4,Saturday,21,35.13394,-89.96567,Suspected Serious Injury,Pedestrian,Not Intersection-On Roadway Not In Crosswalk,Non-Junction,Dark-Not Lighted,Not Collision with Motor Vehicle in Transport,Pedestrian,1,True,,,,,,,36.631506087366205,POPLAR AVE,32.46774913230786,40.0,7,B,MEMPHIS,SHELBY,47005,32.46774913470709,TDOT state route,state_route_overlap,"state route: 100% overlap, name=POPLAR",POPLAR AVE,False,False,False,TDOT state route,False,,64.6,False,
300956769,2024-05-10,2024-05-10 21:00:00,2024,5,Friday,21,35.05136,-89.92251,Suspected Serious Injury,Pedestrian,Not Intersection-Outside Traffic,Non-Junction,Dark-Lighted,Not Collision with Motor Vehicle in Transport,Pedestrian,1,True,,,,,,,201.399494096616,WINCHESTER RD,20.0802830622813,45.0,7,B,MEMPHIS,SHELBY,49344,20.080283061677648,City of Memphis,city_residual,city: no state-route overlap,WINCHESTER RD,False,False,False,City of Memphis,False,,50.0,False,
300955323,2024-05-03,2024-05-03 15:05:00,2024,5,Friday,15,35.133532,-89.98368,Suspected Serious Injury,Pedestrian,Intersection-Not on Roadway,Intersection,Daylight,Angle,Other,1,True,E PARKWAY,Principal Arterial,40.0,2.0,277,5.0,0.1301450038986226,UNION AVE,0.1963670011960807,35.0,6,B,MEMPHIS,SHELBY,48170,0.1963669985292004,TDOT state route,state_route_overlap,"state route: 100% overlap, name=UNION",UNION AVE,False,False,False,TDOT state route,True,10989,29.4,False,yes
300958018,2024-05-15,2024-05-15 09:30:00,2024,5,Wednesday,9,35.114944,-89.95088,Possible Injury,Pedestrian,Not Intersection-On Roadway Crosswalk not Available,Intersection-Related,Daylight,Not Collision with Motor Vehicle in Transport,Pedestrian,1,True,,,,,,,1516.083228508632,SOUTHERN AVE,2.067115872065751,30.0,2,B,MEMPHIS,SHELBY,7287,2.0671158715315383,City of Memphis,city_residual,city: no state-route overlap,SOUTHERN AVE,False,False,False,City of Memphis,False,,1494.7,False,
300955668,2024-05-06,2024-05-06 09:35:00,2024,5,Monday,9,35.01023,-90.01936,No Injury,Pedestrian,Not Intersection-Outside Traffic,Intersection-Related,Daylight,Not Collision with Motor Vehicle in Transport,Other,1,True,,,,,,,538.2925794945387,DURANT ST,0.1586159709326414,30.0,2,B,MEMPHIS,SHELBY,79685,0.1586159709326414,City of Memphis,city_residual,city: no state-route overlap,DURANT ST,False,False,False,City of Memphis,False,10156,662.0,True,
300956564,2024-05-02,2024-05-02 21:22:00,2024,5,Thursday,21,35.1782,-89.837234,Unknown,Pedestrian,Intersection-On Roadway not in Crosswalk,Non-Junction,Dark-Lighted,Not Collision with Motor Vehicle in Transport,Pedestrian,1,True,,,,,,,1744.2924317520606,RALEIGH LAGRANGE RD,34.919533665955065,45.0,5,B,MEMPHIS,SHELBY,53643,34.91953366470134,City of Memphis,city_residual,city: no state-route overlap,RALEIGH LAGRANGE RD,False,False,False,City of Memphis,True,,196.8,True,no_signal_coverage
300906713,2023-08-22,2023-08-22 20:15:00,2023,8,Tuesday,20,35.098297,-89.89055,Fatal,Pedestrian,Not Intersection-On Roadway Not In Crosswalk,AccelDecelLane,Dark-Lighted,Not Collision with Motor Vehicle in Transport,Pedestrian,1,True,,,,,,,1159.430014835599,S WHITE STATION RD,26.97923437979248,40.0,4,B,MEMPHIS,SHELBY,51620,26.979234379784888,City of Memphis,city_residual,city: no state-route overlap,S WHITE STATION RD,False,False,False,City of Memphis,False,,1171.8,False,
300875911,2023-03-26,2023-03-26 19:35:00,2023,3,Sunday,19,35.063107,-90.059204,Fatal,Pedestrian,Intersection-In Crosswalk,Non-Junction,Dawn,Not Collision with Motor Vehicle in Transport,Pedestrian,1,True,S THIRD ST,Principal Arterial,45.0,7.0,14,6.0,0.1552848249360386,E BROOKS RD,0.3604548064112788,35.0,3,B,MEMPHIS,SHELBY,52491,0.3604548064075356,City of Memphis,city_residual,city: no state-route overlap,E BROOKS RD,False,False,True,City of Memphis,True,10335,17.7,False,yes
300910243,2023-09-11,2023-09-11 02:40:00,2023,9,Monday,2,35.119736,-89.984856,Fatal,Pedestrian,Not Intersection-On Roadway Not In Crosswalk,Non-Junction,Dark-Lighted,Not Collision with Motor Vehicle in Transport,Pedestrian,1,True,,,,,,,44.28515538748918,YOUNG AVE,26.41716021668176,35.0,3,B,MEMPHIS,SHELBY,4336,26.41716021450055,City of Memphis,city_residual,city: no state-route overlap,YOUNG AVE,False,False,False,City of Memphis,False,,70.0,False,
300959059,2024-05-27,2024-05-27 00:38:00,2024,5,Monday,0,35.051174,-90.09771,Suspected Serious Injury,Pedestrian,Intersection-Unknown,Unknown,Dark-Lighted,Not Collision with Motor Vehicle in Transport,Pedestrian,1,True,,,,,,,2834.6277036013475,EYERS RD,21.2201945839496,30.0,2,B,MEMPHIS,SHELBY,71750,21.22019458275369,City of Memphis,city_residual,city: no state-route overlap,EYERS RD,False,False,False,City of Memphis,True,,2818.9,True,no_signal_coverage
300960414,2024-05-31,2024-05-31 23:51:00,2024,5,Friday,23,35.107456,-89.89846,Suspected Minor Injury,Pedestrian,Not Intersection-On Roadway Not In Crosswalk,Non-Junction,Dark-Not Lighted,Not Collision with Motor Vehicle in Transport,Pedestrian,1,True,,,,,,,658.01548992766,IVY RD,26.69306995048614,30.0,2,B,MEMPHIS,SHELBY,74307,26.693069950520652,City of Memphis,city_residual,city: no state-route overlap,IVY RD,False,False,False,City of Memphis,False,,646.8,False,
300961356,2024-06-11,2024-06-11 05:30:00,2024,6,Tuesday,5,35.15495,-90.028694,Possible Injury,Pedestrian,Not Intersection-Bike Path,AccelDecelLane,Dark-Lighted,Not Collision with Motor Vehicle in Transport,Pedestrian,1,True,N PARKWAY,Minor Arterial,40.0,2.0,1,7.0,4.905030135899128,N PARKWAY,0.3297022007961568,40.0,2,FT,MEMPHIS,SHELBY,50367,0.3297022007757369,TDOT state route,state_route_overlap,"state route: 100% overlap, name=N PARKWAY",N PARKWAY,False,False,False,TDOT state route,False,1919,8.5,True,
300959674,2024-05-30,2024-05-30 03:18:00,2024,5,Thursday,3,35.172657,-89.95262,Possible Injury,Pedestrian,Not Intersection-On Roadway Crosswalk not Available,Non-Junction,Dark-Lighted,Not Collision with Motor Vehicle in Transport,Pedestrian,1,True,,,,,,,613.0519607116277,WILLIS ST,22.13766239772844,30.0,2,B,MEMPHIS,SHELBY,83042,22.137662397709576,City of Memphis,city_residual,city: no state-route overlap,WILLIS ST,False,False,False,City of Memphis,False,,794.8,False,
300959847,2024-06-01,2024-06-01 07:00:00,2024,6,Saturday,7,35.106342,-89.95163,Suspected Serious Injury,Pedestrian,Intersection-On Roadway not in Crosswalk,Unknown,Daylight,Not Collision with Motor Vehicle in Transport,Pedestrian,1,True,,,,,,,2099.427588906793,MOUNT VERNON RD,25.149347869359,30.0,2,B,MEMPHIS,SHELBY,73611,25.14934786942404,City of Memphis,city_residual,city: no state-route overlap,MOUNT VERNON RD,False,False,False,City of Memphis,True,,2090.7,True,no_signal_coverage
300962352,2024-06-16,2024-06-16 16:16:00,2024,6,Sunday,16,35.156406,-89.953255,Possible Injury,Pedestrian,Intersection-On Roadway Crosswalk availability Unknown,Intersection,Daylight,Not Collision with Motor Vehicle in Transport,Pedestrian,1,True,,,,,,,730.3580899271649,HUDSON ST,13.485530867094967,30.0,2,B,MEMPHIS,SHELBY,83031,13.485530867002891,City of Memphis,city_residual,city: no state-route overlap,HUDSON ST,False,False,False,City of Memphis,True,7513,745.8,False,no_signal_coverage
300960434,2024-06-04,2024-06-04 14:25:00,2024,6,Tuesday,14,35.13334,-89.98965,No Injury,Pedestrian,Intersection-On Roadway Crosswalk Not Available,Intersection,Daylight,Not Collision with Motor Vehicle in Transport,Pedestrian,1,True,,,,,,,87.40827556020079,SUMMITT ST,49.8041489073883,30.0,2,B,MEMPHIS,SHELBY,81620,49.80414890741022,City of Memphis,city_residual,city: no state-route overlap,SUMMITT ST,False,False,False,City of Memphis,True,,113.3,True,no_signal_coverage
300959247,2024-05-26,2024-05-26 21:20:00,2024,5,Sunday,21,35.148144,-90.050983,Possible Injury,Pedestrian,Not Intersection-On Roadway Not In Crosswalk,Intersection-Related,Dark-Lighted,Not Collision with Motor Vehicle in Transport,Pedestrian,1,True,,,,,,,62.58078893351033,ADAMS AVE,14.018217100755988,30.0,2,B,MEMPHIS,SHELBY,7330,14.018217101164954,City of Memphis,city_residual,city: no state-route overlap,ADAMS AVE,False,False,False,City of Memphis,False,,206.8,False,
300962171,2024-06-15,2024-06-15 21:46:00,2024,6,Saturday,21,35.107765,-90.06345,Suspected Serious Injury,Pedestrian,Not Intersection-On Roadway Not In Crosswalk,AccelDecelLane,Dark-Lighted,Not Collision with Motor Vehicle in Transport,Pedestrian,1,True,,,,,,,740.3069024237479,S PARKWAY W,0.4223415227482172,40.0,5,B,MEMPHIS,SHELBY,50807,0.4223415213273104,City of Memphis,city_residual,city: no state-route overlap,S PARKWAY W,False,False,False,City of Memphis,False,17279,720.5,True,
300961398,2024-06-11,2024-06-11 13:50:00,2024,6,Tuesday,13,35.21275,-90.012535,Possible Injury,Pedestrian,Intersection-In Crosswalk,Unknown,Daylight,Not Collision with Motor Vehicle in Transport,Pedestrian,1,True,,,,,,,1602.3992315500748,SAINT CHARLES DR,34.9088397316188,30.0,2,B,MEMPHIS,SHELBY,27751,34.90883973182329,City of Memphis,city_residual,city: no state-route overlap,SAINT CHARLES DR,False,False,False,City of Memphis,True,,1603.2,True,no_signal_coverage
300959487,2024-05-29,2024-05-29 22:00:00,2024,5,Wednesday,22,35.08057,-89.88847,Suspected Serious Injury,Pedestrian,Not Intersection-Bike Path,Non-Junction,Dark-Lighted,Not Collision with Motor Vehicle in Transport,Pedestrian,2,True,,,,,,,1089.0296391084755,AMERICAN WAY,0.1653845232968616,45.0,5,B,MEMPHIS,SHELBY,53604,0.1653845250672774,City of Memphis,city_residual,city: no state-route overlap,AMERICAN WAY,False,False,False,City of Memphis,False,794,15.1,True,