MstrRecNbrTxt,CollisionDate,CollisionDteTime,YearNmb,Month,DayOfWeek,Hour,Latitude,Longitude,InjuryClass,PersonType,NonMotoristLocation,RelationToJunction,LightCondition,MannerOfCollision,FirstHarmfulEvent,VictimsInCrash,InMemphis,StateRoute_NAME,StateRoute_F_System,StateRoute_SPDLIMIT,StateRoute_LANES,StateRoute_ALTNAME_1,StateRoute_Council_District,DistToStateRoute_m,Street_Name,DistToStreet_m,Street_SPDLIMIT,Street_LANES,Street_ONEWAY,Street_CITY_L,Street_COUNTY_L,Seg_OBJECTID,DistToSeg_m,Ownership,Rule_Fired,Classification_Basis,Matched_Street,is_limited_access,is_override,is_corner_case,Jurisdiction_prev,at_intersection,intersection_node_id,nearest_ped_signal_m,is_ambiguous_intersection,intersection_signalized
300960889,2024-06-07,2024-06-07 16:20:00,2024,6,Friday,16,35.181087,-89.97614,Suspected Minor Injury,Pedestrian,Intersection-Not on Roadway,Intersection,Daylight,Angle,Other,1,True,,,,,,,2559.738266078163,HEARD AVE,13.5961607917113,30.0,2,B,MEMPHIS,SHELBY,4488,13.5961607917113,City of Memphis,city_residual,city: no state-route overlap,HEARD AVE,False,False,False,City of Memphis,True,15478,980.5,False,no_signal_coverage
300958774,2024-05-24,2024-05-24 20:50:00,2024,5,Friday,20,35.1446,-89.93755,Possible Injury,Pedestrian,Intersection-On Roadway Crosswalk Not Available,Intersection,Dark-Lighted,Not Collision with Motor Vehicle in Transport,Pedestrian,1,True,,,,,,,527.79707975221,HIGH POINT TER,18.15872076830397,35.0,2,B,MEMPHIS,SHELBY,84953,18.15872076828367,City of Memphis,city_residual,city: no state-route overlap,HIGH POINT TER,False,False,False,City of Memphis,True,,831.4,True,no_signal_coverage
300954285,2024-04-28,2024-04-28 15:09:00,2024,4,Sunday,15,35.21088,-89.9227,Fatal,Pedestrian,Not Intersection-On Roadway Not In Crosswalk,AccelDecelLane,Daylight,Not Collision with Motor Vehicle in Transport,Pedestrian,1,True,,,,,,,233.5939229236096,RALEIGH MILLINGTON RD,4.039232548065536,40.0,5,B,MEMPHIS,SHELBY,47207,4.039232549396544,City of Memphis,city_residual,city: no state-route overlap,RALEIGH MILLINGTON RD,False,False,False,City of Memphis,False,,330.9,False,
300958778,2024-05-24,2024-05-24 11:00:00,2024,5,Friday,11,35.10532,-89.98565,Possible Injury,Pedestrian,Intersection-In Crosswalk,Intersection,Daylight,Not Collision with Motor Vehicle in Transport,Pedestrian,1,True,LAMAR AVE,Principal Arterial,40.0,5.0,4,4.0,4.254219725299092,AIRWAYS BLVD,0.4864485508671597,40.0,7,B,MEMPHIS,SHELBY,51014,0.486448549606732,City of Memphis,city_residual,city: no state-route overlap,AIRWAYS BLVD,False,False,False,City of Memphis,True,300,2.5,False,yes
300893540,2023-06-16,2023-06-16 22:00:00,2023,6,Friday,22,35.211483,-89.92317,Fatal,Pedestrian,Intersection-On Roadway Crosswalk Not Available,Intersection,Dark-Lighted,Not Collision with Motor Vehicle in Transport,Pedestrian,1,True,,,,,,,309.8362340343786,RALEIGH MILLINGTON RD,0.826249426320338,40.0,4,B,MEMPHIS,SHELBY,47209,0.8262494277557718,City of Memphis,city_residual,city: no state-route overlap,RALEIGH MILLINGTON RD,False,False,False,City of Memphis,True,,368.5,True,no_signal_coverage
300961068,2024-06-09,2024-06-09 01:30:00,2024,6,Sunday,1,35.136448,-90.012695,Suspected Minor Injury,Pedestrian,Not Intersection-On Roadway Not In Crosswalk,Non-Junction,Unknown,Not Collision with Motor Vehicle in Transport,Pedestrian,1,True,UNION AVE,Principal Arterial,35.0,6.0,23,5.0,3.9798734181752566,UNION AVE,0.6041378308266496,35.0,6,B,MEMPHIS,SHELBY,46785,0.6041378308266496,TDOT state route,state_route_overlap,"state route: 100% overlap, name=UNION",UNION AVE,False,False,False,TDOT state route,False,,34.8,False,
300960898,2024-06-07,2024-06-07 19:00:00,2024,6,Friday,19,35.111443,-89.94977,Possible Injury,Pedestrian,Not Intersection-Outside Traffic,Non-Junction,Daylight,Not Collision with Motor Vehicle in Transport,Pedestrian,1,True,,,,,,,1863.5966126236008,CARNES AVE,9.164214717366027,30.0,2,B,MEMPHIS,SHELBY,5645,9.164214716258147,City of Memphis,city_residual,city: no state-route overlap,CARNES AVE,False,False,False,City of Memphis,False,,1840.8,False,
300960255,2024-06-02,2024-06-02 00:41:00,2024,6,Sunday,0,35.04477,-89.88553,Suspected Minor Injury,Pedestrian,Not Intersection-On Roadway Not In Crosswalk,Non-Junction,Dark-Not Lighted,Not Collision with Motor Vehicle in Transport,Pedestrian,1,True,,,,,,,2513.320435036688,S MENDENHALL RD,37.65037068270065,45.0,7,B,MEMPHIS,SHELBY,51906,37.65037068269577,City of Memphis,city_residual,city: no state-route overlap,S MENDENHALL RD,False,False,False,City of Memphis,False,,644.0,False,
300960903,2024-06-04,2024-06-04 16:20:00,2024,6,Tuesday,16,35.14526,-90.03004,Suspected Minor Injury,Pedestrian,Intersection-On Roadway Crosswalk availability Unknown,Intersection,Dark-Lighted,Not Collision with Motor Vehicle in Transport,Pedestrian,2,True,,,,,,,775.1872779235888,N PAULINE ST,0.1415010039831617,30.0,5,B,MEMPHIS,SHELBY,84262,0.1415010039306834,City of Memphis,city_residual,city: no state-route overlap,N PAULINE ST,False,False,False,City of Memphis,True,1908,4.1,False,yes
300962567,2024-06-18,2024-06-18 21:10:00,2024,6,Tuesday,21,35.202553,-90.02802,Possible Injury,Pedestrian,Not Intersection-On Roadway Not In Crosswalk,Non-Junction,Dark-Not Lighted,Not Collision with Motor Vehicle in Transport,Pedestrian,1,True,,,,,,,544.3116816760381,STAGE AVE,37.71543099547484,45.0,2,B,MEMPHIS,SHELBY,53106,37.71543099547484,City of Memphis,city_residual,city: no state-route overlap,STAGE AVE,False,False,False,City of Memphis,False,,534.2,False,
300959889,2024-06-01,2024-06-01 00:00:00,2024,6,Saturday,99,35.17619,-89.93925,Possible Injury,Pedestrian,Intersection-On Roadway Crosswalk Not Available,Intersection,Unknown,Not Collision with Motor Vehicle in Transport,Pedestrian,1,True,JACKSON AVE,Principal Arterial,40.0,6.0,14,7.0,4.6885103381551705,JACKSON AVE,7.76263040678422,40.0,6,B,MEMPHIS,SHELBY,47864,7.762630406687975,TDOT state route,state_route_overlap,"state route: 100% overlap, name=JACKSON",JACKSON AVE,False,False,False,TDOT state route,True,16674,265.5,False,no
300958582,2024-05-21,2024-05-21 17:29:00,2024,5,Tuesday,17,35.15053,-90.05213,Possible Injury,Pedestrian,Intersection-In Crosswalk,Intersection,Daylight,Not Collision with Motor Vehicle in Transport,Pedestrian,1,True,,,,,,,243.11022394367305,N FRONT ST,0.3385639994253932,30.0,5,B,MEMPHIS,SHELBY,84205,0.3385639998579566,City of Memphis,city_residual,city: no state-route overlap,N FRONT ST,False,False,False,City of Memphis,True,20558,237.9,False,no
300958794,2024-05-24,2024-05-24 18:35:00,2024,5,Friday,18,35.12602,-89.990746,Possible Injury,Pedestrian,Intersection-In Crosswalk,AccelDecelLane,Daylight,Not Collision with Motor Vehicle in Transport,Pedestrian,1,True,,,,,,,591.5642579545499,CENTRAL AVE,0.2772595364887465,40.0,4,B,MEMPHIS,SHELBY,50635,0.2772595350806269,City of Memphis,city_residual,city: no state-route overlap,CENTRAL AVE,False,False,False,City of Memphis,True,6289,578.9,False,no
300874594,2023-03-22,2023-03-22 00:27:00,2023,3,Wednesday,0,35.148376,-89.98143,Fatal,Pedestrian,Not Intersection-On Roadway Not In Crosswalk,Non-Junction,Dark-Lighted,Not Collision with Motor Vehicle in Transport,Pedestrian,1,True,E PARKWAY,Principal Arterial,40.0,7.0,57,5.0,27.132612968226525,SAM COOPER BLVD,22.89930229733353,40.0,6,B,MEMPHIS,SHELBY,52704,22.89930229733353,Limited-access (TDOT),limited_access_override,limited-access override: Sam Cooper Blvd,SAM COOPER BLVD,True,True,False,City of Memphis,False,,8.9,False,
300894613,2023-06-22,2023-06-22 20:20:00,2023,6,Thursday,20,35.098293,-89.89115,Fatal,Pedestrian,Not Intersection-On Roadway Not In Crosswalk,Non-Junction,Daylight,Not Collision with Motor Vehicle in Transport,Pedestrian,1,True,,,,,,,1181.5155826636137,S WHITE STATION RD,27.719647778529552,40.0,4,B,MEMPHIS,SHELBY,51620,27.71964777853721,City of Memphis,city_residual,city: no state-route overlap,S WHITE STATION RD,False,False,False,City of Memphis,False,,1200.0,False,
300960941,2024-06-08,2024-06-08 04:03:00,2024,6,Saturday,4,35.16826,-89.86452,Suspected Serious Injury,Pedestrian,Not Intersection-On Roadway Not In Crosswalk,AccelDecelLane,Dark-Not Lighted,Not Collision with Motor Vehicle in Transport,Pedestrian,1,True,,,,,,,543.1408144178649,SHELBY OAKS DR,0.3160451960325066,40.0,4,B,MEMPHIS,SHELBY,35005,0.3160451971136809,City of Memphis,city_residual,city: no state-route overlap,SHELBY OAKS DR,False,False,False,City of Memphis,False,24152,23.4,True,
300959157,2024-05-27,2024-05-27 07:28:00,2024,5,Monday,7,35.033012,-90.02144,Possible Injury,Pedestrian,Intersection-Not on Roadway,Non-Junction,Daylight,Not Collision with Motor Vehicle in Transport,Pedestrian,1,True,,,,,,,340.6193832991055,WESLEY DR,70.68336639177157,30.0,2,B,MEMPHIS,SHELBY,27304,70.68336639177157,City of Memphis,city_residual,city: no state-route overlap,WESLEY DR,False,False,False,City of Memphis,True,,344.1,True,no_signal_coverage
300959159,2024-05-27,2024-05-27 13:00:00,2024,5,Monday,13,35.057903,-90.06322,No Injury,Other Non-Motorist,Not Intersection-Unknown,Intersection,Daylight,Angle,Other,1,True,,,,,,,316.08568540852417,E DUNBAR RD,26.303780576645988,30.0,2,B,MEMPHIS,SHELBY,72073,26.30378057409478,City of Memphis,city_residual,city: no state-route overlap,E DUNBAR RD,False,False,False,City of Memphis,False,,380.8,False,
300962610,2024-06-19,2024-06-19 07:20:00,2024,6,Wednesday,7,35.11334,-90.05244,Suspected Serious Injury,Pedestrian,Not Intersection-On Roadway Not In Crosswalk,Non-Junction,Dawn,Not Collision with Motor Vehicle in Transport,Pedestrian,1,True,,,,,,,255.76841436111496,CAMBRIDGE AVE,0.4114508665270984,30.0,2,B,MEMPHIS,SHELBY,4820,0.4114508664204222,City of Memphis,city_residual,city: no state-route overlap,CAMBRIDGE AVE,False,False,False,City of Memphis,False,5407,392.5,True,
300959174,2024-05-27,2024-05-27 16:06:00,2024,5,Monday,16,35.080193,-89.95548,No Injury,Other Non-Motorist,Unknown,Intersection,Daylight,Not Collision with Motor Vehicle in Transport,Other,1,True,LAMAR AVE,Principal Arterial,40.0,6.0,4,4.0,3.474004914593977,INTERSTATE 240 E,0.1787866532720163,65.0,4,FT,MEMPHIS,SHELBY,39854,0.1787866532763134,Interstate (TDOT),interstate_mainline,interstate: MTFCC S1100,INTERSTATE 240 E,True,False,False,Interstate (TDOT),False,,316.7,False,
300888290,2023-05-20,2023-05-20 20:23:00,2023,5,Saturday,20,35.161552,-89.947136,Suspected Serious Injury,Pedestrian,Not Intersection-On Roadway Not In Crosswalk,Non-Junction,Dark-Lighted,Not Collision with Motor Vehicle in Transport,Pedestrian,1,True,,,,,,,617.242187394375,NATIONAL ST,8.999564668417275,40.0,4,B,MEMPHIS,SHELBY,51258,8.999564669290397,City of Memphis,city_residual,city: no state-route overlap,NATIONAL ST,False,False,False,City of Memphis,False,15175,643.8,True,
300961670,2024-06-12,2024-06-12 12:36:00,2024,6,Wednesday,12,35.00678,-90.00815,Possible Injury,Pedestrian,Intersection-Not on Roadway,Intersection,Daylight,Not Collision with Motor Vehicle in Transport,Pedestrian,1,True,,,,,,,1563.2090058325175,E HOLMES RD,38.41870929832061,40.0,5,B,MEMPHIS,SHELBY,49749,38.418709300124966,City of Memphis,city_residual,city: no state-route overlap,E HOLMES RD,False,False,False,City of Memphis,True,,1544.8,True,no_signal_coverage
300961125,2024-06-05,2024-06-05 20:00:00,2024,6,Wednesday,20,35.211975,-90.0322,Possible Injury,Pedestrian,Intersection-On Roadway not in Crosswalk,OtherLocation,Dark-Lighted,Not Collision with Motor Vehicle in Transport,Pedestrian,1,True,THOMAS ST,,40.0,2.0,3,7.0,0.8012128280762089,THOMAS ST,0.2054498137773874,40.0,2,B,MEMPHIS,SHELBY,47263,0.2054498138996333,TDOT state route,state_route_overlap,"state route: 100% overlap, name=THOMAS",THOMAS ST,False,False,False,TDOT state route,True,19232,18.3,False,yes
300959011,2024-05-26,2024-05-26 07:00:00,2024,5,Sunday,7,35.062923,-90.0878,No Injury,Other Non-Motorist,Intersection-Not on Roadway,"Driveway, Alley Access, etc",Dawn,Angle,Other,1,True,,,,,,,2597.399141809142,HARAHAN RD,18.17484518525648,30.0,2,B,MEMPHIS,SHELBY,71780,18.17484518798689,City of Memphis,city_residual,city: no state-route overlap,HARAHAN RD,False,False,False,City of Memphis,True,,2589.3,True,no_signal_coverage
300959565,2024-05-29,2024-05-29 20:48:00,2024,5,Wednesday,20,35.107697,-89.98315,Possible Injury,Pedestrian,Not Intersection-Unknown,"Driveway, Alley Access, etc",Dark-Unknown Lighting,Not Collision with Motor Vehicle in Transport,Pedestrian,1,True,,,,,,,164.26251903200347,ETHEL ST,14.178337878502784,30.0,2,B,MEMPHIS,SHELBY,84527,14.178337878473435,City of Memphis,city_residual,city: no state-route overlap,ETHEL ST,False,False,False,City of Memphis,False,,184.4,False,
300908787,2023-09-03,2023-09-03 00:22:00,2023,9,Sunday,0,35.15307,-89.88861,Fatal,Pedestrian,Not Intersection-On Roadway Not In Crosswalk,Non-Junction,Dark-Lighted,Not Collision with Motor Vehicle in Transport,Pedestrian,1,True,SUMMER AVE,Principal Arterial,40.0,7.0,1,5.0,2.9276120821757807,N WHITE STATION RD,0.0447245150045424,40.0,5,B,MEMPHIS,SHELBY,51458,0.0447245139631545,City of Memphis,city_residual,city: no state-route overlap,N WHITE STATION RD,False,False,False,City of Memphis,False,21029,21.4,True,
300960801,2024-06-06,2024-06-06 23:00:00,2024,6,Thursday,23,35.13798,-90.02818,Possible Injury,Pedestrian,Intersection-On Roadway not in Crosswalk,AccelDecelLane,Dark-Lighted,Not Collision with Motor Vehicle in Transport,Pedestrian,1,True,UNION AVE,Principal Arterial,35.0,6.0,3,6.0,5.134409230404571,S PAULINE ST,0.0671425237946343,30.0,4,B,MEMPHIS,SHELBY,84368,0.0671425237875594,City of Memphis,city_residual,city: no state-route overlap,S PAULINE ST,False,False,True,City of Memphis,True,23674,2.6,False,yes
300961170,2024-06-09,2024-06-09 20:59:00,2024,6,Sunday,20,35.0533,-90.02036,Suspected Serious Injury,Pedestrian,Not Intersection-On Roadway Not In Crosswalk,OtherLocation,Dark-Lighted,Not Collision with Motor Vehicle in Transport,Pedestrian,1,True,,,,,,,426.5773457992492,ROYAL OAKS CV,61.7826357561005,35.0,2,B,MEMPHIS,SHELBY,15075,61.78263575650372,City of Memphis,city_residual,city: no state-route overlap,ROYAL OAKS CV,False,False,False,City of Memphis,False,,415.5,False,
300961310,2024-06-10,2024-06-10 00:00:00,2024,6,Monday,99,35.114563,-89.927666,No Injury,Pedestrian,Not Intersection-Other Not On Roadway,Non-Junction,Unknown,Rear to Side,Other,1,True,,,,,,,1029.2844020172763,WATSON ST,28.68045967943835,30.0,2,B,MEMPHIS,SHELBY,83345,28.680459679508772,City of Memphis,city_residual,city: no state-route overlap,WATSON ST,False,False,False,City of Memphis,False,,1029.1,False,
300868973,2023-02-23,2023-02-23 22:27:00,2023,2,Thursday,22,35.061295,-89.886246,Fatal,Pedestrian,Not Intersection-On Roadway Crosswalk not Available,Non-Junction,Dark-Lighted,Not Collision with Motor Vehicle in Transport,Pedestrian,1,True,,,,,,,2328.7625734621543,TYROL CT,30.526553476257327,30.0,2,B,MEMPHIS,SHELBY,11036,30.5265534768551,City of Memphis,city_residual,city: no state-route overlap,TYROL CT,False,False,False,City of Memphis,False,,1192.5,False,
300960159,2024-06-02,2024-06-02 20:44:00,2024,6,Sunday,20,35.223206,-89.941216,Possible Injury,Pedestrian,Intersection-On Roadway not in Crosswalk,Intersection,Dark-Lighted,Not Collision with Motor Vehicle in Transport,Pedestrian,1,True,,,,,,,2403.822480492556,WINDERMERE DR,6.223679994752513,30.0,2,B,MEMPHIS,SHELBY,28102,6.223679994620975,City of Memphis,city_residual,city: no state-route overlap,WINDERMERE DR,False,False,False,City of Memphis,True,13529,2399.7,False,no_signal_coverage
300945308,2024-03-09,2024-03-09 21:04:00,2024,3,Saturday,21,35.069477,-90.05807,Fatal,Pedestrian,Not Intersection-On Roadway Crosswalk not Available,Non-Junction,Dark-Lighted,Not Collision with Motor Vehicle in Transport,Other,1,True,,,,,,,43.753522450233625,S THIRD ST,43.10894583825997,45.0,7,B,MEMPHIS,SHELBY,47482,43.10894583822852,TDOT state route,state_route_overlap,"state route: 100% overlap, name=S THIRD",S THIRD ST,False,False,False,TDOT state route,False,,343.0,False,
300964714,2024-07-02,2024-07-02 13:00:00,2024,7,Tuesday,13,35.20456,-89.89461,Possible Injury,Pedestrian,Not Intersection-On Roadway Not In Crosswalk,AccelDecelLane,Daylight,Not Collision with Motor Vehicle in Transport,Pedestrian,1,True,COVINGTON PIKE,,45.0,5.0,204,1.0,13.234363572803728,COVINGTON PIKE,12.48825144303796,45.0,5,B,MEMPHIS,SHELBY,48023,12.488251442945831,TDOT state route,state_route_overlap,"state route: 100% overlap, name=COVINGTON",COVINGTON PIKE,False,False,False,TDOT state route,False,,240.9,False,
300963821,2024-06-27,2024-06-27 22:20:00,2024,6,Thursday,22,35.174534,-89.98324,Suspected Minor Injury,Pedestrian,Intersection-Unknown,Intersection,Dark-Lighted,Not Collision with Motor Vehicle in Transport,Pedestrian,1,True,,,,,,,1703.690060761399,CHELSEA AVE,2.173339912476042,40.0,4,B,MEMPHIS,SHELBY,50712,2.1733399117967127,City of Memphis,city_residual,city: no state-route overlap,CHELSEA AVE,False,False,False,City of Memphis,True,6659,1723.3,False,no
300963205,2024-06-22,2024-06-22 18:23:00,2024,6,Saturday,18,35.108936,-89.98923,Possible Injury,Pedestrian,Intersection-On Roadway not in Crosswalk,Non-Junction,Daylight,Not Collision with Motor Vehicle in Transport,Pedestrian,1,True,LAMAR AVE,Principal Arterial,40.0,7.0,4,4.0,4.346122987071244,LAMAR AVE,0.7694712778378101,40.0,7,B,MEMPHIS,SHELBY,48148,0.7694712789730304,TDOT state route,state_route_overlap,"state route: 100% overlap, name=LAMAR",LAMAR AVE,False,False,False,TDOT state route,True,13769,310.7,False,no
300964899,2024-07-04,2024-07-04 16:52:00,2024,7,Thursday,16,35.20337,-89.97807,Possible Injury,Pedestrian,Not Intersection-On Roadway Crosswalk not Available,OtherLocation,Daylight,Not Collision with Motor Vehicle in Transport,Pedestrian,1,True,,,,,,,4648.586874098596,LEAFY HOLLOW DR,3.0288521538386743,30.0,2,B,MEMPHIS,SHELBY,32590,3.028852153484437,City of Memphis,city_residual,city: no state-route overlap,LEAFY HOLLOW DR,False,False,False,City of Memphis,False,,1133.2,False,
300966300,2024-07-15,2024-07-15 18:05:00,2024,7,Monday,18,35.020256,-89.94825,Possible Injury,Pedestrian,Not Intersection-In Parking Lane,"Driveway, Alley Access, etc",Daylight,Not Collision with Motor Vehicle in Transport,Pedestrian,1,True,,,,,,,55.500608472539696,MEIER DR,35.70289823108987,30.0,2,B,MEMPHIS,SHELBY,25997,35.702898231982964,City of Memphis,city_residual,city: no state-route overlap,MEIER DR,False,False,False,City of Memphis,False,,560.3,False,
300943727,2024-02-28,2024-02-28 19:20:00,2024,2,Wednesday,19,35.084778,-89.95135,Fatal,Pedestrian,Not Intersection-On Roadway Crosswalk not Available,Non-Junction,Dark-Not Lighted,Not Collision with Motor Vehicle in Transport,Pedestrian,1,True,,,,,,,623.2354839340065,PRESCOTT RD,71.24046810969006,40.0,4,B,MEMPHIS,SHELBY,51144,71.24046810969006,City of Memphis,city_residual,city: no state-route overlap,PRESCOTT RD,False,False,False,City of Memphis,False,,275.0,False,
300964918,2024-07-05,2024-07-05 14:58:00,2024,7,Friday,14,35.212906,-90.00558,Suspected Serious Injury,Pedestrian,Not Intersection-On Roadway Not In Crosswalk,AccelDecelLane,Daylight,Not Collision with Motor Vehicle in Transport,Pedestrian,1,True,,,,,,,2110.393849699908,DELLWOOD AVE,25.615914851814324,35.0,3,B,MEMPHIS,SHELBY,2768,25.615914851814324,City of Memphis,city_residual,city: no state-route overlap,DELLWOOD AVE,False,False,False,City of Memphis,False,,2185.1,False,
300960198,2024-06-02,2024-06-02 20:06:00,2024,6,Sunday,20,35.22605,-89.940834,Fatal,Pedestrian,Not Intersection-On Roadway Not In Crosswalk,AccelDecelLane,Dark-Lighted,Not Collision with Motor Vehicle in Transport,Pedestrian,1,True,,,,,,,2573.992798133004,DORADO AVE,8.622661570133305,30.0,2,B,MEMPHIS,SHELBY,3035,8.622661571407502,City of Memphis,city_residual,city: no state-route overlap,DORADO AVE,False,False,False,City of Memphis,False,9803,2558.3,True,
300865216,2023-02-04,2023-02-04 20:33:00,2023,2,Saturday,20,35.04188,-90.02512,Fatal,Pedestrian,Not Intersection-On Roadway Not In Crosswalk,Intersection-Related,Dark-Lighted,Not Collision with Motor Vehicle in Transport,Pedestrian,1,True,ELVIS PRESLEY BLVD,Principal Arterial,40.0,6.0,3,6.0,0.0865634424747433,ELVIS PRESLEY BLVD,0.1827732808437246,40.0,6,B,MEMPHIS,SHELBY,46502,0.1827732808439841,TDOT state route,state_route_overlap,"state route: 100% overlap, name=ELVIS PRESLEY",ELVIS PRESLEY BLVD,False,False,False,TDOT state route,False,12013,274.0,True,
300964043,2024-06-29,2024-06-29 11:41:00,2024,6,Saturday,11,35.108738,-90.02117,Possible Injury,Pedestrian,Intersection-In Crosswalk,Intersection,Daylight,Not Collision with Motor Vehicle in Transport,Pedestrian,1,True,,,,,,,34.855600396015724,QUINN AVE,20.497197376292256,30.0,2,B,MEMPHIS,SHELBY,5125,20.49719737593801,City of Memphis,city_residual,city: no state-route overlap,QUINN AVE,False,False,False,City of Memphis,True,,202.8,True,no_signal_coverage
300964773,2024-07-03,2024-07-03 00:12:00,2024,7,Wednesday,0,35.015568,-89.89441,Suspected Serious Injury,Pedestrian,Intersection-On Roadway not in Crosswalk,Non-Junction,Dark-Lighted,Not Collision with Motor Vehicle in Transport,Pedestrian,1,True,LAMAR AVE,Principal Arterial,55.0,2.0,4,3.0,16.323388355393,LAMAR AVE,13.806267858788422,55.0,2,FT,MEMPHIS,SHELBY,48430,13.806267859620634,TDOT state route,state_route_overlap,"state route: 100% overlap, name=LAMAR",LAMAR AVE,False,False,False,TDOT state route,True,,616.6,True,no_signal_coverage
300963418,2024-06-25,2024-06-25 11:38:00,2024,6,Tuesday,11,35.147762,-90.042755,Fatal,Pedestrian,Not Intersection-Outside Traffic,Non-Junction,Daylight,Not Collision with Motor Vehicle in Transport,Pedestrian,1,True,,,,,,,88.26377261068944,POPLAR AVE,28.57149809917465,40.0,7,B,MEMPHIS,SHELBY,50320,28.57149810039041,City of Memphis,city_residual,city: no state-route overlap,POPLAR AVE,False,False,False,City of Memphis,False,,71.0,False,
300965491,2024-07-06,2024-07-06 22:52:00,2024,7,Saturday,22,35.020298,-89.95364,Possible Injury,Pedestrian,Not Intersection-On Roadway Not In Crosswalk,Intersection,Dark-Lighted,Not Collision with Motor Vehicle in Transport,Pedestrian,1,True,,,,,,,54.43572497605102,E SHELBY DR,49.74988446721502,45.0,7,B,MEMPHIS,SHELBY,46398,49.74988446583472,TDOT state route,state_route_overlap,"state route: 100% overlap, name=E SHELBY",E SHELBY DR,False,False,False,TDOT state route,False,,73.6,False,
300962397,2024-06-14,2024-06-14 21:15:00,2024,6,Friday,21,35.14428,-90.030349,Possible Injury,Pedestrian,Not Intersection-Outside Traffic,Non-Junction,Dark-Not Lighted,Not Collision with Motor Vehicle in Transport,Pedestrian,1,True,,,,,,,663.67138280391,WASHINGTON AVE,5.381061536141347,30.0,2,B,MEMPHIS,SHELBY,6995,5.381061535199187,City of Memphis,city_residual,city: no state-route overlap,WASHINGTON AVE,False,False,False,City of Memphis,False,,116.4,False,
300963713,2024-06-25,2024-06-25 15:00:00,2024,6,Tuesday,15,35.174622,-89.764664,Possible Injury,Pedestrian,Not Intersection-On Roadway Crosswalk not Available,Intersection-Related,Daylight,Not Collision with Motor Vehicle in Transport,Pedestrian,1,True,,,,,,,2579.814246409726,CHIMNEYROCK BLVD,7.4450977995981695,30.0,2,B,MEMPHIS,SHELBY,7894,7.4450977995981695,City of Memphis,city_residual,city: no state-route overlap,CHIMNEYROCK BLVD,False,False,False,City of Memphis,False,,2556.3,False,
300963124,2024-06-23,2024-06-23 00:00:00,2024,6,Sunday,0,35.127617,-89.85486,Suspected Serious Injury,Pedestrian,Intersection-Not on Roadway,Intersection,Unknown,Not Collision with Motor Vehicle in Transport,Pedestrian,1,True,,,,,,,1233.4939328436246,HUMPHREYS CENTER DR,26.95582387762688,30.0,2,B,MEMPHIS,SHELBY,35374,26.955823879044445,City of Memphis,city_residual,city: no state-route overlap,HUMPHREYS CENTER DR,False,False,False,City of Memphis,True,,600.8,True,no_signal_coverage
300964820,2024-07-04,2024-07-04 21:57:00,2024,7,Thursday,21,35.14203,-90.054085,Suspected Minor Injury,Pedestrian,Intersection-Not on Roadway,Intersection,Dark-Not Lighted,Not Collision with Motor Vehicle in Transport,Pedestrian,1,True,,,,,,,120.91663616731998,GAYOSO AVE,0.0995065277341769,30.0,1,FT,MEMPHIS,SHELBY,7324,0.099506525046615,City of Memphis,city_residual,city: no state-route overlap,GAYOSO AVE,False,False,False,City of Memphis,True,13848,269.5,False,no_signal_coverage
300965915,2024-07-08,2024-07-08 21:30:00,2024,7,Monday,21,35.232586,-89.978935,Suspected Serious Injury,Pedestrian,Intersection-Unknown,Intersection,Dark-Not Lighted,Not Collision with Motor Vehicle in Transport,Pedestrian,1,True,,,,,,,2854.896821709937,N TREZEVANT ST,2.569723306470391,30.0,2,B,MEMPHIS,SHELBY,80111,2.569723306604021,City of Memphis,city_residual,city: no state-route overlap,N TREZEVANT ST,False,False,False,City of Memphis,True,20945,3204.8,False,no_signal_coverage
300964830,2024-07-05,2024-07-05 00:30:00,2024,7,Friday,0,35.067863,-89.88216,No Injury,Pedestrian,Unknown,OtherLocation,Dark-Lighted,Not Collision with Motor Vehicle in Transport,Other,1,True,,,,,,,1513.485317814423,ESTES ST,22.294718728501003,30.0,2,B,MEMPHIS,SHELBY,79467,22.294718728501003,City of Memphis,city_residual,city: no state-route overlap,ESTES ST,False,False,False,City of Memphis,False,,935.9,False,
300966374,2024-07-15,2024-07-15 11:30:00,2024,7,Monday,11,35.006363,-90.01927,No Injury,Pedestrian,Not Intersection-Other Not On Roadway,Intersection,Daylight,Angle,Other,1,True,,,,,,,548.507167435381,MARYNELLE ST,2.51208665363864,30.0,2,B,MEMPHIS,SHELBY,79679,2.512086653665661,City of Memphis,city_residual,city: no state-route overlap,MARYNELLE ST,False,False,False,City of Memphis,False,10658,529.9,True,
300963964,2024-06-28,2024-06-28 21:00:00,2024,6,Friday,21,35.09236,-90.060104,Suspected Serious Injury,Pedestrian,Not Intersection-Adjacent to Roadway,OtherLocation,Dark-Lighted,Not Collision with Motor Vehicle in Transport,Pedestrian,1,True,,,,,,,357.3185477763923,E FERNWOOD AVE,22.805118283157523,30.0,2,B,MEMPHIS,SHELBY,4749,22.805118281745443,City of Memphis,city_residual,city: no state-route overlap,E FERNWOOD AVE,False,False,False,City of Memphis,False,,570.3,False,