MstrRecNbrTxt,CollisionDate,CollisionDteTime,YearNmb,Month,DayOfWeek,Hour,Latitude,Longitude,InjuryClass,PersonType,NonMotoristLocation,RelationToJunction,LightCondition,MannerOfCollision,FirstHarmfulEvent,VictimsInCrash,InMemphis,StateRoute_NAME,StateRoute_F_System,StateRoute_SPDLIMIT,StateRoute_LANES,StateRoute_ALTNAME_1,StateRoute_Council_District,DistToStateRoute_m,Street_Name,DistToStreet_m,Street_SPDLIMIT,Street_LANES,Street_ONEWAY,Street_CITY_L,Street_COUNTY_L,Seg_OBJECTID,DistToSeg_m,Ownership,Rule_Fired,Classification_Basis,Matched_Street,is_limited_access,is_override,is_corner_case,Jurisdiction_prev,at_intersection,intersection_node_id,nearest_ped_signal_m,is_ambiguous_intersection,intersection_signalized
300963154,2024-06-23,2024-06-23 00:00:00,2024,6,Sunday,0,35.13892,-90.05575,Suspected Serious Injury,Pedestrian,Not Intersection-On Roadway Crosswalk Availability Unknown,Intersection,Dark-Lighted,Not Collision with Motor Vehicle in Transport,Pedestrian,1,True,,,,,,,140.79382571009307,S MAIN ST,0.2862501846580412,30.0,3,B,MEMPHIS,SHELBY,80491,0.2862501853967246,City of Memphis,city_residual,city: no state-route overlap,S MAIN ST,False,False,False,City of Memphis,False,9960,269.8,True,
300964124,2024-06-30,2024-06-30 02:26:00,2024,6,Sunday,2,35.184933,-89.93227,Suspected Serious Injury,Pedestrian,Not Intersection-On Roadway Not In Crosswalk,AccelDecelLane,Dark-Lighted,Not Collision with Motor Vehicle in Transport,Pedestrian,1,True,,,,,,,69.57380376075058,CAPE HENRY DR,30.92124052779589,30.0,2,B,MEMPHIS,SHELBY,34205,30.92124052718842,City of Memphis,city_residual,city: no state-route overlap,CAPE HENRY DR,False,False,False,City of Memphis,False,,138.6,False,
300963352,2024-06-24,2024-06-24 17:00:00,2024,6,Monday,17,35.145138,-90.031746,Possible Injury,Pedestrian,Not Intersection-On Roadway Not In Crosswalk,Unknown,Daylight,Not Collision with Motor Vehicle in Transport,Pedestrian,1,True,,,,,,,740.9813598882411,POPLAR AVE,34.890435608728744,40.0,7,B,MEMPHIS,SHELBY,50350,34.890435608334094,City of Memphis,city_residual,city: no state-route overlap,POPLAR AVE,False,False,False,City of Memphis,False,,97.7,False,
300963976,2024-06-28,2024-06-28 22:00:00,2024,6,Friday,22,35.22069,-89.89003,Possible Injury,Pedestrian,Not Intersection-On Roadway Not In Crosswalk,Non-Junction,Dark-Lighted,Not Collision with Motor Vehicle in Transport,Pedestrian,1,True,,,,,,,381.3004876432338,YALE RD,30.197499086155293,40.0,5,B,MEMPHIS,SHELBY,50055,30.19749908690481,City of Memphis,city_residual,city: no state-route overlap,YALE RD,False,False,False,City of Memphis,False,,366.6,False,
300965380,2024-07-08,2024-07-08 22:20:00,2024,7,Monday,22,35.077015,-89.98536,Possible Injury,Pedestrian,Not Intersection-On Roadway Not In Crosswalk,OtherLocation,Dark-Lighted,Not Collision with Motor Vehicle in Transport,Pedestrian,1,True,,,,,,,2286.633436834996,INTERSTATE 240 W,0.1619882140171191,65.0,4,TF,MEMPHIS,SHELBY,39852,0.1619882139743399,Interstate (TDOT),interstate_mainline,interstate: MTFCC S1100,INTERSTATE 240 W,True,False,False,Interstate (TDOT),False,,245.7,False,
300964523,2024-07-02,2024-07-02 05:12:00,2024,7,Tuesday,5,35.03549,-90.07004,Possible Injury,Pedestrian,Not Intersection-On Roadway Not In Crosswalk,AccelDecelLane,Dawn,Not Collision with Motor Vehicle in Transport,Pedestrian,1,True,,,,,,,220.5306461153148,W RAINES RD,0.1380641797137379,40.0,5,B,MEMPHIS,SHELBY,49602,0.1380641811197165,City of Memphis,city_residual,city: no state-route overlap,W RAINES RD,False,False,False,City of Memphis,False,16151,258.3,True,
300963795,2024-06-27,2024-06-27 17:30:00,2024,6,Thursday,17,35.223644,-89.94084,Possible Injury,Pedestrian,Intersection-On Roadway not in Crosswalk,AccelDecelLane,Daylight,Not Collision with Motor Vehicle in Transport,Pedestrian,1,True,,,,,,,2409.10719674447,WINDERMERE DR,25.5219314826317,30.0,2,B,MEMPHIS,SHELBY,28102,25.521931482723858,City of Memphis,city_residual,city: no state-route overlap,WINDERMERE DR,False,False,False,City of Memphis,True,,2398.2,True,no_signal_coverage
300967695,2024-07-25,2024-07-25 21:36:00,2024,7,Thursday,21,35.081993,-89.90726,No Injury,Pedestrian,Not Intersection-Outside Traffic,OtherLocation,Dark-Lighted,Not Collision with Motor Vehicle in Transport,Other,2,True,,,,,,,2199.204804738182,E MALLORY AVE,0.1651504257484443,35.0,2,B,MEMPHIS,SHELBY,6269,0.1651504186254841,City of Memphis,city_residual,city: no state-route overlap,E MALLORY AVE,False,False,False,City of Memphis,False,10781,311.7,True,
300971566,2024-08-18,2024-08-18 18:00:00,2024,8,Sunday,18,35.04808,-89.783615,No Injury,Pedestrian,Not Intersection-Other Not On Roadway,Intersection-Related,Dawn,Not Collision with Motor Vehicle in Transport,Other,2,True,,,,,,,2268.738191550204,WINCHESTER RD,0.1534467158975944,45.0,6,B,MEMPHIS,SHELBY,49024,0.1534467144868636,City of Memphis,city_residual,city: no state-route overlap,WINCHESTER RD,False,False,False,City of Memphis,False,1862,19.2,True,
300968928,2024-08-01,2024-08-01 21:05:00,2024,8,Thursday,21,35.205276,-89.92339,No Injury,Pedestrian,Not Intersection-On Roadway Not In Crosswalk,AccelDecelLane,Dark-Lighted,Angle,Other,1,True,AUSTIN PEAY HWY,Principal Arterial,50.0,3.0,14,7.0,1.5950928516287195,AUSTIN PEAY HWY TO JAMES RD,0.0068261768349574,45.0,1,FT,MEMPHIS,SHELBY,36473,0.0068261768349574,Interstate ramp (TDOT),interstate_ramp,interstate ramp: MTFCC S1630,AUSTIN PEAY HWY TO JAMES RD,True,False,False,Interstate ramp,False,1711,18.4,True,
300951942,2024-04-14,2024-04-14 04:44:00,2024,4,Sunday,4,35.175112,-89.836434,Fatal,Pedestrian,Not Intersection-On Roadway Crosswalk not Available,Non-Junction,Dark-Lighted,Not Collision with Motor Vehicle in Transport,Pedestrian,1,True,,,,,,,2020.39163879198,INTERSTATE 40 E,0.0439886704702204,65.0,4,FT,MEMPHIS,SHELBY,39688,0.0439886746452365,Interstate (TDOT),interstate_mainline,interstate: MTFCC S1100,INTERSTATE 40 E,True,False,False,Interstate (TDOT),False,,102.2,False,
300970808,2024-08-16,2024-08-16 14:00:00,2024,8,Friday,14,35.11656,-90.0116,Suspected Minor Injury,Pedestrian,Not Intersection-On Roadway Not In Crosswalk,Non-Junction,Daylight,Not Collision with Motor Vehicle in Transport,Pedestrian,1,True,,,,,,,598.1700437669451,SOUTHERN AVE,2.635836631102121,35.0,2,B,MEMPHIS,SHELBY,7512,2.6358366322437097,City of Memphis,city_residual,city: no state-route overlap,SOUTHERN AVE,False,False,False,City of Memphis,False,,661.4,False,
300970818,2024-08-15,2024-08-15 20:50:00,2024,8,Thursday,20,35.209625,-90.0328,Possible Injury,Pedestrian,Intersection-On Roadway not in Crosswalk,Intersection-Related,Dark-Lighted,Not Collision with Motor Vehicle in Transport,Pedestrian,1,True,THOMAS ST,,40.0,2.0,3,7.0,9.778451288269387,THOMAS ST,10.868680176638607,40.0,2,B,MEMPHIS,SHELBY,46522,10.868680177057646,TDOT state route,state_route_overlap,"state route: 100% overlap, name=THOMAS",THOMAS ST,False,False,False,TDOT state route,True,24759,14.4,False,yes
300970302,2024-08-12,2024-08-12 22:42:00,2024,8,Monday,22,35.10955,-90.021736,Possible Injury,Pedestrian,Intersection-Unknown,AccelDecelLane,Dark-Lighted,Not Collision with Motor Vehicle in Transport,Pedestrian,1,True,ELVIS PRESLEY BLVD,Minor Arterial,35.0,5.0,3,4.0,1.237786142674003,S PARKWAY E,0.1733265864097564,35.0,5,B,MEMPHIS,SHELBY,53274,0.1733265836232891,City of Memphis,city_residual,city: no state-route overlap,S PARKWAY E,False,False,False,City of Memphis,True,12037,297.0,False,no
300970303,2024-08-10,2024-08-10 22:19:00,2024,8,Saturday,22,35.104996,-89.97768,Suspected Serious Injury,Pedestrian,Intersection-Unknown,Intersection-Related,Dark-Unknown Lighting,Not Collision with Motor Vehicle in Transport,Pedestrian,1,True,,,,,,,412.588649164278,HAMILTON ST,14.81295674828971,30.0,2,B,MEMPHIS,SHELBY,82564,14.812956749147698,City of Memphis,city_residual,city: no state-route overlap,HAMILTON ST,False,False,False,City of Memphis,True,9107,627.2,False,no_signal_coverage
300968870,2024-08-02,2024-08-02 22:08:00,2024,8,Friday,22,35.086304,-90.044525,Possible Injury,Pedestrian,Intersection-On Roadway Crosswalk Not Available,AccelDecelLane,Dark-Lighted,Not Collision with Motor Vehicle in Transport,Pedestrian,1,True,,,,,,,1115.726817258338,S LAUDERDALE ST,0.1463817709990942,30.0,2,B,MEMPHIS,SHELBY,82179,0.1463817710299568,City of Memphis,city_residual,city: no state-route overlap,S LAUDERDALE ST,False,False,False,City of Memphis,True,10803,1101.4,False,no
300971420,2024-08-19,2024-08-19 18:15:00,2024,8,Monday,18,35.093723,-90.0005,Possible Injury,Pedestrian,Intersection-On Roadway Crosswalk Not Available,Intersection,Dusk,Not Collision with Motor Vehicle in Transport,Pedestrian,1,True,,,,,,,1606.4207459804727,FREEMONT AVE,21.08852797797241,30.0,2,B,MEMPHIS,SHELBY,4072,21.08852797721448,City of Memphis,city_residual,city: no state-route overlap,FREEMONT AVE,False,False,False,City of Memphis,True,,1178.5,True,no_signal_coverage
300970509,2024-08-14,2024-08-14 07:12:00,2024,8,Wednesday,7,35.133705,-90.02085,Possible Injury,Pedestrian,Intersection-On Roadway Crosswalk Not Available,Intersection-Related,Daylight,Not Collision with Motor Vehicle in Transport,Pedestrian,2,True,S BELLEVUE BLVD,Major Collector,35.0,4.0,3,6.0,4.433141582969639,VANCE AVE,0.1732423161219605,30.0,2,B,MEMPHIS,SHELBY,3723,0.1732423161219605,City of Memphis,city_residual,city: no state-route overlap,VANCE AVE,False,False,True,City of Memphis,True,23447,404.6,False,no
300945956,2024-03-13,2024-03-13 19:42:00,2024,3,Wednesday,19,35.140537,-90.04451,Fatal,Pedestrian,Intersection-In Crosswalk,Intersection-Related,Dark-Lighted,Not Collision with Motor Vehicle in Transport,Pedestrian,1,True,UNION AVE,Principal Arterial,35.0,5.0,3,6.0,29.499375520466515,UNION AVE,25.18761880767729,35.0,5,B,MEMPHIS,SHELBY,46631,25.187618808711346,TDOT state route,state_route_overlap,"state route: 100% overlap, name=UNION",UNION AVE,False,False,False,TDOT state route,True,,78.8,True,no_signal_coverage
300968900,2024-08-02,2024-08-02 20:30:00,2024,8,Friday,20,35.08632,-90.05957,Possible Injury,Pedestrian,Intersection-On Roadway not in Crosswalk,Non-Junction,Dark-Lighted,Not Collision with Motor Vehicle in Transport,Pedestrian,1,True,,,,,,,251.2605904316292,E MALLORY AVE,28.458961539288847,40.0,2,B,MEMPHIS,SHELBY,50813,28.45896153714163,City of Memphis,city_residual,city: no state-route overlap,E MALLORY AVE,False,False,False,City of Memphis,True,,240.8,True,no_signal_coverage
300970010,2024-08-10,2024-08-10 18:35:00,2024,8,Saturday,18,35.157948,-89.97601,Suspected Minor Injury,Pedestrian,Intersection-In Crosswalk,Intersection,Daylight,Not Collision with Motor Vehicle in Transport,Pedestrian,1,True,JACKSON AVE,Principal Arterial,40.0,5.0,14,7.0,4.687374335873462,JACKSON AVE,0.0281101457726732,40.0,5,B,MEMPHIS,SHELBY,46906,0.0281101457591768,TDOT state route,state_route_overlap,"state route: 100% overlap, name=JACKSON",JACKSON AVE,False,False,False,TDOT state route,True,16705,15.7,False,yes
300970867,2024-08-17,2024-08-17 01:05:00,2024,8,Saturday,1,35.14318,-90.0071,Suspected Serious Injury,Pedestrian,Intersection-On Roadway Crosswalk Not Available,Non-Junction,Dark-Lighted,Not Collision with Motor Vehicle in Transport,Pedestrian,1,True,,,,,,,796.8431547070909,N AVALON ST,0.2038070825810626,35.0,2,B,MEMPHIS,SHELBY,84121,0.2038070825810626,City of Memphis,city_residual,city: no state-route overlap,N AVALON ST,False,False,False,City of Memphis,True,20391,0.6,False,yes
300970029,2024-08-10,2024-08-10 17:25:00,2024,8,Saturday,17,35.049774,-89.80829,Unknown,Pedestrian,Intersection-On Roadway not in Crosswalk,Intersection,Daylight,Not Collision with Motor Vehicle in Transport,Pedestrian,1,True,,,,,,,84.64405862219898,WINCHESTER RD,2.074910249715213,45.0,7,B,MEMPHIS,SHELBY,52565,2.0749102468941047,City of Memphis,city_residual,city: no state-route overlap,WINCHESTER RD,False,False,False,City of Memphis,True,,79.8,True,no_signal_coverage
300967438,2024-07-23,2024-07-23 23:45:00,2024,7,Tuesday,23,35.15863,-90.02266,Suspected Serious Injury,Pedestrian,Not Intersection-Outside Traffic,OtherLocation,Dark-Lighted,Not Collision with Motor Vehicle in Transport,Pedestrian,1,True,,,,,,,106.42063113960236,BREEDLOVE ST,32.794284169107364,35.0,2,B,MEMPHIS,SHELBY,80903,32.794284169107364,City of Memphis,city_residual,city: no state-route overlap,BREEDLOVE ST,False,False,False,City of Memphis,False,,98.2,False,
300969896,2024-08-09,2024-08-09 19:00:00,2024,8,Friday,19,35.177944,-89.97201,Possible Injury,Pedestrian,Intersection-Not on Roadway,Intersection-Related,Dark-Lighted,Not Collision with Motor Vehicle in Transport,Pedestrian,1,True,,,,,,,2134.5570713470024,PERES AVE,19.570946866861,30.0,2,B,MEMPHIS,SHELBY,4523,19.570946863643623,City of Memphis,city_residual,city: no state-route overlap,PERES AVE,False,False,False,City of Memphis,True,,1377.2,True,no_signal_coverage
300967848,2024-07-26,2024-07-26 11:22:00,2024,7,Friday,11,35.216988,-89.89398,Suspected Minor Injury,Pedestrian,Not Intersection-On Roadway Not In Crosswalk,Intersection-Related,Daylight,Not Collision with Motor Vehicle in Transport,Pedestrian,1,True,,,,,,,32.37975351168325,COVINGTON PIKE,32.00747888461126,40.0,5,B,MEMPHIS,SHELBY,46577,32.00747888457999,TDOT state route,state_route_overlap,"state route: 100% overlap, name=COVINGTON",COVINGTON PIKE,False,False,False,TDOT state route,False,,75.4,False,
300969114,2024-08-04,2024-08-04 03:00:00,2024,8,Sunday,3,35.162937,-89.97888,No Injury,Pedestrian,Unknown,Non-Junction,Dark-Lighted,HeadOn,Other,1,True,,,,,,,550.6648890691614,VOLLINTINE AVE,22.25626559079964,30.0,2,B,MEMPHIS,SHELBY,4421,22.25626559079964,City of Memphis,city_residual,city: no state-route overlap,VOLLINTINE AVE,False,False,False,City of Memphis,False,,560.4,False,
300969904,2024-08-09,2024-08-09 20:00:00,2024,8,Friday,20,35.108456,-89.98326,No Injury,Pedestrian,Not Intersection-Outside Traffic,OtherLocation,Dark-Lighted,Not Collision with Motor Vehicle in Transport,Pedestrian,1,True,,,,,,,149.98880460599625,PARK AVE,0.1461006470338209,35.0,4,B,MEMPHIS,SHELBY,51017,0.1461006470487938,City of Memphis,city_residual,city: no state-route overlap,PARK AVE,False,False,False,City of Memphis,False,12254,149.0,True,
300967111,2024-07-21,2024-07-21 01:35:00,2024,7,Sunday,1,35.138626,-90.06045,Possible Injury,Pedestrian,Not Intersection-In Crosswalk,AccelDecelLane,Dark-Lighted,Angle,Other,1,True,,,,,,,491.7691006145479,RIVERSIDE DR,14.718332491675982,40.0,2,TF,MEMPHIS,SHELBY,52939,14.718332491058645,City of Memphis,city_residual,city: no state-route overlap,RIVERSIDE DR,False,False,False,City of Memphis,False,,486.4,False,
300971495,2024-08-21,2024-08-21 06:24:00,2024,8,Wednesday,6,35.16227,-89.93924,Possible Injury,Other Non-Motorist,Not Intersection-Unknown,Intersection-Related,Daylight,Not Collision with Motor Vehicle in Transport,Other,2,True,,,,,,,1054.9646316760386,HOMER ST,25.2647405996924,30.0,4,B,MEMPHIS,SHELBY,51309,25.26474059974406,City of Memphis,city_residual,city: no state-route overlap,HOMER ST,False,False,False,City of Memphis,False,,1295.9,False,
300970597,2024-08-14,2024-08-14 22:54:00,2024,8,Wednesday,22,35.13471,-89.84028,Suspected Minor Injury,Pedestrian,Not Intersection-Outside Traffic,Non-Junction,Dark-Not Lighted,Other,Other,2,True,,,,,,,2537.73409388812,FARM RD,2.825373027613081,30.0,2,B,MEMPHIS,SHELBY,76697,2.8253730261126826,City of Memphis,city_residual,city: no state-route overlap,FARM RD,False,False,False,City of Memphis,False,12549,1881.8,True,
300973105,2024-08-31,2024-08-31 05:10:00,2024,8,Saturday,5,35.19543,-89.91103,Possible Injury,Pedestrian,Not Intersection-Other Not On Roadway,Intersection,Dark-Lighted,Not Collision with Motor Vehicle in Transport,Other,2,True,,,,,,,1187.1704210787248,PRINCE RUPERT LN,11.545701460657863,30.0,2,B,MEMPHIS,SHELBY,44037,11.545701459752983,City of Memphis,city_residual,city: no state-route overlap,PRINCE RUPERT LN,False,False,False,City of Memphis,False,22546,1167.1,True,
300971925,2024-08-23,2024-08-23 23:25:00,2024,8,Friday,23,35.0354,-90.07322,Possible Injury,Pedestrian,Intersection-On Roadway Crosswalk availability Unknown,Intersection,Dark-Lighted,Not Collision with Motor Vehicle in Transport,Pedestrian,1,True,S THIRD ST,Principal Arterial,45.0,7.0,14,6.0,2.8878023057792417,W RAINES RD,0.1707080604144986,40.0,5,B,MEMPHIS,SHELBY,49594,0.1707080604195693,City of Memphis,city_residual,city: no state-route overlap,W RAINES RD,False,False,True,City of Memphis,True,23736,17.9,False,yes
300971928,2024-08-23,2024-08-23 00:40:00,2024,8,Friday,0,35.16229,-89.794426,Possible Injury,Pedestrian,Intersection-In Crosswalk,Intersection-Related,Dark-Lighted,Not Collision with Motor Vehicle in Transport,Pedestrian,1,True,,,,,,,31.772871879528367,CLUB PKWY,12.252544991571812,30.0,2,B,MEMPHIS,SHELBY,54691,12.252544991312687,City of Memphis,city_residual,city: no state-route overlap,CLUB PKWY,False,False,False,City of Memphis,True,,15.3,True,no_signal_coverage
300975278,2024-09-14,2024-09-14 19:28:00,2024,9,Saturday,19,35.164803,-89.946724,Suspected Serious Injury,Pedestrian,Intersection-On Roadway not in Crosswalk,Non-Junction,Unknown,Not Collision with Motor Vehicle in Transport,Pedestrian,1,True,,,,,,,389.78245880938977,FARMVILLE AVE,0.2489324577945318,30.0,2,B,MEMPHIS,SHELBY,5716,0.2489324590122451,City of Memphis,city_residual,city: no state-route overlap,FARMVILLE AVE,False,False,False,City of Memphis,True,12583,589.9,False,no_signal_coverage
300972694,2024-08-29,2024-08-29 05:49:00,2024,8,Thursday,5,35.10671,-90.01998,Suspected Minor Injury,Pedestrian,Not Intersection-Outside Traffic,Non-Junction,Dawn,Not Collision with Motor Vehicle in Transport,Pedestrian,1,True,,,,,,,103.4347779771336,KERR AVE,17.33095834829946,35.0,3,B,MEMPHIS,SHELBY,5122,17.330958348225508,City of Memphis,city_residual,city: no state-route overlap,KERR AVE,False,False,False,City of Memphis,False,17308,112.8,True,
300974452,2024-09-09,2024-09-09 19:40:00,2024,9,Monday,19,35.1287,-89.94882,Possible Injury,Pedestrian,Intersection-On Roadway not in Crosswalk,OtherLocation,Dark-Lighted,Not Collision with Motor Vehicle in Transport,Pedestrian,1,True,POPLAR AVE,Principal Arterial,40.0,7.0,57,5.0,4.918306560119413,POPLAR AVE,0.5472754278858034,40.0,7,B,MEMPHIS,SHELBY,47046,0.5472754292365765,TDOT state route,state_route_overlap,"state route: 100% overlap, name=POPLAR",POPLAR AVE,False,False,False,TDOT state route,True,22401,13.6,False,yes
300975295,2024-09-14,2024-09-14 23:48:00,2024,9,Saturday,23,35.13769,-89.99966,Possible Injury,Pedestrian,Intersection-On Roadway Crosswalk availability Unknown,Intersection-Related,Dark-Lighted,Not Collision with Motor Vehicle in Transport,Pedestrian,1,True,,,,,,,276.3487674694834,MADISON AVE,0.637793895042207,35.0,3,B,MEMPHIS,SHELBY,50548,0.6377938992424577,City of Memphis,city_residual,city: no state-route overlap,MADISON AVE,False,False,False,City of Memphis,True,18920,281.9,False,no
300975111,2024-09-12,2024-09-12 20:14:00,2024,9,Thursday,20,35.058693,-89.933174,Suspected Minor Injury,Pedestrian,Intersection-On Roadway not in Crosswalk,Intersection-Related,Dark-Lighted,Not Collision with Motor Vehicle in Transport,Pedestrian,1,True,,,,,,,71.474751628288,OLD GETWELL RD,57.93053963627809,30.0,2,B,MEMPHIS,SHELBY,71148,57.93053963544221,City of Memphis,city_residual,city: no state-route overlap,OLD GETWELL RD,False,False,False,City of Memphis,True,,134.3,True,no_signal_coverage
300973688,2024-09-04,2024-09-04 14:59:00,2024,9,Wednesday,14,35.02095,-90.025215,Possible Injury,Pedestrian,Intersection-Unknown,Intersection,Daylight,Not Collision with Motor Vehicle in Transport,Pedestrian,1,True,ELVIS PRESLEY BLVD,Principal Arterial,40.0,5.0,3,6.0,0.3361220512907629,E SHELBY DR,0.3520372956163912,45.0,5,B,MEMPHIS,SHELBY,49711,0.3520372928002308,TDOT state route,state_route_overlap,"state route: 100% overlap, name=E SHELBY",E SHELBY DR,False,False,False,TDOT state route,True,11214,418.4,False,no
300975133,2024-09-13,2024-09-13 06:31:00,2024,9,Friday,6,35.02075,-89.95456,Possible Injury,Pedestrian,Not Intersection-Outside Traffic,AccelDecelLane,Dawn,Angle,Other,1,True,E SHELBY DR,Principal Arterial,45.0,7.0,175,3.0,4.893115308724101,E SHELBY DR,0.2083187965123855,45.0,7,B,MEMPHIS,SHELBY,46397,0.208318793670918,TDOT state route,state_route_overlap,"state route: 100% overlap, name=E SHELBY",E SHELBY DR,False,False,False,TDOT state route,False,11209,26.3,True,
300913448,2023-09-26,2023-09-26 22:21:00,2023,9,Tuesday,22,35.084354,-90.01838,Fatal,Pedestrian,Intersection-On Roadway Crosswalk Not Available,Intersection,Dark-Lighted,Not Collision with Motor Vehicle in Transport,Pedestrian,1,True,ELVIS PRESLEY BLVD,Minor Arterial,40.0,4.0,3,4.0,9.090103912004704,E DEMPSTER AVE,3.6422694456682447,30.0,2,B,MEMPHIS,SHELBY,5117,3.642269445742399,City of Memphis,city_residual,city: no state-route overlap,E DEMPSTER AVE,False,False,True,City of Memphis,True,10415,116.8,False,no
300929514,2023-12-12,2023-12-12 21:44:00,2023,12,Tuesday,21,35.220623,-89.92425,Fatal,Pedestrian,Not Intersection-On Roadway Crosswalk not Available,Non-Junction,Dark-Lighted,Not Collision with Motor Vehicle in Transport,Pedestrian,1,True,,,,,,,1024.5228533295403,YALE RD,15.271023255755168,40.0,5,B,MEMPHIS,SHELBY,49995,15.271023257251606,City of Memphis,city_residual,city: no state-route overlap,YALE RD,False,False,False,City of Memphis,False,,1016.6,False,
300974088,2024-09-06,2024-09-06 21:12:00,2024,9,Friday,21,35.17402,-89.930855,Possible Injury,Pedestrian,Not Intersection-On Roadway Not In Crosswalk,Non-Junction,Dark-Lighted,Not Collision with Motor Vehicle in Transport,Pedestrian,1,True,,,,,,,739.9258167461591,TENNYSON RD,16.42631528997473,30.0,2,B,MEMPHIS,SHELBY,76968,16.426315290055882,City of Memphis,city_residual,city: no state-route overlap,TENNYSON RD,False,False,False,City of Memphis,False,21704,734.9,True,
300974094,2024-09-07,2024-09-07 12:40:00,2024,9,Saturday,12,35.100353,-89.96597,No Injury,Pedestrian,Not Intersection-Outside Traffic,Intersection,Daylight,Not Collision with Motor Vehicle in Transport,Other,1,True,,,,,,,653.269381474727,HAYNES ST,22.477781756190243,30.0,2,B,MEMPHIS,SHELBY,82700,22.477781756271117,City of Memphis,city_residual,city: no state-route overlap,HAYNES ST,False,False,False,City of Memphis,False,,671.5,False,
300975310,2024-09-15,2024-09-15 00:43:00,2024,9,Sunday,0,35.009132,-90.12243,No Injury,Pedestrian,Not Intersection-Other Not On Roadway,OtherLocation,Dark-Lighted,Not Collision with Motor Vehicle in Transport,Other,1,True,,,,,,,1113.5884618443167,VALDAZ RD,0.202839472454615,30.0,2,B,MEMPHIS,SHELBY,71604,0.2028394716468134,City of Memphis,city_residual,city: no state-route overlap,VALDAZ RD,False,False,False,City of Memphis,False,14863,1379.7,True,
300956445,2024-05-09,2024-05-09 18:21:00,2024,5,Thursday,18,35.054134,-90.02041,Fatal,Pedestrian,Not Intersection-On Roadway Crosswalk not Available,Non-Junction,Daylight,Not Collision with Motor Vehicle in Transport,Pedestrian,1,True,,,,,,,418.86811076527886,WINCHESTER RD,0.4783021473390226,40.0,7,B,MEMPHIS,SHELBY,53319,0.4783021498862612,City of Memphis,city_residual,city: no state-route overlap,WINCHESTER RD,False,False,False,City of Memphis,False,25083,401.7,True,
300975158,2024-09-13,2024-09-13 19:12:00,2024,9,Friday,19,35.019917,-90.02595,Suspected Serious Injury,Pedestrian,Not Intersection-On Roadway Not In Crosswalk,"Driveway, Alley Access, etc",Dark-Lighted,Not Collision with Motor Vehicle in Transport,Pedestrian,1,True,,,,,,,66.97338788000434,ELVIS PRESLEY BLVD,67.17427936616549,40.0,5,B,MEMPHIS,SHELBY,46488,67.17427936616248,TDOT state route,state_route_overlap,"state route: 100% overlap, name=ELVIS PRESLEY",ELVIS PRESLEY BLVD,False,False,False,TDOT state route,False,,309.3,False,
300973505,2024-09-03,2024-09-03 17:30:00,2024,9,Tuesday,17,35.093876,-90.02841,Possible Injury,Pedestrian,Not Intersection-On Roadway Not In Crosswalk,AccelDecelLane,Daylight,Not Collision with Motor Vehicle in Transport,Pedestrian,1,True,,,,,,,938.3952018957432,ALICE AVE,25.97532676812412,35.0,2,B,MEMPHIS,SHELBY,5044,25.97532677029616,City of Memphis,city_residual,city: no state-route overlap,ALICE AVE,False,False,False,City of Memphis,False,,1008.9,False,
300972791,2024-08-28,2024-08-28 21:44:00,2024,8,Wednesday,21,35.169334,-90.02194,Suspected Minor Injury,Pedestrian,Intersection-In Crosswalk,Intersection,Dark-Lighted,Not Collision with Motor Vehicle in Transport,Pedestrian,1,True,,,,,,,1236.5446635398405,CHELSEA AVE,11.99220328955144,40.0,5,B,MEMPHIS,SHELBY,50409,11.992203289281829,City of Memphis,city_residual,city: no state-route overlap,CHELSEA AVE,False,False,False,City of Memphis,True,4384,271.9,False,no
300971616,2024-08-21,2024-08-21 18:02:00,2024,8,Wednesday,18,35.10757,-89.94914,Possible Injury,Pedestrian,Not Intersection-Other Not On Roadway,Non-Junction,Daylight,Not Collision with Motor Vehicle in Transport,Pedestrian,1,True,,,,,,,2265.817574422389,PRESCOTT RD,22.62050604762452,30.0,2,B,MEMPHIS,SHELBY,73631,22.62050604762452,City of Memphis,city_residual,city: no state-route overlap,PRESCOTT RD,False,False,False,City of Memphis,False,,2252.8,False,
300975788,2024-09-17,2024-09-17 19:04:00,2024,9,Tuesday,19,35.10532,-89.98565,Possible Injury,Pedestrian,Not Intersection-On Roadway Not In Crosswalk,Intersection,Dark-Lighted,Not Collision with Motor Vehicle in Transport,Pedestrian,1,True,LAMAR AVE,Principal Arterial,40.0,5.0,4,4.0,4.254219725299092,AIRWAYS BLVD,0.4864485508671597,40.0,7,B,MEMPHIS,SHELBY,51014,0.486448549606732,City of Memphis,city_residual,city: no state-route overlap,AIRWAYS BLVD,False,False,False,City of Memphis,False,300,2.5,True,
300973538,2024-09-03,2024-09-03 17:51:00,2024,9,Tuesday,17,35.07211,-89.90497,Possible Injury,Pedestrian,Intersection-Unknown,Intersection-Related,Daylight,Not Collision with Motor Vehicle in Transport,Pedestrian,1,True,,,,,,,2451.9073263340183,JUDY LYNN AVE,40.229161402418725,35.0,2,B,MEMPHIS,SHELBY,2168,40.22916140220151,City of Memphis,city_residual,city: no state-route overlap,JUDY LYNN AVE,False,False,False,City of Memphis,True,,312.0,True,no_signal_coverage